-- phpMyAdmin SQL Dump
-- version 5.2.1
-- https://www.phpmyadmin.net/
--
-- Host: localhost:3306
-- Generation Time: Apr 26, 2024 at 07:00 AM
-- Server version: 8.0.36
-- PHP Version: 8.1.27

SET SQL_MODE = "NO_AUTO_VALUE_ON_ZERO";
START TRANSACTION;
SET time_zone = "+00:00";


/*!40101 SET @OLD_CHARACTER_SET_CLIENT=@@CHARACTER_SET_CLIENT */;
/*!40101 SET @OLD_CHARACTER_SET_RESULTS=@@CHARACTER_SET_RESULTS */;
/*!40101 SET @OLD_COLLATION_CONNECTION=@@COLLATION_CONNECTION */;
/*!40101 SET NAMES utf8mb4 */;

--
-- Database: `mathmsllc_dboard`
--

-- --------------------------------------------------------

--
-- Table structure for table `activity_logs`
--

CREATE TABLE `activity_logs` (
  `id` int NOT NULL,
  `title` text NOT NULL,
  `user` text NOT NULL,
  `ip_address` text NOT NULL,
  `created_at` timestamp NOT NULL DEFAULT CURRENT_TIMESTAMP,
  `updated_at` timestamp NOT NULL DEFAULT CURRENT_TIMESTAMP
) ENGINE=InnoDB DEFAULT CHARSET=latin1;

--
-- Dumping data for table `activity_logs`
--

INSERT INTO `activity_logs` (`id`, `title`, `user`, `ip_address`, `created_at`, `updated_at`) VALUES
(1, 'Role #2 Updated by User: #1', '1', '108.220.103.186', '2024-02-20 16:24:15', '2024-02-20 16:24:15'),
(2, 'New Role #6 Created by User: #1', '1', '108.220.103.186', '2024-02-20 16:25:07', '2024-02-20 16:25:07'),
(3, 'New Role #7 Created by User: #1', '1', '108.220.103.186', '2024-02-20 16:25:26', '2024-02-20 16:25:26'),
(4, 'Company Settings Updated by User: #1', '1', '108.220.103.186', '2024-02-20 16:26:35', '2024-02-20 16:26:35'),
(5, 'Company Settings Updated by User: #1', '1', '108.220.103.186', '2024-02-20 16:26:55', '2024-02-20 16:26:55'),
(6, 'New Permission #21 Created by User: #1', '1', '52.40.100.95', '2024-02-20 18:23:28', '2024-02-20 18:23:28'),
(7, 'Role #1 Updated by User: #1', '1', '52.40.100.95', '2024-02-20 18:23:41', '2024-02-20 18:23:41'),
(8, 'Role #1 Updated by User: #1', '1', '52.40.100.95', '2024-02-20 18:26:52', '2024-02-20 18:26:52'),
(9, 'Role #1 Updated by User: #1', '1', '52.40.100.95', '2024-02-20 18:28:46', '2024-02-20 18:28:46'),
(10, 'Role #1 Updated by User: #1', '1', '52.40.100.95', '2024-02-20 19:42:39', '2024-02-20 19:42:39'),
(11, 'Role #1 Updated by User: #1', '1', '52.40.100.95', '2024-02-20 19:42:54', '2024-02-20 19:42:54'),
(12, 'Role #1 Updated by User: #1', '1', '52.40.100.95', '2024-02-20 19:43:05', '2024-02-20 19:43:05'),
(13, 'Role #1 Updated by User: #1', '1', '52.40.100.95', '2024-02-20 19:43:40', '2024-02-20 19:43:40'),
(14, 'Role #1 Updated by User: #1', '1', '52.40.100.95', '2024-02-20 19:47:37', '2024-02-20 19:47:37'),
(15, 'Permission #21 Updated by User: #1', '1', '52.40.100.95', '2024-02-20 19:49:19', '2024-02-20 19:49:19'),
(16, 'Role #1 Updated by User: #1', '1', '52.40.100.95', '2024-02-20 19:50:01', '2024-02-20 19:50:01'),
(17, 'Company Settings Updated by User: #1', '1', '108.220.103.186', '2024-02-21 03:13:57', '2024-02-21 03:13:57'),
(18, 'Company Settings Updated by User: #1', '1', '108.220.103.186', '2024-02-21 03:14:18', '2024-02-21 03:14:18'),
(19, 'Company Settings Updated by User: #1', '1', '108.220.103.186', '2024-02-21 03:14:35', '2024-02-21 03:14:35'),
(20, 'New Permission #22 Created by User: #1', '1', '108.220.103.186', '2024-02-21 03:15:07', '2024-02-21 03:15:07'),
(21, 'New Permission #23 Created by User: #1', '1', '108.220.103.186', '2024-02-21 03:15:28', '2024-02-21 03:15:28'),
(22, 'Role #1 Updated by User: #1', '1', '108.220.103.186', '2024-02-21 03:17:13', '2024-02-21 03:17:13'),
(23, 'Role #1 Updated by User: #1', '1', '108.220.103.186', '2024-02-21 03:18:05', '2024-02-21 03:18:05'),
(24, 'Role #1 Updated by User: #1', '1', '108.220.103.186', '2024-02-21 03:19:44', '2024-02-21 03:19:44'),
(25, 'Role #1 Updated by User: #1', '1', '108.220.103.186', '2024-02-21 03:20:03', '2024-02-21 03:20:03'),
(26, 'Role #1 Updated by User: #1', '1', '108.220.103.186', '2024-02-21 03:20:43', '2024-02-21 03:20:43'),
(27, 'Role #1 Updated by User: #1', '1', '108.220.103.186', '2024-02-21 03:23:35', '2024-02-21 03:23:35'),
(28, 'Role #1 Updated by User: #1', '1', '108.220.103.186', '2024-02-21 03:23:52', '2024-02-21 03:23:52'),
(29, 'Role #1 Updated by User: #1', '1', '108.220.103.186', '2024-02-21 03:24:12', '2024-02-21 03:24:12'),
(30, 'Role #1 Updated by User: #1', '1', '108.220.103.186', '2024-02-21 03:24:20', '2024-02-21 03:24:20'),
(31, 'Role #1 Updated by User: #1', '1', '108.220.103.186', '2024-02-21 03:25:52', '2024-02-21 03:25:52'),
(32, 'Role #1 Updated by User: #1', '1', '108.220.103.186', '2024-02-21 03:26:05', '2024-02-21 03:26:05'),
(33, 'Role #1 Updated by User: #1', '1', '108.220.103.186', '2024-02-21 03:26:21', '2024-02-21 03:26:21'),
(34, 'Role #1 Updated by User: #1', '1', '108.220.103.186', '2024-02-21 03:26:39', '2024-02-21 03:26:39'),
(35, 'New User $9 Created by User:Gregory Pratt', '1', '108.220.103.186', '2024-02-21 04:42:04', '2024-02-21 04:42:04'),
(36, 'New User $10 Created by User:Gregory Pratt', '1', '108.220.103.186', '2024-02-21 04:44:03', '2024-02-21 04:44:03'),
(37, 'New User $11 Created by User:Gregory Pratt', '1', '108.220.103.186', '2024-02-21 04:55:08', '2024-02-21 04:55:08'),
(38, 'New User $ Created by User:Gregory Pratt', '1', '108.220.103.186', '2024-02-21 04:58:08', '2024-02-21 04:58:08'),
(39, 'New User $ Created by User:Gregory Pratt', '1', '108.220.103.186', '2024-02-21 05:01:41', '2024-02-21 05:01:41'),
(40, 'New User $12 Created by User:Gregory Pratt', '1', '108.220.103.186', '2024-02-21 05:06:10', '2024-02-21 05:06:10'),
(41, 'New User $13 Created by User:Gregory Pratt', '1', '108.220.103.186', '2024-02-21 05:43:46', '2024-02-21 05:43:46'),
(42, 'New User $14 Created by User:Gregory Pratt', '1', '108.220.103.186', '2024-02-21 05:45:55', '2024-02-21 05:45:55'),
(43, 'User #13 Deleted by User:Gregory Pratt', '1', '108.220.103.186', '2024-02-21 05:50:14', '2024-02-21 05:50:14'),
(44, 'User #14 Deleted by User:Gregory Pratt', '1', '108.220.103.186', '2024-02-21 05:50:17', '2024-02-21 05:50:17'),
(45, 'New User $15 Created by User:Gregory Pratt', '1', '108.220.103.186', '2024-02-21 05:50:45', '2024-02-21 05:50:45'),
(46, 'New User $16 Created by User:Gregory Pratt', '1', '108.220.103.186', '2024-02-21 05:51:31', '2024-02-21 05:51:31'),
(47, 'New User $17 Created by User:Gregory Pratt', '1', '108.220.103.186', '2024-02-21 06:55:12', '2024-02-21 06:55:12'),
(48, 'Role #1 Updated by User: #1', '1', '108.220.103.186', '2024-02-21 15:00:15', '2024-02-21 15:00:15'),
(49, 'Role #1 Updated by User: #1', '1', '108.220.103.186', '2024-02-21 15:00:29', '2024-02-21 15:00:29'),
(50, 'Role #1 Updated by User: #1', '1', '108.220.103.186', '2024-02-21 15:00:58', '2024-02-21 15:00:58'),
(51, 'Role #1 Updated by User: #1', '1', '108.220.103.186', '2024-02-21 15:01:14', '2024-02-21 15:01:14'),
(52, 'Role #1 Updated by User: #1', '1', '108.220.103.186', '2024-02-21 15:04:12', '2024-02-21 15:04:12'),
(53, 'Role #1 Updated by User: #1', '1', '108.220.103.186', '2024-02-21 15:04:52', '2024-02-21 15:04:52'),
(54, 'Role #1 Updated by User: #1', '1', '108.220.103.186', '2024-02-21 15:05:26', '2024-02-21 15:05:26'),
(55, 'Role #1 Updated by User: #1', '1', '108.220.103.186', '2024-02-21 15:05:46', '2024-02-21 15:05:46'),
(56, 'New Permission #24 Created by User: #1', '1', '108.220.103.186', '2024-02-21 15:06:20', '2024-02-21 15:06:20'),
(57, 'Permission #24 Updated by User: #1', '1', '108.220.103.186', '2024-02-21 15:16:08', '2024-02-21 15:16:08'),
(58, 'Role #1 Updated by User: #1', '1', '108.220.103.186', '2024-02-21 15:16:53', '2024-02-21 15:16:53'),
(59, 'Role #1 Updated by User: #1', '1', '108.220.103.186', '2024-02-21 15:17:17', '2024-02-21 15:17:17'),
(60, 'Role #1 Updated by User: #1', '1', '108.220.103.186', '2024-02-21 15:18:07', '2024-02-21 15:18:07'),
(61, 'Role #1 Updated by User: #1', '1', '108.220.103.186', '2024-02-21 15:18:25', '2024-02-21 15:18:25'),
(62, 'Role #1 Updated by User: #1', '1', '108.220.103.186', '2024-02-21 15:28:49', '2024-02-21 15:28:49'),
(63, 'Role #1 Updated by User: #1', '1', '108.220.103.186', '2024-02-21 15:31:09', '2024-02-21 15:31:09'),
(64, 'Role #1 Updated by User: #1', '1', '108.220.103.186', '2024-02-21 15:33:47', '2024-02-21 15:33:47'),
(65, 'Role #1 Updated by User: #1', '1', '108.220.103.186', '2024-02-21 15:34:00', '2024-02-21 15:34:00'),
(66, 'Role #1 Updated by User: #1', '1', '108.220.103.186', '2024-02-21 15:34:10', '2024-02-21 15:34:10'),
(67, 'New Permission #25 Created by User: #1', '1', '108.220.103.186', '2024-02-21 16:35:15', '2024-02-21 16:35:15'),
(68, 'Role #1 Updated by User: #1', '1', '108.220.103.186', '2024-02-21 16:39:23', '2024-02-21 16:39:23'),
(69, 'Role #1 Updated by User: #1', '1', '108.220.103.186', '2024-02-21 17:29:49', '2024-02-21 17:29:49'),
(70, 'Role #1 Updated by User: #1', '1', '108.220.103.186', '2024-02-21 17:32:42', '2024-02-21 17:32:42'),
(71, 'User #1 Updated by User:Gregory Pratt', '1', '108.220.103.186', '2024-02-21 18:07:22', '2024-02-21 18:07:22'),
(72, 'Role #5 Updated by User: #1', '1', '108.220.103.186', '2024-02-21 18:07:49', '2024-02-21 18:07:49'),
(73, 'Role #5 Updated by User: #1', '1', '108.220.103.186', '2024-02-21 18:08:06', '2024-02-21 18:08:06'),
(74, 'Role #5 Updated by User: #1', '1', '108.220.103.186', '2024-02-21 18:09:00', '2024-02-21 18:09:00'),
(75, 'Role #5 Updated by User: #1', '1', '108.220.103.186', '2024-02-21 18:09:08', '2024-02-21 18:09:08'),
(76, 'Role #5 Updated by User: #1', '1', '108.220.103.186', '2024-02-21 18:09:50', '2024-02-21 18:09:50'),
(77, 'Role #5 Updated by User: #1', '1', '108.220.103.186', '2024-02-21 18:10:08', '2024-02-21 18:10:08'),
(78, 'User #1 Updated by User:', '1', '174.197.4.74', '2024-02-21 23:40:47', '2024-02-21 23:40:47'),
(79, 'User #1 Updated by User:', '1', '108.220.103.186', '2024-02-22 06:01:53', '2024-02-22 06:01:53'),
(80, 'New Permission #26 Created by User: #1', '1', '108.220.103.186', '2024-02-22 19:35:28', '2024-02-22 19:35:28'),
(81, 'New Permission #27 Created by User: #1', '1', '108.220.103.186', '2024-02-22 19:35:41', '2024-02-22 19:35:41'),
(82, 'New Permission #28 Created by User: #1', '1', '108.220.103.186', '2024-02-22 19:35:53', '2024-02-22 19:35:53'),
(83, 'Permission #26 Updated by User: #1', '1', '108.220.103.186', '2024-02-22 19:36:13', '2024-02-22 19:36:13'),
(84, 'New Permission #29 Created by User: #1', '1', '108.220.103.186', '2024-02-22 19:42:42', '2024-02-22 19:42:42'),
(85, 'Role #1 Updated by User: #1', '1', '108.220.103.186', '2024-02-22 19:45:34', '2024-02-22 19:45:34'),
(86, 'Role #1 Updated by User: #1', '1', '108.220.103.186', '2024-02-22 19:46:36', '2024-02-22 19:46:36'),
(87, 'Role #1 Updated by User: #1', '1', '108.220.103.186', '2024-02-22 19:56:48', '2024-02-22 19:56:48'),
(88, 'Permission #29 Updated by User: #1', '1', '108.220.103.186', '2024-02-22 20:07:58', '2024-02-22 20:07:58'),
(89, 'Role #1 Updated by User: #1', '1', '108.220.103.186', '2024-02-22 20:18:28', '2024-02-22 20:18:28'),
(90, 'Role #1 Updated by User: #1', '1', '108.220.103.186', '2024-02-22 20:22:16', '2024-02-22 20:22:16'),
(91, 'New Permission #30 Created by User: #1', '1', '52.40.100.95', '2024-02-22 20:51:41', '2024-02-22 20:51:41'),
(92, 'Role #1 Updated by User: #1', '1', '52.40.100.95', '2024-02-22 20:57:41', '2024-02-22 20:57:41'),
(93, 'Role #1 Updated by User: #1', '1', '52.40.100.95', '2024-02-22 20:58:47', '2024-02-22 20:58:47'),
(94, 'Role #1 Updated by User: #1', '1', '52.40.100.95', '2024-02-22 21:02:48', '2024-02-22 21:02:48'),
(95, 'Role #1 Updated by User: #1', '1', '52.40.100.95', '2024-02-22 21:03:29', '2024-02-22 21:03:29'),
(96, 'Role #1 Updated by User: #1', '1', '52.40.100.95', '2024-02-22 21:04:05', '2024-02-22 21:04:05'),
(97, 'Role #1 Updated by User: #1', '1', '52.40.100.95', '2024-02-22 23:42:45', '2024-02-22 23:42:45'),
(98, 'Role #1 Updated by User: #1', '1', '52.40.100.95', '2024-02-22 23:43:02', '2024-02-22 23:43:02'),
(99, 'Role #1 Updated by User: #1', '1', '52.40.100.95', '2024-02-22 23:43:29', '2024-02-22 23:43:29'),
(100, 'Role #1 Updated by User: #1', '1', '52.40.100.95', '2024-02-22 23:44:30', '2024-02-22 23:44:30'),
(101, 'Role #1 Updated by User: #1', '1', '52.40.100.95', '2024-02-22 23:44:52', '2024-02-22 23:44:52'),
(102, 'Role #1 Updated by User: #1', '1', '52.40.100.95', '2024-02-22 23:45:17', '2024-02-22 23:45:17'),
(103, 'Role #1 Updated by User: #1', '1', '52.40.100.95', '2024-02-22 23:45:35', '2024-02-22 23:45:35'),
(104, 'Role #1 Updated by User: #1', '1', '52.40.100.95', '2024-02-22 23:46:00', '2024-02-22 23:46:00'),
(105, 'Role #1 Updated by User: #1', '1', '52.40.100.95', '2024-02-22 23:47:17', '2024-02-22 23:47:17'),
(106, 'Role #1 Updated by User: #1', '1', '52.40.100.95', '2024-02-22 23:52:37', '2024-02-22 23:52:37'),
(107, 'Role #1 Updated by User: #1', '1', '52.40.100.95', '2024-02-22 23:53:09', '2024-02-22 23:53:09'),
(108, 'New Permission #31 Created by User: #1', '1', '52.40.100.95', '2024-02-22 23:55:31', '2024-02-22 23:55:31'),
(109, 'Role #1 Updated by User: #1', '1', '52.40.100.95', '2024-02-22 23:55:44', '2024-02-22 23:55:44'),
(110, 'Role #1 Updated by User: #1', '1', '52.40.100.95', '2024-02-22 23:56:14', '2024-02-22 23:56:14'),
(111, 'Role #1 Updated by User: #1', '1', '52.40.100.95', '2024-02-22 23:56:22', '2024-02-22 23:56:22'),
(112, 'Role #1 Updated by User: #1', '1', '52.40.100.95', '2024-02-22 23:58:28', '2024-02-22 23:58:28'),
(113, 'Role #1 Updated by User: #1', '1', '52.40.100.95', '2024-02-22 23:58:46', '2024-02-22 23:58:46'),
(114, 'Permission #31 Updated by User: #1', '1', '52.40.100.95', '2024-02-22 23:59:04', '2024-02-22 23:59:04'),
(115, 'Role #1 Updated by User: #1', '1', '52.40.100.95', '2024-02-23 00:07:06', '2024-02-23 00:07:06'),
(116, 'Role #1 Updated by User: #1', '1', '52.40.100.95', '2024-02-23 00:07:22', '2024-02-23 00:07:22'),
(117, 'Role #1 Updated by User: #1', '1', '52.40.100.95', '2024-02-23 00:07:41', '2024-02-23 00:07:41'),
(118, 'Role #1 Updated by User: #1', '1', '52.40.100.95', '2024-02-23 00:13:01', '2024-02-23 00:13:01'),
(119, 'Role #1 Updated by User: #1', '1', '52.40.100.95', '2024-02-23 00:13:35', '2024-02-23 00:13:35'),
(120, 'Role #1 Updated by User: #1', '1', '52.40.100.95', '2024-02-23 00:44:33', '2024-02-23 00:44:33'),
(121, 'Role #1 Updated by User: #1', '1', '52.40.100.95', '2024-02-23 00:49:28', '2024-02-23 00:49:28'),
(122, 'Role #1 Updated by User: #1', '1', '52.40.100.95', '2024-02-23 01:35:58', '2024-02-23 01:35:58'),
(123, 'Role #1 Updated by User: #1', '1', '52.40.100.95', '2024-02-23 01:36:12', '2024-02-23 01:36:12'),
(124, 'Company Settings Updated by User: #1', '1', '52.40.100.95', '2024-02-23 01:41:43', '2024-02-23 01:41:43'),
(125, 'Company Settings Updated by User: #1', '1', '52.40.100.95', '2024-02-23 01:41:56', '2024-02-23 01:41:56'),
(126, 'Company Settings Updated by User: #1', '1', '52.40.100.95', '2024-02-23 01:42:17', '2024-02-23 01:42:17'),
(127, 'Company Settings Updated by User: #1', '1', '108.220.103.186', '2024-02-24 01:58:08', '2024-02-24 01:58:08'),
(128, 'Company Settings Updated by User: #1', '1', '108.220.103.186', '2024-02-24 02:19:37', '2024-02-24 02:19:37'),
(129, 'Role #1 Updated by User: #1', '1', '108.220.103.186', '2024-02-26 09:48:00', '2024-02-26 09:48:00'),
(130, 'Role #1 Updated by User: #1', '1', '108.220.103.186', '2024-02-26 09:48:22', '2024-02-26 09:48:22'),
(131, 'User #1 changed the password !', '0', '52.40.100.95', '2024-03-06 03:40:46', '2024-03-06 03:40:46'),
(132, 'New User $18 Created by User:', '1', '103.15.57.4', '2024-03-11 07:12:07', '2024-03-11 07:12:07'),
(133, 'New Permission #32 Created by User: #1', '1', '103.15.57.4', '2024-03-11 07:26:27', '2024-03-11 07:26:27'),
(134, 'Permission #32 Updated by User: #1', '1', '103.15.57.4', '2024-03-11 07:26:46', '2024-03-11 07:26:46'),
(135, 'Role #1 Updated by User: #1', '1', '103.15.57.4', '2024-03-11 07:27:26', '2024-03-11 07:27:26'),
(136, 'Role #1 Updated by User: #1', '1', '103.15.57.4', '2024-03-11 07:27:50', '2024-03-11 07:27:50'),
(137, 'Role #1 Updated by User: #1', '1', '103.15.57.4', '2024-03-11 11:19:10', '2024-03-11 11:19:10'),
(138, 'User #1 Updated by User:', '1', '103.15.57.4', '2024-03-11 11:19:40', '2024-03-11 11:19:40'),
(139, 'Role #2 Updated by User: #1', '1', '103.15.57.4', '2024-03-11 11:20:30', '2024-03-11 11:20:30'),
(140, 'Role #2 Updated by User: #1', '1', '103.15.57.4', '2024-03-11 11:20:42', '2024-03-11 11:20:42'),
(141, 'Role #1 Updated by User: #1', '1', '103.15.57.4', '2024-03-11 11:20:58', '2024-03-11 11:20:58'),
(142, 'Company Settings Updated by User: #1', '1', '112.140.191.50', '2024-03-12 06:07:51', '2024-03-12 06:07:51'),
(143, 'Company Settings Updated by User: #1', '1', '112.140.191.50', '2024-03-12 06:16:32', '2024-03-12 06:16:32'),
(144, 'Company Settings Updated by User: #1', '1', '112.140.191.50', '2024-03-12 06:17:15', '2024-03-12 06:17:15'),
(145, 'Company Settings Updated by User: #1', '1', '112.140.191.50', '2024-03-12 06:22:19', '2024-03-12 06:22:19'),
(146, 'Company Settings Updated by User: #1', '1', '112.140.191.50', '2024-03-12 06:22:26', '2024-03-12 06:22:26'),
(147, 'Company Settings Updated by User: #1', '1', '103.15.58.8', '2024-03-13 05:18:44', '2024-03-13 05:18:44'),
(148, 'Company Settings Updated by User: #1', '1', '103.15.58.8', '2024-03-13 06:51:09', '2024-03-13 06:51:09'),
(149, 'User #1 Updated by User:', '1', '108.220.103.186', '2024-03-15 15:00:03', '2024-03-15 15:00:03'),
(150, 'Company Settings Updated by User: #1', '1', '108.220.103.186', '2024-03-15 22:43:24', '2024-03-15 22:43:24'),
(151, 'Company Settings Updated by User: #1', '1', '108.220.103.186', '2024-03-15 23:54:57', '2024-03-15 23:54:57'),
(152, 'Company Settings Updated by User: #1', '1', '108.220.103.186', '2024-03-15 23:56:07', '2024-03-15 23:56:07'),
(153, 'Company Settings Updated by User: #1', '1', '108.220.103.186', '2024-03-15 23:56:32', '2024-03-15 23:56:32'),
(154, 'Company Settings Updated by User: #1', '1', '108.220.103.186', '2024-03-15 23:58:10', '2024-03-15 23:58:10'),
(155, 'New Permission #33 Created by User: #1', '1', '108.220.103.186', '2024-03-16 02:00:56', '2024-03-16 02:00:56'),
(156, 'New Permission #34 Created by User: #1', '1', '108.220.103.186', '2024-03-16 02:01:30', '2024-03-16 02:01:30'),
(157, 'Permission #33 Updated by User: #1', '1', '108.220.103.186', '2024-03-16 02:01:44', '2024-03-16 02:01:44'),
(158, 'New Permission #35 Created by User: #1', '1', '108.220.103.186', '2024-03-16 02:02:32', '2024-03-16 02:02:32'),
(159, 'Role #1 Updated by User: #1', '1', '108.220.103.186', '2024-03-16 02:07:12', '2024-03-16 02:07:12'),
(160, 'Role #1 Updated by User: #1', '1', '108.220.103.186', '2024-03-16 02:09:23', '2024-03-16 02:09:23'),
(161, 'Permission #35 Updated by User: #1', '1', '108.220.103.186', '2024-03-16 02:14:06', '2024-03-16 02:14:06'),
(162, 'Role #1 Updated by User: #1', '1', '108.220.103.186', '2024-03-16 02:14:21', '2024-03-16 02:14:21'),
(163, 'Role #1 Updated by User: #1', '1', '108.220.103.186', '2024-03-16 02:14:35', '2024-03-16 02:14:35'),
(164, 'Role #1 Updated by User: #1', '1', '108.220.103.186', '2024-03-16 02:15:01', '2024-03-16 02:15:01'),
(165, 'Role #1 Updated by User: #1', '1', '108.220.103.186', '2024-03-16 02:15:13', '2024-03-16 02:15:13'),
(166, 'Permission #35 Updated by User: #1', '1', '108.220.103.186', '2024-03-16 02:15:29', '2024-03-16 02:15:29'),
(167, 'Role #1 Updated by User: #1', '1', '108.220.103.186', '2024-03-16 02:17:38', '2024-03-16 02:17:38'),
(168, 'Role #1 Updated by User: #1', '1', '108.220.103.186', '2024-03-16 02:18:06', '2024-03-16 02:18:06'),
(169, 'Role #1 Updated by User: #1', '1', '108.220.103.186', '2024-03-16 03:10:26', '2024-03-16 03:10:26'),
(170, 'Role #1 Updated by User: #1', '1', '108.220.103.186', '2024-03-16 03:11:34', '2024-03-16 03:11:34'),
(171, 'Role #1 Updated by User: #1', '1', '108.220.103.186', '2024-03-16 03:18:34', '2024-03-16 03:18:34'),
(172, 'Role #1 Updated by User: #1', '1', '108.220.103.186', '2024-03-16 03:21:55', '2024-03-16 03:21:55'),
(173, 'New User $21 Created by User:', '1', '108.220.103.186', '2024-03-16 03:47:44', '2024-03-16 03:47:44'),
(174, 'User #19 Deleted by User:', '1', '108.220.103.186', '2024-03-16 03:48:36', '2024-03-16 03:48:36'),
(175, 'Company Settings Updated by User: #1', '1', '108.220.103.186', '2024-03-16 16:58:14', '2024-03-16 16:58:14'),
(176, 'Company Settings Updated by User: #1', '1', '108.220.103.186', '2024-03-16 17:03:51', '2024-03-16 17:03:51'),
(177, 'Company Settings Updated by User: #1', '1', '108.220.103.186', '2024-03-16 17:04:31', '2024-03-16 17:04:31'),
(178, 'New Permission #36 Created by User: #1', '1', '108.220.103.186', '2024-03-17 00:27:22', '2024-03-17 00:27:22'),
(179, 'Role #1 Updated by User: #1', '1', '108.220.103.186', '2024-03-17 00:27:31', '2024-03-17 00:27:31'),
(180, 'Company Settings Updated by User: #1', '1', '108.220.103.186', '2024-03-17 14:09:38', '2024-03-17 14:09:38'),
(181, 'Company Settings Updated by User: #1', '1', '108.220.103.186', '2024-03-17 14:12:13', '2024-03-17 14:12:13'),
(182, 'New Permission #37 Created by User: #1', '1', '108.220.103.186', '2024-03-17 15:28:50', '2024-03-17 15:28:50'),
(183, 'Role #1 Updated by User: #1', '1', '108.220.103.186', '2024-03-17 15:31:55', '2024-03-17 15:31:55'),
(184, 'New Permission #38 Created by User: #1', '1', '108.220.103.186', '2024-03-17 15:34:10', '2024-03-17 15:34:10'),
(185, 'New Permission #39 Created by User: #1', '1', '108.220.103.186', '2024-03-17 15:34:27', '2024-03-17 15:34:27'),
(186, 'Permission #39 Deleted by User: #1', '1', '108.220.103.186', '2024-03-17 15:35:06', '2024-03-17 15:35:06'),
(187, 'Permission #38 Updated by User: #1', '1', '108.220.103.186', '2024-03-17 15:35:32', '2024-03-17 15:35:32'),
(188, 'User #1 Updated by User:', '1', '108.220.103.186', '2024-03-17 16:24:04', '2024-03-17 16:24:04'),
(189, 'User #1 Updated by User:', '1', '108.220.103.186', '2024-03-17 16:24:56', '2024-03-17 16:24:56'),
(190, 'Role #2 Updated by User: #1', '1', '108.220.103.186', '2024-03-17 16:25:37', '2024-03-17 16:25:37'),
(191, 'User #1 Updated by User:', '1', '108.220.103.186', '2024-03-17 16:28:38', '2024-03-17 16:28:38'),
(192, 'User #1 Updated by User:', '1', '108.220.103.186', '2024-03-17 16:28:58', '2024-03-17 16:28:58'),
(193, 'User #1 Updated by User:', '15', '108.220.103.186', '2024-03-17 16:30:52', '2024-03-17 16:30:52'),
(194, 'User #1 Updated by User:', '1', '108.220.103.186', '2024-03-17 16:32:44', '2024-03-17 16:32:44'),
(195, 'User #1 Updated by User:', '1', '108.220.103.186', '2024-03-17 16:33:29', '2024-03-17 16:33:29'),
(196, 'User #1 Updated by User:', '1', '108.220.103.186', '2024-03-17 16:35:34', '2024-03-17 16:35:34'),
(197, 'User #1 Updated by User:', '1', '108.220.103.186', '2024-03-17 16:36:00', '2024-03-17 16:36:00'),
(198, 'User #1 Updated by User:', '1', '108.220.103.186', '2024-03-17 16:36:10', '2024-03-17 16:36:10'),
(199, 'New User $22 Created by User:', '1', '108.220.103.186', '2024-03-17 16:39:24', '2024-03-17 16:39:24'),
(200, 'User #1 Updated by User:', '1', '108.220.103.186', '2024-03-17 16:39:51', '2024-03-17 16:39:51'),
(201, 'User #1 Updated by User:', '1', '108.220.103.186', '2024-03-17 17:14:52', '2024-03-17 17:14:52'),
(202, 'New Permission #40 Created by User: #1', '1', '108.220.103.186', '2024-03-17 20:18:02', '2024-03-17 20:18:02'),
(203, 'New Permission #41 Created by User: #1', '1', '108.220.103.186', '2024-03-17 20:18:22', '2024-03-17 20:18:22'),
(204, 'Permission #41 Updated by User: #1', '1', '108.220.103.186', '2024-03-17 20:18:42', '2024-03-17 20:18:42'),
(205, 'Role #1 Updated by User: #1', '1', '108.220.103.186', '2024-03-17 20:24:43', '2024-03-17 20:24:43'),
(206, 'Role #1 Updated by User: #1', '1', '108.220.103.186', '2024-03-17 20:25:13', '2024-03-17 20:25:13'),
(207, 'Role #1 Updated by User: #1', '1', '108.220.103.186', '2024-03-17 20:36:25', '2024-03-17 20:36:25'),
(208, 'User #1 Updated by User:', '1', '108.220.103.186', '2024-03-17 20:46:55', '2024-03-17 20:46:55'),
(209, 'Role #1 Updated by User: #1', '1', '108.220.103.186', '2024-03-17 20:59:44', '2024-03-17 20:59:44'),
(210, 'Permission #41 Updated by User: #1', '1', '108.220.103.186', '2024-03-17 21:02:12', '2024-03-17 21:02:12'),
(211, 'Permission #40 Updated by User: #1', '1', '108.220.103.186', '2024-03-17 21:03:06', '2024-03-17 21:03:06'),
(212, 'Permission #36 Updated by User: #1', '1', '108.220.103.186', '2024-03-17 21:03:22', '2024-03-17 21:03:22'),
(213, 'User #15 Updated by User:', '1', '108.220.103.186', '2024-03-17 21:04:11', '2024-03-17 21:04:11'),
(214, 'Role #1 Updated by User: #1', '1', '108.220.103.186', '2024-03-17 21:07:54', '2024-03-17 21:07:54'),
(215, 'Role #1 Updated by User: #1', '1', '108.220.103.186', '2024-03-17 21:08:06', '2024-03-17 21:08:06'),
(216, 'User #1 Updated by User:', '1', '108.220.103.186', '2024-03-17 21:08:36', '2024-03-17 21:08:36'),
(217, 'User #15 Updated by User:', '1', '108.220.103.186', '2024-03-17 21:08:50', '2024-03-17 21:08:50'),
(218, 'Role #1 Updated by User: #1', '1', '108.220.103.186', '2024-03-17 21:44:58', '2024-03-17 21:44:58'),
(219, 'Role #1 Updated by User: #1', '1', '108.220.103.186', '2024-03-17 21:45:23', '2024-03-17 21:45:23'),
(220, 'User #18 Updated by User:', '1', '108.220.103.186', '2024-03-17 21:46:01', '2024-03-17 21:46:01'),
(221, 'User #18 Updated by User:', '1', '108.220.103.186', '2024-03-17 21:47:24', '2024-03-17 21:47:24'),
(222, 'User #15 Updated by User:', '1', '108.220.103.186', '2024-03-17 21:54:35', '2024-03-17 21:54:35'),
(223, 'User #15 Updated by User:', '1', '108.220.103.186', '2024-03-17 22:06:51', '2024-03-17 22:06:51'),
(224, 'User #1 Updated by User:', '1', '108.220.103.186', '2024-03-17 22:14:29', '2024-03-17 22:14:29'),
(225, 'User #15 Updated by User:', '1', '108.220.103.186', '2024-03-17 22:18:17', '2024-03-17 22:18:17'),
(226, 'Role #1 Updated by User: #1', '1', '108.220.103.186', '2024-03-17 22:51:06', '2024-03-17 22:51:06'),
(227, 'New Permission #42 Created by User: #1', '1', '108.220.103.186', '2024-03-17 22:55:44', '2024-03-17 22:55:44'),
(228, 'Role #1 Updated by User: #1', '1', '108.220.103.186', '2024-03-17 22:55:55', '2024-03-17 22:55:55'),
(229, 'User #15 Updated by User:', '1', '108.220.103.186', '2024-03-18 01:43:49', '2024-03-18 01:43:49'),
(230, 'User #15 Updated by User:', '1', '108.220.103.186', '2024-03-18 01:44:17', '2024-03-18 01:44:17'),
(231, 'Company Settings Updated by User: #1', '1', '103.15.58.5', '2024-03-18 12:11:54', '2024-03-18 12:11:54'),
(232, 'Company Settings Updated by User: #1', '1', '103.15.58.5', '2024-03-18 12:16:11', '2024-03-18 12:16:11'),
(233, 'Company Settings Updated by User: #1', '1', '103.15.58.5', '2024-03-18 12:16:29', '2024-03-18 12:16:29'),
(234, 'Company Settings Updated by User: #1', '1', '103.15.58.5', '2024-03-18 12:20:16', '2024-03-18 12:20:16'),
(235, 'Company Settings Updated by User: #1', '1', '103.15.58.5', '2024-03-18 12:20:32', '2024-03-18 12:20:32'),
(236, 'Company Settings Updated by User: #1', '1', '103.15.58.5', '2024-03-18 12:20:41', '2024-03-18 12:20:41'),
(237, 'Company Settings Updated by User: #1', '1', '103.15.58.5', '2024-03-18 12:20:50', '2024-03-18 12:20:50'),
(238, 'Company Settings Updated by User: #1', '1', '103.15.58.5', '2024-03-18 12:20:57', '2024-03-18 12:20:57'),
(239, 'Company Settings Updated by User: #1', '1', '103.15.58.5', '2024-03-18 12:21:14', '2024-03-18 12:21:14'),
(240, 'Company Settings Updated by User: #1', '1', '103.15.58.5', '2024-03-18 12:21:22', '2024-03-18 12:21:22'),
(241, 'Company Settings Updated by User: #1', '1', '103.15.58.5', '2024-03-18 12:22:17', '2024-03-18 12:22:17'),
(242, 'Company Settings Updated by User: #1', '1', '103.15.58.5', '2024-03-18 12:22:43', '2024-03-18 12:22:43'),
(243, 'Company Settings Updated by User: #1', '1', '103.15.58.5', '2024-03-18 12:27:04', '2024-03-18 12:27:04'),
(244, 'Company Settings Updated by User: #1', '1', '103.15.58.5', '2024-03-18 12:33:52', '2024-03-18 12:33:52'),
(245, 'Company Settings Updated by User: #1', '1', '103.15.58.5', '2024-03-18 12:34:03', '2024-03-18 12:34:03'),
(246, 'Company Settings Updated by User: #1', '1', '103.15.58.5', '2024-03-18 12:34:11', '2024-03-18 12:34:11'),
(247, 'Company Settings Updated by User: #1', '1', '103.15.58.5', '2024-03-18 12:34:34', '2024-03-18 12:34:34'),
(248, 'Company Settings Updated by User: #1', '1', '103.15.58.5', '2024-03-18 12:35:15', '2024-03-18 12:35:15'),
(249, 'Company Settings Updated by User: #1', '1', '103.15.58.5', '2024-03-18 12:35:32', '2024-03-18 12:35:32'),
(250, 'Company Settings Updated by User: #1', '1', '103.15.58.5', '2024-03-18 12:35:50', '2024-03-18 12:35:50'),
(251, 'Company Settings Updated by User: #1', '1', '103.15.58.5', '2024-03-18 12:37:14', '2024-03-18 12:37:14'),
(252, 'Company Settings Updated by User: #1', '1', '103.15.58.5', '2024-03-18 12:37:27', '2024-03-18 12:37:27'),
(253, 'Company Settings Updated by User: #1', '1', '103.15.58.5', '2024-03-18 12:37:34', '2024-03-18 12:37:34'),
(254, 'Company Settings Updated by User: #1', '1', '103.15.58.5', '2024-03-18 12:37:52', '2024-03-18 12:37:52'),
(255, 'Company Settings Updated by User: #1', '1', '103.15.58.5', '2024-03-18 12:38:02', '2024-03-18 12:38:02'),
(256, 'Company Settings Updated by User: #1', '1', '103.15.58.5', '2024-03-18 12:38:16', '2024-03-18 12:38:16'),
(257, 'Company Settings Updated by User: #1', '1', '103.15.58.5', '2024-03-18 12:38:24', '2024-03-18 12:38:24'),
(258, 'Company Settings Updated by User: #1', '1', '103.15.58.5', '2024-03-18 12:45:29', '2024-03-18 12:45:29'),
(259, 'Company Settings Updated by User: #1', '1', '103.15.58.5', '2024-03-18 12:45:52', '2024-03-18 12:45:52'),
(260, 'Company Settings Updated by User: #1', '1', '103.15.58.5', '2024-03-18 12:46:07', '2024-03-18 12:46:07'),
(261, 'Company Settings Updated by User: #1', '1', '103.15.58.5', '2024-03-18 12:46:18', '2024-03-18 12:46:18'),
(262, 'Company Settings Updated by User: #1', '1', '103.15.58.5', '2024-03-18 12:48:41', '2024-03-18 12:48:41'),
(263, 'Company Settings Updated by User: #1', '1', '103.15.58.5', '2024-03-18 12:48:53', '2024-03-18 12:48:53'),
(264, 'Company Settings Updated by User: #1', '1', '103.15.58.5', '2024-03-18 12:49:35', '2024-03-18 12:49:35'),
(265, 'Company Settings Updated by User: #1', '1', '103.15.58.5', '2024-03-18 12:49:56', '2024-03-18 12:49:56'),
(266, 'User #17 Updated by User:', '1', '108.220.103.186', '2024-03-19 17:38:13', '2024-03-19 17:38:13'),
(267, 'Role #2 Updated by User: #1', '1', '108.220.103.186', '2024-03-19 17:40:38', '2024-03-19 17:40:38'),
(268, 'Role #2 Updated by User: #1', '1', '108.220.103.186', '2024-03-19 17:41:24', '2024-03-19 17:41:24'),
(269, 'Role #2 Updated by User: #1', '1', '108.220.103.186', '2024-03-19 17:42:33', '2024-03-19 17:42:33'),
(270, 'Role #2 Updated by User: #1', '1', '108.220.103.186', '2024-03-19 17:43:57', '2024-03-19 17:43:57'),
(271, 'Role #2 Updated by User: #1', '1', '52.40.100.95', '2024-03-20 00:33:49', '2024-03-20 00:33:49'),
(272, 'User #18 Updated by User:', '1', '103.15.58.16', '2024-03-20 09:50:06', '2024-03-20 09:50:06'),
(273, 'User #18 Updated by User:', '1', '103.15.58.16', '2024-03-20 09:51:08', '2024-03-20 09:51:08'),
(274, 'User #18 Updated by User:', '18', '103.15.58.16', '2024-03-20 09:52:01', '2024-03-20 09:52:01'),
(275, 'New Permission #43 Created by User: #1', '1', '108.220.103.186', '2024-03-21 10:41:00', '2024-03-21 10:41:00'),
(276, 'Role #1 Updated by User: #1', '1', '108.220.103.186', '2024-03-21 10:55:30', '2024-03-21 10:55:30'),
(277, 'Role #2 Updated by User: #1', '1', '108.220.103.186', '2024-03-21 10:57:25', '2024-03-21 10:57:25'),
(278, 'Role #2 Updated by User: #1', '1', '108.220.103.186', '2024-03-21 11:00:38', '2024-03-21 11:00:38'),
(279, 'Role #2 Updated by User: #1', '1', '108.220.103.186', '2024-03-21 11:00:54', '2024-03-21 11:00:54'),
(280, 'Permission #43 Updated by User: #1', '1', '108.220.103.186', '2024-03-21 11:02:09', '2024-03-21 11:02:09'),
(281, 'New Permission #44 Created by User: #1', '1', '108.220.103.186', '2024-03-21 11:03:00', '2024-03-21 11:03:00'),
(282, 'Role #1 Updated by User: #1', '1', '108.220.103.186', '2024-03-21 11:04:57', '2024-03-21 11:04:57'),
(283, 'Role #1 Updated by User: #1', '1', '108.220.103.186', '2024-03-21 11:05:08', '2024-03-21 11:05:08'),
(284, 'New Permission #45 Created by User: #1', '1', '108.220.103.186', '2024-03-21 11:58:40', '2024-03-21 11:58:40'),
(285, 'User #15 Updated by User:', '1', '108.220.103.186', '2024-03-21 12:07:41', '2024-03-21 12:07:41'),
(286, 'Role #2 Updated by User: #1', '1', '108.220.103.186', '2024-03-21 12:10:09', '2024-03-21 12:10:09'),
(287, 'Role #2 Updated by User: #1', '1', '108.220.103.186', '2024-03-21 12:10:31', '2024-03-21 12:10:31'),
(288, 'Role #2 Updated by User: #1', '1', '108.220.103.186', '2024-03-21 12:10:57', '2024-03-21 12:10:57'),
(289, 'Role #2 Updated by User: #1', '1', '108.220.103.186', '2024-03-21 12:11:23', '2024-03-21 12:11:23'),
(290, 'New Permission #46 Created by User: #1', '1', '103.20.29.151', '2024-03-21 12:16:18', '2024-03-21 12:16:18'),
(291, 'New Permission #47 Created by User: #1', '1', '103.20.29.151', '2024-03-21 12:17:00', '2024-03-21 12:17:00'),
(292, 'Role #1 Updated by User: #1', '1', '103.20.29.151', '2024-03-21 12:18:04', '2024-03-21 12:18:04'),
(293, 'Role #2 Updated by User: #1', '1', '108.220.103.186', '2024-03-21 12:18:48', '2024-03-21 12:18:48'),
(294, 'Role #2 Updated by User: #1', '1', '108.220.103.186', '2024-03-21 12:19:24', '2024-03-21 12:19:24'),
(295, 'Role #2 Updated by User: #1', '1', '108.220.103.186', '2024-03-21 12:31:43', '2024-03-21 12:31:43'),
(296, 'Role #2 Updated by User: #1', '1', '108.220.103.186', '2024-03-21 12:32:01', '2024-03-21 12:32:01'),
(297, 'Role #2 Updated by User: #1', '1', '108.220.103.186', '2024-03-21 12:32:24', '2024-03-21 12:32:24'),
(298, 'Permission #27 Updated by User: #1', '1', '108.220.103.186', '2024-03-21 12:36:14', '2024-03-21 12:36:14'),
(299, 'Role #1 Updated by User: #18', '18', '103.20.29.151', '2024-03-21 12:41:13', '2024-03-21 12:41:13'),
(300, 'Role #1 Updated by User: #18', '18', '103.20.29.151', '2024-03-21 12:41:42', '2024-03-21 12:41:42'),
(301, 'Role #1 Updated by User: #18', '18', '103.20.29.151', '2024-03-21 12:41:59', '2024-03-21 12:41:59'),
(302, 'Role #1 Updated by User: #18', '18', '103.20.29.151', '2024-03-21 12:42:18', '2024-03-21 12:42:18'),
(303, 'User #18 Updated by User:', '18', '103.20.29.151', '2024-03-21 12:43:53', '2024-03-21 12:43:53'),
(304, 'User #18 Updated by User:', '18', '103.20.29.151', '2024-03-21 12:45:14', '2024-03-21 12:45:14'),
(305, 'User #18 Updated by User:', '18', '103.20.29.151', '2024-03-21 12:45:55', '2024-03-21 12:45:55'),
(306, 'User #18 Updated by User:', '18', '103.20.29.151', '2024-03-21 12:47:01', '2024-03-21 12:47:01'),
(307, 'User #18 Updated by User:', '18', '103.20.29.151', '2024-03-21 12:47:24', '2024-03-21 12:47:24'),
(308, 'User #18 Updated by User:', '18', '103.20.29.151', '2024-03-21 12:50:24', '2024-03-21 12:50:24'),
(309, 'Role #1 Updated by User: #18', '18', '103.20.29.151', '2024-03-21 12:52:49', '2024-03-21 12:52:49'),
(310, 'Role #1 Updated by User: #18', '18', '103.20.29.151', '2024-03-21 12:55:15', '2024-03-21 12:55:15'),
(311, 'Role #1 Updated by User: #18', '18', '103.20.29.151', '2024-03-21 12:55:42', '2024-03-21 12:55:42'),
(312, 'Role #1 Updated by User: #18', '18', '103.20.29.151', '2024-03-21 12:57:38', '2024-03-21 12:57:38'),
(313, 'Role #1 Updated by User: #18', '18', '103.20.29.151', '2024-03-21 12:59:08', '2024-03-21 12:59:08'),
(314, 'Role #1 Updated by User: #18', '18', '103.20.29.151', '2024-03-21 12:59:27', '2024-03-21 12:59:27'),
(315, 'User #1 Updated by User:', '18', '103.20.29.151', '2024-03-21 12:59:52', '2024-03-21 12:59:52'),
(316, 'User #1 Updated by User:', '18', '103.20.29.151', '2024-03-21 13:00:03', '2024-03-21 13:00:03'),
(317, 'Role #1 Updated by User: #18', '18', '103.20.29.151', '2024-03-21 13:00:35', '2024-03-21 13:00:35'),
(318, 'Role #1 Updated by User: #18', '18', '103.20.29.151', '2024-03-21 13:00:50', '2024-03-21 13:00:50'),
(319, 'Role #1 Updated by User: #18', '18', '103.20.29.151', '2024-03-21 13:02:34', '2024-03-21 13:02:34'),
(320, 'Role #1 Updated by User: #18', '18', '103.20.29.151', '2024-03-21 13:03:14', '2024-03-21 13:03:14'),
(321, 'Role #1 Updated by User: #18', '18', '103.20.29.151', '2024-03-21 13:04:14', '2024-03-21 13:04:14'),
(322, 'Role #1 Updated by User: #18', '18', '103.20.29.151', '2024-03-21 13:04:42', '2024-03-21 13:04:42'),
(323, 'Role #1 Updated by User: #18', '18', '103.20.29.151', '2024-03-21 13:08:03', '2024-03-21 13:08:03'),
(324, 'Role #1 Updated by User: #18', '18', '103.20.29.151', '2024-03-21 13:09:15', '2024-03-21 13:09:15'),
(325, 'Role #1 Updated by User: #18', '18', '103.20.29.151', '2024-03-21 13:10:15', '2024-03-21 13:10:15'),
(326, 'Role #1 Updated by User: #18', '18', '103.20.29.151', '2024-03-21 13:11:02', '2024-03-21 13:11:02'),
(327, 'Role #1 Updated by User: #18', '18', '103.20.29.151', '2024-03-21 13:12:07', '2024-03-21 13:12:07'),
(328, 'Role #1 Updated by User: #18', '18', '103.20.29.151', '2024-03-21 13:18:27', '2024-03-21 13:18:27'),
(329, 'Role #1 Updated by User: #18', '18', '103.20.29.151', '2024-03-21 13:19:43', '2024-03-21 13:19:43'),
(330, 'New Permission #48 Created by User: #1', '1', '108.220.103.186', '2024-03-21 14:46:24', '2024-03-21 14:46:24'),
(331, 'New Permission #49 Created by User: #1', '1', '108.220.103.186', '2024-03-21 14:47:45', '2024-03-21 14:47:45'),
(332, 'Role #1 Updated by User: #1', '1', '108.220.103.186', '2024-03-21 15:09:44', '2024-03-21 15:09:44'),
(333, 'Role #1 Updated by User: #1', '1', '108.220.103.186', '2024-03-21 15:15:22', '2024-03-21 15:15:22'),
(334, 'Role #1 Updated by User: #1', '1', '108.220.103.186', '2024-03-21 15:17:56', '2024-03-21 15:17:56'),
(335, 'Role #1 Updated by User: #1', '1', '108.220.103.186', '2024-03-21 15:20:10', '2024-03-21 15:20:10'),
(336, 'Role #1 Updated by User: #1', '1', '108.220.103.186', '2024-03-21 15:20:20', '2024-03-21 15:20:20'),
(337, 'Role #1 Updated by User: #1', '1', '108.220.103.186', '2024-03-21 15:20:26', '2024-03-21 15:20:26'),
(338, 'Role #1 Updated by User: #1', '1', '108.220.103.186', '2024-03-21 15:24:05', '2024-03-21 15:24:05'),
(339, 'Role #1 Updated by User: #1', '1', '108.220.103.186', '2024-03-21 15:24:38', '2024-03-21 15:24:38'),
(340, 'Role #1 Updated by User: #1', '1', '108.220.103.186', '2024-03-21 15:25:21', '2024-03-21 15:25:21'),
(341, 'User #15 Updated by User:', '1', '108.220.103.186', '2024-03-21 15:34:41', '2024-03-21 15:34:41'),
(342, 'Role #2 Updated by User: #1', '1', '108.220.103.186', '2024-03-21 15:35:18', '2024-03-21 15:35:18'),
(343, 'Role #2 Updated by User: #1', '1', '108.220.103.186', '2024-03-21 15:35:54', '2024-03-21 15:35:54'),
(344, 'Role #2 Updated by User: #1', '1', '108.220.103.186', '2024-03-21 15:36:06', '2024-03-21 15:36:06'),
(345, 'Role #2 Updated by User: #1', '1', '108.220.103.186', '2024-03-21 15:36:21', '2024-03-21 15:36:21'),
(346, 'Role #2 Updated by User: #1', '1', '108.220.103.186', '2024-03-21 15:37:43', '2024-03-21 15:37:43'),
(347, 'Role #2 Updated by User: #1', '1', '108.220.103.186', '2024-03-21 15:39:13', '2024-03-21 15:39:13'),
(348, 'Role #1 Updated by User: #1', '1', '108.220.103.186', '2024-03-21 15:39:57', '2024-03-21 15:39:57'),
(349, 'Permission #49 Updated by User: #1', '1', '108.220.103.186', '2024-03-21 15:46:21', '2024-03-21 15:46:21'),
(350, 'Role #1 Updated by User: #1', '1', '108.220.103.186', '2024-03-21 15:57:08', '2024-03-21 15:57:08'),
(351, 'New Permission #50 Created by User: #1', '1', '52.40.100.95', '2024-03-21 23:34:05', '2024-03-21 23:34:05'),
(352, 'Role #1 Updated by User: #1', '1', '52.40.100.95', '2024-03-21 23:34:25', '2024-03-21 23:34:25'),
(353, 'Role #1 Updated by User: #18', '18', '103.15.58.104', '2024-03-22 05:59:11', '2024-03-22 05:59:11'),
(354, 'Role #1 Updated by User: #18', '18', '103.15.58.104', '2024-03-22 05:59:39', '2024-03-22 05:59:39'),
(355, 'Role #1 Updated by User: #18', '18', '103.15.58.104', '2024-03-22 05:59:53', '2024-03-22 05:59:53'),
(356, 'Role #1 Updated by User: #18', '18', '103.15.58.104', '2024-03-22 06:00:17', '2024-03-22 06:00:17'),
(357, 'Role #1 Updated by User: #18', '18', '103.15.58.104', '2024-03-22 06:00:42', '2024-03-22 06:00:42'),
(358, 'Role #1 Updated by User: #18', '18', '103.15.58.104', '2024-03-22 06:01:10', '2024-03-22 06:01:10'),
(359, 'User #15 Updated by User:', '1', '103.15.58.104', '2024-03-22 08:46:24', '2024-03-22 08:46:24'),
(360, 'User #1 Updated by User:', '1', '108.220.103.186', '2024-03-22 17:00:43', '2024-03-22 17:00:43'),
(361, 'New Permission #51 Created by User: #1', '1', '52.40.100.95', '2024-03-22 20:02:15', '2024-03-22 20:02:15'),
(362, 'Role #1 Updated by User: #1', '1', '52.40.100.95', '2024-03-22 20:02:23', '2024-03-22 20:02:23'),
(363, 'New Permission #52 Created by User: #1', '1', '52.40.100.95', '2024-03-22 21:31:32', '2024-03-22 21:31:32'),
(364, 'Role #1 Updated by User: #1', '1', '52.40.100.95', '2024-03-22 21:31:39', '2024-03-22 21:31:39'),
(365, 'Role #1 Updated by User: #1', '1', '52.40.100.95', '2024-03-22 21:33:39', '2024-03-22 21:33:39'),
(366, 'Role #1 Updated by User: #1', '1', '52.40.100.95', '2024-03-22 21:33:54', '2024-03-22 21:33:54'),
(367, 'Role #1 Updated by User: #1', '1', '52.40.100.95', '2024-03-22 21:34:12', '2024-03-22 21:34:12'),
(368, 'Role #1 Updated by User: #1', '1', '52.40.100.95', '2024-03-22 21:34:24', '2024-03-22 21:34:24'),
(369, 'Role #2 Updated by User: #1', '1', '174.197.21.31', '2024-03-26 17:17:10', '2024-03-26 17:17:10'),
(370, 'Role #2 Updated by User: #1', '1', '174.197.21.31', '2024-03-26 17:18:26', '2024-03-26 17:18:26'),
(371, 'Role #1 Updated by User: #1', '1', '52.40.100.95', '2024-03-27 00:17:21', '2024-03-27 00:17:21'),
(372, 'New User $23 Created by User:', '1', '52.40.100.95', '2024-03-27 00:23:52', '2024-03-27 00:23:52'),
(373, 'New User $24 Created by User:', '1', '52.40.100.95', '2024-03-27 00:26:36', '2024-03-27 00:26:36'),
(374, 'New User $25 Created by User:', '1', '52.40.100.95', '2024-03-27 00:37:43', '2024-03-27 00:37:43'),
(375, 'New User $26 Created by User:', '1', '52.40.100.95', '2024-03-27 00:39:31', '2024-03-27 00:39:31'),
(376, 'New User $27 Created by User:', '1', '52.40.100.95', '2024-03-27 00:42:24', '2024-03-27 00:42:24'),
(377, 'New User $28 Created by User:', '1', '52.40.100.95', '2024-03-27 00:46:15', '2024-03-27 00:46:15'),
(378, 'New User $29 Created by User:', '1', '52.40.100.95', '2024-03-27 00:47:58', '2024-03-27 00:47:58'),
(379, 'New User $30 Created by User:', '1', '52.40.100.95', '2024-03-27 00:52:51', '2024-03-27 00:52:51'),
(380, 'User #30 Deleted by User:', '1', '52.40.100.95', '2024-03-27 01:06:27', '2024-03-27 01:06:27'),
(381, 'User #29 Deleted by User:', '1', '52.40.100.95', '2024-03-27 01:13:18', '2024-03-27 01:13:18'),
(382, 'User #28 Updated by User:', '1', '52.40.100.95', '2024-03-27 01:13:45', '2024-03-27 01:13:45'),
(383, 'User #28 Deleted by User:', '1', '52.40.100.95', '2024-03-27 01:13:58', '2024-03-27 01:13:58'),
(384, 'User #1 Updated by User:', '1', '52.40.100.95', '2024-03-27 01:14:31', '2024-03-27 01:14:31'),
(385, 'User #17 Updated by User:', '1', '52.40.100.95', '2024-03-27 01:14:40', '2024-03-27 01:14:40'),
(386, 'New User $31 Created by User:', '1', '108.220.103.186', '2024-03-27 01:56:41', '2024-03-27 01:56:41'),
(387, 'User #31 Updated by User:', '1', '108.220.103.186', '2024-03-27 03:08:09', '2024-03-27 03:08:09'),
(388, 'New User $32 Created by User:', '1', '108.220.103.186', '2024-03-27 14:29:52', '2024-03-27 14:29:52'),
(389, 'New User $33 Created by User:', '1', '108.220.103.186', '2024-03-27 14:47:48', '2024-03-27 14:47:48'),
(390, 'User #33 Deleted by User:', '1', '108.220.103.186', '2024-03-27 14:47:55', '2024-03-27 14:47:55'),
(391, 'User #32 Deleted by User:', '1', '108.220.103.186', '2024-03-27 14:48:00', '2024-03-27 14:48:00'),
(392, 'User #15 Updated by User:', '1', '108.220.103.186', '2024-03-27 15:51:14', '2024-03-27 15:51:14'),
(393, 'User #15 Updated by User:', '1', '108.220.103.186', '2024-03-27 15:52:10', '2024-03-27 15:52:10'),
(394, 'User #15 Updated by User:', '1', '108.220.103.186', '2024-03-27 15:52:29', '2024-03-27 15:52:29'),
(395, 'User #15 Updated by User:', '1', '108.220.103.186', '2024-03-27 15:52:44', '2024-03-27 15:52:44'),
(396, 'User #15 Updated by User:', '1', '108.220.103.186', '2024-03-27 15:54:40', '2024-03-27 15:54:40'),
(397, 'User #1 Updated by User:', '1', '108.220.103.186', '2024-03-27 16:01:59', '2024-03-27 16:01:59'),
(398, 'Role #2 Updated by User: #1', '1', '108.220.103.186', '2024-03-27 18:32:54', '2024-03-27 18:32:54'),
(399, 'User #18 Updated by User:', '1', '108.220.103.186', '2024-03-27 18:36:18', '2024-03-27 18:36:18'),
(400, 'User #18 Updated by User:', '1', '108.220.103.186', '2024-03-27 18:36:55', '2024-03-27 18:36:55'),
(401, 'User #1 Updated by User:', '1', '108.220.103.186', '2024-03-27 18:37:27', '2024-03-27 18:37:27'),
(402, 'User #18 Updated by User:', '1', '108.220.103.186', '2024-03-27 18:37:39', '2024-03-27 18:37:39'),
(403, 'Role #1 Updated by User: #1', '1', '108.220.103.186', '2024-03-27 21:38:46', '2024-03-27 21:38:46'),
(404, 'Role #1 Updated by User: #1', '1', '108.220.103.186', '2024-03-27 21:39:08', '2024-03-27 21:39:08'),
(405, 'Role #1 Updated by User: #1', '1', '108.220.103.186', '2024-03-27 21:40:28', '2024-03-27 21:40:28'),
(406, 'Role #1 Updated by User: #1', '1', '108.220.103.186', '2024-03-27 21:40:54', '2024-03-27 21:40:54'),
(407, 'Role #1 Updated by User: #1', '1', '108.220.103.186', '2024-03-28 02:33:06', '2024-03-28 02:33:06'),
(408, 'Role #1 Updated by User: #1', '1', '108.220.103.186', '2024-03-28 02:33:48', '2024-03-28 02:33:48'),
(409, 'Role #1 Updated by User: #1', '1', '108.220.103.186', '2024-03-28 02:34:25', '2024-03-28 02:34:25'),
(410, 'User #18 Updated by User:', '1', '108.220.103.186', '2024-03-28 04:27:19', '2024-03-28 04:27:19'),
(411, 'New User $34 Created by User:', '1', '108.220.103.186', '2024-03-28 17:43:13', '2024-03-28 17:43:13'),
(412, 'Permission #38 Updated by User: #1', '1', '108.220.103.186', '2024-03-28 17:47:53', '2024-03-28 17:47:53'),
(413, 'Permission #38 Updated by User: #1', '1', '108.220.103.186', '2024-03-28 17:50:56', '2024-03-28 17:50:56'),
(414, 'Role #1 Updated by User: #1', '1', '108.220.103.186', '2024-03-28 18:01:44', '2024-03-28 18:01:44'),
(415, 'Role #1 Updated by User: #1', '1', '108.220.103.186', '2024-03-28 18:02:02', '2024-03-28 18:02:02'),
(416, 'Role #1 Updated by User: #1', '1', '108.220.103.186', '2024-03-28 18:12:19', '2024-03-28 18:12:19'),
(417, 'Role #1 Updated by User: #1', '1', '108.220.103.186', '2024-03-28 18:12:30', '2024-03-28 18:12:30'),
(418, 'Role #1 Updated by User: #1', '1', '108.220.103.186', '2024-03-28 18:13:54', '2024-03-28 18:13:54'),
(419, 'Role #1 Updated by User: #1', '1', '108.220.103.186', '2024-03-28 18:14:07', '2024-03-28 18:14:07'),
(420, 'Role #1 Updated by User: #1', '1', '108.220.103.186', '2024-03-28 18:14:16', '2024-03-28 18:14:16'),
(421, 'Role #1 Updated by User: #1', '1', '108.220.103.186', '2024-03-28 18:16:59', '2024-03-28 18:16:59'),
(422, 'Role #1 Updated by User: #1', '1', '108.220.103.186', '2024-03-28 18:20:03', '2024-03-28 18:20:03'),
(423, 'Role #1 Updated by User: #1', '1', '108.220.103.186', '2024-03-28 18:26:03', '2024-03-28 18:26:03'),
(424, 'Role #1 Updated by User: #1', '1', '108.220.103.186', '2024-03-28 18:26:10', '2024-03-28 18:26:10'),
(425, 'Role #1 Updated by User: #1', '1', '108.220.103.186', '2024-03-28 18:26:27', '2024-03-28 18:26:27'),
(426, 'Role #1 Updated by User: #1', '1', '108.220.103.186', '2024-03-28 18:28:42', '2024-03-28 18:28:42'),
(427, 'Role #1 Updated by User: #1', '1', '108.220.103.186', '2024-03-28 18:29:41', '2024-03-28 18:29:41'),
(428, 'Role #5 Updated by User: #1', '1', '108.220.103.186', '2024-03-28 23:54:52', '2024-03-28 23:54:52'),
(429, 'User #1 Updated by User:', '1', '108.220.103.186', '2024-03-29 00:42:09', '2024-03-29 00:42:09'),
(430, 'Role #1 Updated by User: #1', '1', '108.220.103.186', '2024-03-29 01:34:29', '2024-03-29 01:34:29'),
(431, 'Role #1 Updated by User: #1', '1', '108.220.103.186', '2024-03-29 01:34:41', '2024-03-29 01:34:41'),
(432, 'New Permission #53 Created by User: #1', '1', '108.220.103.186', '2024-03-29 02:42:00', '2024-03-29 02:42:00'),
(433, 'Role #1 Updated by User: #1', '1', '108.220.103.186', '2024-03-29 02:42:08', '2024-03-29 02:42:08'),
(434, 'Role #1 Updated by User: #1', '1', '108.220.103.186', '2024-03-29 03:57:56', '2024-03-29 03:57:56'),
(435, 'Role #1 Updated by User: #1', '1', '108.220.103.186', '2024-03-29 03:59:44', '2024-03-29 03:59:44'),
(436, 'Role #1 Updated by User: #1', '1', '108.220.103.186', '2024-03-29 03:59:49', '2024-03-29 03:59:49'),
(437, 'Role #1 Updated by User: #1', '1', '108.220.103.186', '2024-03-29 04:06:40', '2024-03-29 04:06:40'),
(438, 'Role #1 Updated by User: #1', '1', '108.220.103.186', '2024-03-29 04:35:27', '2024-03-29 04:35:27'),
(439, 'Role #1 Updated by User: #1', '1', '108.220.103.186', '2024-03-29 04:35:47', '2024-03-29 04:35:47'),
(440, 'Role #1 Updated by User: #1', '1', '108.220.103.186', '2024-03-29 04:40:10', '2024-03-29 04:40:10'),
(441, 'Role #1 Updated by User: #1', '1', '108.220.103.186', '2024-03-29 04:40:39', '2024-03-29 04:40:39'),
(442, 'Role #1 Updated by User: #1', '1', '108.220.103.186', '2024-03-29 04:42:05', '2024-03-29 04:42:05'),
(443, 'Role #1 Updated by User: #1', '1', '108.220.103.186', '2024-03-29 04:42:20', '2024-03-29 04:42:20'),
(444, 'Role #1 Updated by User: #1', '1', '108.220.103.186', '2024-03-29 04:46:09', '2024-03-29 04:46:09'),
(445, 'Role #1 Updated by User: #1', '1', '108.220.103.186', '2024-03-29 04:46:38', '2024-03-29 04:46:38'),
(446, 'Role #1 Updated by User: #1', '1', '108.220.103.186', '2024-03-29 04:48:18', '2024-03-29 04:48:18'),
(447, 'Role #1 Updated by User: #1', '1', '108.220.103.186', '2024-03-29 04:49:16', '2024-03-29 04:49:16'),
(448, 'Role #1 Updated by User: #1', '1', '108.220.103.186', '2024-03-29 04:50:09', '2024-03-29 04:50:09'),
(449, 'Role #1 Updated by User: #1', '1', '108.220.103.186', '2024-03-29 04:55:14', '2024-03-29 04:55:14'),
(450, 'Role #1 Updated by User: #1', '1', '108.220.103.186', '2024-03-29 04:56:55', '2024-03-29 04:56:55'),
(451, 'Role #1 Updated by User: #1', '1', '108.220.103.186', '2024-03-29 05:11:41', '2024-03-29 05:11:41'),
(452, 'Role #1 Updated by User: #1', '1', '108.220.103.186', '2024-03-29 05:11:50', '2024-03-29 05:11:50'),
(453, 'Role #1 Updated by User: #1', '1', '108.220.103.186', '2024-03-29 05:15:28', '2024-03-29 05:15:28'),
(454, 'Role #1 Updated by User: #1', '1', '108.220.103.186', '2024-03-29 05:15:38', '2024-03-29 05:15:38'),
(455, 'Role #1 Updated by User: #1', '1', '108.220.103.186', '2024-03-29 05:16:51', '2024-03-29 05:16:51'),
(456, 'Role #1 Updated by User: #1', '1', '108.220.103.186', '2024-03-29 05:17:01', '2024-03-29 05:17:01'),
(457, 'Role #1 Updated by User: #1', '1', '108.220.103.186', '2024-03-29 05:17:32', '2024-03-29 05:17:32'),
(458, 'Role #1 Updated by User: #1', '1', '108.220.103.186', '2024-03-29 05:17:44', '2024-03-29 05:17:44'),
(459, 'Role #1 Updated by User: #1', '1', '108.220.103.186', '2024-03-29 05:19:14', '2024-03-29 05:19:14'),
(460, 'Role #1 Updated by User: #1', '1', '108.220.103.186', '2024-03-29 05:21:02', '2024-03-29 05:21:02'),
(461, 'Role #1 Updated by User: #1', '1', '108.220.103.186', '2024-03-29 05:21:08', '2024-03-29 05:21:08'),
(462, 'Permission #47 Updated by User: #1', '1', '103.56.182.93', '2024-03-29 10:47:16', '2024-03-29 10:47:16'),
(463, 'Role #1 Updated by User: #1', '1', '103.56.182.93', '2024-03-29 10:50:53', '2024-03-29 10:50:53'),
(464, 'Role #1 Updated by User: #1', '1', '103.56.182.93', '2024-03-29 10:51:11', '2024-03-29 10:51:11'),
(465, 'Role #1 Updated by User: #1', '1', '103.56.182.93', '2024-03-29 10:51:30', '2024-03-29 10:51:30');
INSERT INTO `activity_logs` (`id`, `title`, `user`, `ip_address`, `created_at`, `updated_at`) VALUES
(466, 'Role #1 Updated by User: #1', '1', '103.56.182.93', '2024-03-29 10:51:55', '2024-03-29 10:51:55'),
(467, 'Role #1 Updated by User: #1', '1', '103.56.182.93', '2024-03-29 10:52:54', '2024-03-29 10:52:54'),
(468, 'Role #1 Updated by User: #1', '1', '103.56.182.93', '2024-03-29 10:54:12', '2024-03-29 10:54:12'),
(469, 'Role #1 Updated by User: #18', '18', '103.56.182.93', '2024-03-29 12:05:52', '2024-03-29 12:05:52'),
(470, 'Role #1 Updated by User: #18', '18', '103.56.182.93', '2024-03-29 12:06:11', '2024-03-29 12:06:11'),
(471, 'Role #1 Updated by User: #18', '18', '103.56.182.93', '2024-03-29 12:07:26', '2024-03-29 12:07:26'),
(472, 'Role #1 Updated by User: #18', '18', '103.56.182.93', '2024-03-29 12:08:07', '2024-03-29 12:08:07'),
(473, 'Role #1 Updated by User: #18', '18', '103.56.182.93', '2024-03-29 12:08:33', '2024-03-29 12:08:33'),
(474, 'Role #1 Updated by User: #18', '18', '103.56.182.93', '2024-03-29 12:08:59', '2024-03-29 12:08:59'),
(475, 'Role #1 Updated by User: #18', '18', '103.56.182.93', '2024-03-29 12:09:40', '2024-03-29 12:09:40'),
(476, 'Role #1 Updated by User: #18', '18', '103.56.182.93', '2024-03-29 12:10:04', '2024-03-29 12:10:04'),
(477, 'Role #1 Updated by User: #18', '18', '103.56.182.93', '2024-03-29 12:10:29', '2024-03-29 12:10:29'),
(478, 'Role #1 Updated by User: #18', '18', '103.56.182.93', '2024-03-29 12:10:48', '2024-03-29 12:10:48'),
(479, 'Role #1 Updated by User: #18', '18', '103.56.182.93', '2024-03-29 12:11:35', '2024-03-29 12:11:35'),
(480, 'Role #1 Updated by User: #18', '18', '103.56.182.93', '2024-03-29 12:12:00', '2024-03-29 12:12:00'),
(481, 'Role #1 Updated by User: #18', '18', '103.56.182.93', '2024-03-29 12:14:41', '2024-03-29 12:14:41'),
(482, 'Role #1 Updated by User: #18', '18', '103.56.182.93', '2024-03-29 12:15:34', '2024-03-29 12:15:34'),
(483, 'Role #1 Updated by User: #18', '18', '103.56.182.93', '2024-03-29 12:18:10', '2024-03-29 12:18:10'),
(484, 'Role #1 Updated by User: #18', '18', '103.56.182.93', '2024-03-29 12:21:38', '2024-03-29 12:21:38'),
(485, 'Role #1 Updated by User: #18', '18', '103.56.182.93', '2024-03-29 12:22:15', '2024-03-29 12:22:15'),
(486, 'Role #1 Updated by User: #18', '18', '103.56.182.93', '2024-03-29 12:23:38', '2024-03-29 12:23:38'),
(487, 'Role #1 Updated by User: #18', '18', '103.56.182.93', '2024-03-29 12:24:28', '2024-03-29 12:24:28'),
(488, 'Role #1 Updated by User: #18', '18', '103.56.182.93', '2024-03-29 12:25:10', '2024-03-29 12:25:10'),
(489, 'Role #1 Updated by User: #18', '18', '103.56.182.93', '2024-03-29 12:25:55', '2024-03-29 12:25:55'),
(490, 'Role #1 Updated by User: #18', '18', '103.56.182.93', '2024-03-29 12:27:43', '2024-03-29 12:27:43'),
(491, 'Role #1 Updated by User: #18', '18', '103.56.182.93', '2024-03-29 12:31:13', '2024-03-29 12:31:13'),
(492, 'Role #1 Updated by User: #18', '18', '103.56.182.93', '2024-03-29 12:36:29', '2024-03-29 12:36:29'),
(493, 'Role #1 Updated by User: #18', '18', '103.56.182.93', '2024-03-29 12:37:03', '2024-03-29 12:37:03'),
(494, 'Role #1 Updated by User: #18', '18', '103.56.182.93', '2024-03-29 12:37:48', '2024-03-29 12:37:48'),
(495, 'Role #1 Updated by User: #18', '18', '103.56.182.93', '2024-03-29 12:39:33', '2024-03-29 12:39:33'),
(496, 'Role #1 Updated by User: #18', '18', '103.56.182.93', '2024-03-29 12:39:55', '2024-03-29 12:39:55'),
(497, 'Role #1 Updated by User: #18', '18', '103.56.182.93', '2024-03-29 12:40:17', '2024-03-29 12:40:17'),
(498, 'Role #1 Updated by User: #18', '18', '103.56.182.93', '2024-03-29 12:40:45', '2024-03-29 12:40:45'),
(499, 'Role #1 Updated by User: #18', '18', '103.56.182.93', '2024-03-29 12:41:47', '2024-03-29 12:41:47'),
(500, 'Role #2 Updated by User: #1', '1', '108.220.103.186', '2024-03-29 16:18:21', '2024-03-29 16:18:21'),
(501, 'Role #1 Updated by User: #1', '1', '108.220.103.186', '2024-03-29 16:18:25', '2024-03-29 16:18:25'),
(502, 'Role #1 Updated by User: #1', '1', '108.220.103.186', '2024-03-29 16:33:02', '2024-03-29 16:33:02'),
(503, 'Role #5 Updated by User: #1', '1', '108.220.103.186', '2024-03-29 16:34:35', '2024-03-29 16:34:35'),
(504, 'Role #5 Updated by User: #1', '1', '108.220.103.186', '2024-03-29 16:34:52', '2024-03-29 16:34:52'),
(505, 'Role #5 Updated by User: #1', '1', '108.220.103.186', '2024-03-29 16:35:08', '2024-03-29 16:35:08'),
(506, 'Role #7 Updated by User: #1', '1', '108.220.103.186', '2024-03-29 16:48:33', '2024-03-29 16:48:33'),
(507, 'Role #7 Updated by User: #1', '1', '108.220.103.186', '2024-03-29 16:48:41', '2024-03-29 16:48:41'),
(508, 'Role #5 Updated by User: #1', '1', '108.220.103.186', '2024-03-29 16:49:09', '2024-03-29 16:49:09'),
(509, 'Role #5 Updated by User: #1', '1', '108.220.103.186', '2024-03-29 16:49:21', '2024-03-29 16:49:21'),
(510, 'Role #8 Updated by User: #1', '1', '52.40.100.95', '2024-03-29 19:59:14', '2024-03-29 19:59:14'),
(511, 'New Role #10 Created by User: #1', '1', '52.40.100.95', '2024-03-29 20:01:13', '2024-03-29 20:01:13'),
(512, 'Permission #1 Updated by User: #1', '1', '52.40.100.95', '2024-03-29 20:17:51', '2024-03-29 20:17:51'),
(513, 'Permission #1 Updated by User: #1', '1', '52.40.100.95', '2024-03-29 20:17:59', '2024-03-29 20:17:59'),
(514, 'Permission #7 Updated by User: #1', '1', '52.40.100.95', '2024-03-29 20:23:47', '2024-03-29 20:23:47'),
(515, 'Permission #7 Updated by User: #1', '1', '52.40.100.95', '2024-03-29 20:23:56', '2024-03-29 20:23:56'),
(516, 'Permission #7 Updated by User: #1', '1', '52.40.100.95', '2024-03-29 20:24:03', '2024-03-29 20:24:03'),
(517, 'New Permission #54 Created by User: #1', '1', '52.40.100.95', '2024-03-29 20:31:20', '2024-03-29 20:31:20'),
(518, 'Permission #54 Deleted by User: #1', '1', '52.40.100.95', '2024-03-29 20:31:29', '2024-03-29 20:31:29'),
(519, 'Role #2 Updated by User: #1', '1', '108.220.103.186', '2024-03-30 00:20:02', '2024-03-30 00:20:02'),
(520, 'New User $37 Created by User:', '1', '108.220.103.186', '2024-03-30 03:10:56', '2024-03-30 03:10:56'),
(521, 'User #37 Deleted by User:', '1', '108.220.103.186', '2024-03-30 03:11:32', '2024-03-30 03:11:32'),
(522, 'User #36 Deleted by User:', '1', '108.220.103.186', '2024-03-30 03:16:11', '2024-03-30 03:16:11'),
(523, 'User #35 Deleted by User:', '1', '108.220.103.186', '2024-03-30 03:16:16', '2024-03-30 03:16:16'),
(524, 'User #34 Deleted by User:', '1', '108.220.103.186', '2024-03-30 03:36:09', '2024-03-30 03:36:09'),
(525, 'New Permission #55 Created by User: #1', '1', '108.220.103.186', '2024-03-30 03:40:09', '2024-03-30 03:40:09'),
(526, 'New Permission #56 Created by User: #1', '1', '108.220.103.186', '2024-03-30 03:40:43', '2024-03-30 03:40:43'),
(527, 'New Permission #57 Created by User: #1', '1', '108.220.103.186', '2024-03-30 03:41:53', '2024-03-30 03:41:53'),
(528, 'Role #1 Updated by User: #1', '1', '108.220.103.186', '2024-03-30 03:42:37', '2024-03-30 03:42:37'),
(529, 'User #1 updated the profile', '1', '108.220.103.186', '2024-03-30 03:54:15', '2024-03-30 03:54:15'),
(530, 'User #1 Updated his/her Profile Image.', '1', '108.220.103.186', '2024-03-30 03:54:35', '2024-03-30 03:54:35'),
(531, 'Role #1 Updated by User: #1', '1', '103.15.57.58', '2024-03-30 05:06:18', '2024-03-30 05:06:18'),
(532, 'Role #1 Updated by User: #1', '1', '103.15.57.58', '2024-03-30 05:06:29', '2024-03-30 05:06:29'),
(533, 'Role #1 Updated by User: #1', '1', '103.15.57.58', '2024-03-30 05:06:44', '2024-03-30 05:06:44'),
(534, 'Role #1 Updated by User: #1', '1', '103.15.57.58', '2024-03-30 05:07:07', '2024-03-30 05:07:07'),
(535, 'Role #1 Updated by User: #1', '1', '103.15.57.58', '2024-03-30 05:07:26', '2024-03-30 05:07:26'),
(536, 'Role #1 Updated by User: #1', '1', '103.15.57.58', '2024-03-30 05:07:49', '2024-03-30 05:07:49'),
(537, 'New User $38 Created by User:Gregory Pratt', '1', '108.220.103.186', '2024-03-30 15:32:08', '2024-03-30 15:32:08'),
(538, 'User #38 Deleted by User:Gregory Pratt', '1', '108.220.103.186', '2024-03-30 15:35:21', '2024-03-30 15:35:21'),
(539, 'New Permission #58 Created by User: #1', '1', '108.220.103.186', '2024-03-30 16:15:11', '2024-03-30 16:15:11'),
(540, 'Role #1 Updated by User: #1', '1', '108.220.103.186', '2024-03-30 16:15:18', '2024-03-30 16:15:18'),
(541, 'Role #1 Updated by User: #1', '1', '108.220.103.186', '2024-03-30 16:18:51', '2024-03-30 16:18:51'),
(542, 'Role #1 Updated by User: #1', '1', '108.220.103.186', '2024-03-30 16:19:05', '2024-03-30 16:19:05'),
(543, 'Role #1 Updated by User: #1', '1', '108.220.103.186', '2024-03-30 16:19:24', '2024-03-30 16:19:24'),
(544, 'Role #1 Updated by User: #1', '1', '108.220.103.186', '2024-03-30 16:19:38', '2024-03-30 16:19:38'),
(545, 'Role #1 Updated by User: #1', '1', '108.220.103.186', '2024-03-30 16:29:01', '2024-03-30 16:29:01'),
(546, 'Role #1 Updated by User: #1', '1', '108.220.103.186', '2024-03-30 16:29:31', '2024-03-30 16:29:31'),
(547, 'Role #1 Updated by User: #1', '1', '108.220.103.186', '2024-03-30 16:31:40', '2024-03-30 16:31:40'),
(548, 'Role #1 Updated by User: #1', '1', '108.220.103.186', '2024-03-30 16:32:41', '2024-03-30 16:32:41'),
(549, 'Role #1 Updated by User: #1', '1', '108.220.103.186', '2024-03-30 16:33:11', '2024-03-30 16:33:11'),
(550, 'Role #1 Updated by User: #1', '1', '108.220.103.186', '2024-03-30 16:34:07', '2024-03-30 16:34:07'),
(551, 'Role #1 Updated by User: #1', '1', '108.220.103.186', '2024-03-30 16:49:53', '2024-03-30 16:49:53'),
(552, 'Role #1 Updated by User: #1', '1', '108.220.103.186', '2024-03-30 16:50:15', '2024-03-30 16:50:15'),
(553, 'Role #1 Updated by User: #1', '1', '108.220.103.186', '2024-03-30 16:50:58', '2024-03-30 16:50:58'),
(554, 'Permission #26 Updated by User: #1', '1', '108.220.103.186', '2024-03-30 16:51:18', '2024-03-30 16:51:18'),
(555, 'Permission #29 Updated by User: #1', '1', '108.220.103.186', '2024-03-30 16:51:54', '2024-03-30 16:51:54'),
(556, 'Permission #44 Updated by User: #1', '1', '108.220.103.186', '2024-03-30 16:52:22', '2024-03-30 16:52:22'),
(557, 'Permission #28 Updated by User: #1', '1', '108.220.103.186', '2024-03-30 16:52:54', '2024-03-30 16:52:54'),
(558, 'Permission #43 Updated by User: #1', '1', '108.220.103.186', '2024-03-30 16:53:16', '2024-03-30 16:53:16'),
(559, 'Permission #30 Updated by User: #1', '1', '108.220.103.186', '2024-03-30 16:54:01', '2024-03-30 16:54:01'),
(560, 'Permission #25 Updated by User: #1', '1', '108.220.103.186', '2024-03-30 16:54:18', '2024-03-30 16:54:18'),
(561, 'Permission #45 Updated by User: #1', '1', '108.220.103.186', '2024-03-30 16:55:30', '2024-03-30 16:55:30'),
(562, 'Role #1 Updated by User: #1', '1', '108.220.103.186', '2024-03-30 16:57:41', '2024-03-30 16:57:41'),
(563, 'Permission #27 Updated by User: #1', '1', '108.220.103.186', '2024-03-30 16:58:07', '2024-03-30 16:58:07'),
(564, 'Permission #31 Updated by User: #1', '1', '108.220.103.186', '2024-03-30 16:58:36', '2024-03-30 16:58:36'),
(565, 'Role #1 Updated by User: #1', '1', '108.220.103.186', '2024-03-30 16:58:55', '2024-03-30 16:58:55'),
(566, 'Role #1 Updated by User: #1', '1', '108.220.103.186', '2024-03-30 17:02:01', '2024-03-30 17:02:01'),
(567, 'Role #1 Updated by User: #1', '1', '108.220.103.186', '2024-03-30 17:02:40', '2024-03-30 17:02:40'),
(568, 'Role #1 Updated by User: #1', '1', '108.220.103.186', '2024-03-30 17:02:56', '2024-03-30 17:02:56'),
(569, 'Permission #48 Updated by User: #1', '1', '108.220.103.186', '2024-03-30 18:09:42', '2024-03-30 18:09:42'),
(570, 'Permission #50 Updated by User: #1', '1', '108.220.103.186', '2024-03-30 18:09:52', '2024-03-30 18:09:52'),
(571, 'Permission #42 Updated by User: #1', '1', '108.220.103.186', '2024-03-30 18:13:17', '2024-03-30 18:13:17'),
(572, 'Permission #9 Updated by User: #1', '1', '108.220.103.186', '2024-03-30 18:17:22', '2024-03-30 18:17:22'),
(573, 'Permission #10 Updated by User: #1', '1', '108.220.103.186', '2024-03-30 18:17:37', '2024-03-30 18:17:37'),
(574, 'Permission #8 Updated by User: #1', '1', '108.220.103.186', '2024-03-30 18:17:59', '2024-03-30 18:17:59'),
(575, 'Role #1 Updated by User: #1', '1', '108.220.103.186', '2024-03-30 18:34:32', '2024-03-30 18:34:32'),
(576, 'Role #1 Updated by User: #1', '1', '108.220.103.186', '2024-03-30 18:34:56', '2024-03-30 18:34:56'),
(577, 'New User $39 Created by User:Gregory Pratt', '1', '108.220.103.186', '2024-03-30 20:26:32', '2024-03-30 20:26:32'),
(578, 'User #15 Updated by User:Gregory Pratt', '1', '108.220.103.186', '2024-03-30 21:00:36', '2024-03-30 21:00:36'),
(579, 'User #16 Updated by User:Gregory Pratt', '1', '108.220.103.186', '2024-03-30 21:09:36', '2024-03-30 21:09:36'),
(580, 'User #15 Updated by User:Gregory Pratt', '1', '108.220.103.186', '2024-03-30 21:09:54', '2024-03-30 21:09:54'),
(581, 'User #16 Updated by User:Gregory Pratt', '1', '108.220.103.186', '2024-03-30 21:10:03', '2024-03-30 21:10:03'),
(582, 'Role #1 Updated by User: #1', '1', '108.220.103.186', '2024-03-31 02:16:04', '2024-03-31 02:16:04'),
(583, 'Role #1 Updated by User: #1', '1', '108.220.103.186', '2024-03-31 02:16:26', '2024-03-31 02:16:26'),
(584, 'New Permission #59 Created by User: #1', '1', '108.220.103.186', '2024-03-31 22:34:05', '2024-03-31 22:34:05'),
(585, 'User #15 Updated by User:Gregory Pratt', '1', '108.220.103.186', '2024-04-01 01:43:59', '2024-04-01 01:43:59'),
(586, 'New Permission #60 Created by User: #1', '1', '108.220.103.186', '2024-04-01 15:30:30', '2024-04-01 15:30:30'),
(587, 'Role #1 Updated by User: #1', '1', '108.220.103.186', '2024-04-01 15:30:54', '2024-04-01 15:30:54'),
(588, 'Role #2 Updated by User: #1', '1', '108.220.103.186', '2024-04-01 15:49:56', '2024-04-01 15:49:56'),
(589, 'Role #2 Updated by User: #1', '1', '108.220.103.186', '2024-04-01 15:53:41', '2024-04-01 15:53:41'),
(590, 'New User $40 Created by User:', '17', '136.49.78.202', '2024-04-01 15:54:56', '2024-04-01 15:54:56'),
(591, 'User #40 Updated by User:Gregory Pratt', '1', '108.220.103.186', '2024-04-01 16:17:32', '2024-04-01 16:17:32'),
(592, 'Role #2 Updated by User: #1', '1', '52.40.100.95', '2024-04-01 16:58:29', '2024-04-01 16:58:29'),
(593, 'Role #2 Updated by User: #1', '1', '52.40.100.95', '2024-04-01 17:01:55', '2024-04-01 17:01:55'),
(594, 'Role #2 Updated by User: #1', '1', '52.40.100.95', '2024-04-01 17:03:23', '2024-04-01 17:03:23'),
(595, 'Role #1 Updated by User: #1', '1', '52.40.100.95', '2024-04-01 22:12:10', '2024-04-01 22:12:10'),
(596, 'Role #2 Updated by User: #1', '1', '52.40.100.95', '2024-04-01 22:12:55', '2024-04-01 22:12:55'),
(597, 'Role #2 Updated by User: #1', '1', '52.40.100.95', '2024-04-01 22:19:33', '2024-04-01 22:19:33'),
(598, 'Role #2 Updated by User: #1', '1', '52.40.100.95', '2024-04-01 22:19:46', '2024-04-01 22:19:46'),
(599, 'User #16 Updated by User:Gregory Pratt', '1', '52.40.100.95', '2024-04-01 23:11:19', '2024-04-01 23:11:19'),
(600, 'User #16 Updated by User:Gregory Pratt', '1', '52.40.100.95', '2024-04-01 23:12:14', '2024-04-01 23:12:14'),
(601, 'Role #2 Updated by User: #1', '1', '52.40.100.95', '2024-04-01 23:21:48', '2024-04-01 23:21:48'),
(602, 'Role #2 Updated by User: #1', '1', '52.40.100.95', '2024-04-01 23:22:00', '2024-04-01 23:22:00'),
(603, 'Role #2 Updated by User: #1', '1', '52.40.100.95', '2024-04-01 23:22:31', '2024-04-01 23:22:31'),
(604, 'Role #1 Updated by User: #1', '1', '52.40.100.95', '2024-04-01 23:25:08', '2024-04-01 23:25:08'),
(605, 'User #15 Updated by User:Gregory Pratt', '1', '52.40.100.95', '2024-04-01 23:26:30', '2024-04-01 23:26:30'),
(606, 'User #16 Updated by User:Gregory Pratt', '1', '52.40.100.95', '2024-04-01 23:26:39', '2024-04-01 23:26:39'),
(607, 'User #15 Updated by User:Gregory Pratt', '1', '52.40.100.95', '2024-04-01 23:54:47', '2024-04-01 23:54:47'),
(608, 'User #15 Updated by User:Gregory Pratt', '1', '52.40.100.95', '2024-04-02 00:13:44', '2024-04-02 00:13:44'),
(609, 'New Permission #61 Created by User: #1', '1', '52.40.100.95', '2024-04-02 00:19:55', '2024-04-02 00:19:55'),
(610, 'Role #1 Updated by User: #1', '1', '52.40.100.95', '2024-04-02 00:20:27', '2024-04-02 00:20:27'),
(611, 'User #40 Updated by User:Gregory Pratt', '1', '52.40.100.95', '2024-04-02 02:09:36', '2024-04-02 02:09:36'),
(612, 'New User $41 Created by User:', '17', '136.49.78.202', '2024-04-02 17:53:46', '2024-04-02 17:53:46'),
(613, 'User #16 Updated by User:Gregory Pratt', '1', '108.220.103.186', '2024-04-03 16:12:27', '2024-04-03 16:12:27'),
(614, 'New User $42 Created by User:Gregory Pratt', '1', '108.220.103.186', '2024-04-03 16:46:16', '2024-04-03 16:46:16'),
(615, 'New Permission #62 Created by User: #1', '1', '108.220.103.186', '2024-04-03 17:26:03', '2024-04-03 17:26:03'),
(616, 'Role #1 Updated by User: #1', '1', '108.220.103.186', '2024-04-03 17:39:53', '2024-04-03 17:39:53'),
(617, 'Role #1 Updated by User: #1', '1', '108.220.103.186', '2024-04-03 17:40:01', '2024-04-03 17:40:01'),
(618, 'Role #1 Updated by User: #1', '1', '108.220.103.186', '2024-04-03 17:40:42', '2024-04-03 17:40:42'),
(619, 'Role #1 Updated by User: #1', '1', '108.220.103.186', '2024-04-03 17:40:47', '2024-04-03 17:40:47'),
(620, 'Role #1 Updated by User: #1', '1', '108.220.103.186', '2024-04-03 17:46:42', '2024-04-03 17:46:42'),
(621, 'New Permission #63 Created by User: #1', '1', '108.220.103.186', '2024-04-03 19:52:43', '2024-04-03 19:52:43'),
(622, 'Role #1 Updated by User: #1', '1', '108.220.103.186', '2024-04-03 19:54:58', '2024-04-03 19:54:58'),
(623, 'Role #1 Updated by User: #1', '1', '108.220.103.186', '2024-04-03 19:55:15', '2024-04-03 19:55:15'),
(624, 'Role #1 Updated by User: #1', '1', '108.220.103.186', '2024-04-03 19:58:56', '2024-04-03 19:58:56'),
(625, 'Role #7 Updated by User: #1', '1', '108.220.103.186', '2024-04-03 19:59:20', '2024-04-03 19:59:20'),
(626, 'New Permission #64 Created by User: #1', '1', '108.220.103.186', '2024-04-03 23:43:26', '2024-04-03 23:43:26'),
(627, 'Role #1 Updated by User: #1', '1', '108.220.103.186', '2024-04-03 23:43:35', '2024-04-03 23:43:35'),
(628, 'New Permission #65 Created by User: #1', '1', '108.220.103.186', '2024-04-03 23:51:46', '2024-04-03 23:51:46'),
(629, 'Role #1 Updated by User: #1', '1', '108.220.103.186', '2024-04-03 23:51:58', '2024-04-03 23:51:58'),
(630, 'Company Settings Updated by User: #1', '1', '108.220.103.186', '2024-04-03 23:58:31', '2024-04-03 23:58:31'),
(631, 'Company Settings Updated by User: #1', '1', '108.220.103.186', '2024-04-03 23:58:51', '2024-04-03 23:58:51'),
(632, 'Company Settings Updated by User: #1', '1', '108.220.103.186', '2024-04-04 05:53:04', '2024-04-04 05:53:04'),
(633, 'Company Settings Updated by User: #1', '1', '108.220.103.186', '2024-04-04 06:07:37', '2024-04-04 06:07:37'),
(634, 'Company Settings Updated by User: #1', '1', '108.220.103.186', '2024-04-04 06:08:02', '2024-04-04 06:08:02'),
(635, 'Company Settings Updated by User: #1', '1', '108.220.103.186', '2024-04-04 06:08:12', '2024-04-04 06:08:12'),
(636, 'Company Settings Updated by User: #1', '1', '108.220.103.186', '2024-04-04 06:08:16', '2024-04-04 06:08:16'),
(637, 'Company Settings Updated by User: #1', '1', '108.220.103.186', '2024-04-04 20:30:14', '2024-04-04 20:30:14'),
(638, 'Company Settings Updated by User: #1', '1', '104.161.20.138', '2024-04-05 16:57:20', '2024-04-05 16:57:20'),
(639, 'Company Settings Updated by User: #1', '1', '108.220.103.186', '2024-04-05 17:49:55', '2024-04-05 17:49:55'),
(640, 'Company Settings Updated by User: #1', '1', '108.220.103.186', '2024-04-05 17:50:22', '2024-04-05 17:50:22'),
(641, 'Company Settings Updated by User: #1', '1', '104.161.20.138', '2024-04-05 18:42:19', '2024-04-05 18:42:19'),
(642, 'User #42 Deleted by User:Gregory Pratt', '1', '108.220.103.186', '2024-04-05 21:06:06', '2024-04-05 21:06:06'),
(643, 'Company Settings Updated by User: #1', '1', '108.220.103.186', '2024-04-05 21:26:17', '2024-04-05 21:26:17'),
(644, 'Company Settings Updated by User: #1', '1', '108.220.103.186', '2024-04-05 21:26:58', '2024-04-05 21:26:58'),
(645, 'Company Settings Updated by User: #1', '1', '108.220.103.186', '2024-04-05 21:30:42', '2024-04-05 21:30:42'),
(646, 'Company Settings Updated by User: #1', '1', '108.220.103.186', '2024-04-05 22:14:03', '2024-04-05 22:14:03'),
(647, 'Company Settings Updated by User: #1', '1', '108.220.103.186', '2024-04-05 22:14:09', '2024-04-05 22:14:09'),
(648, 'Company Settings Updated by User: #1', '1', '108.220.103.186', '2024-04-05 22:16:16', '2024-04-05 22:16:16'),
(649, 'Company Settings Updated by User: #1', '1', '108.220.103.186', '2024-04-05 22:16:21', '2024-04-05 22:16:21'),
(650, 'Company Settings Updated by User: #1', '1', '108.220.103.186', '2024-04-05 22:17:35', '2024-04-05 22:17:35'),
(651, 'Company Settings Updated by User: #1', '1', '108.220.103.186', '2024-04-05 22:18:07', '2024-04-05 22:18:07'),
(652, 'Company Settings Updated by User: #1', '1', '108.220.103.186', '2024-04-05 22:18:13', '2024-04-05 22:18:13'),
(653, 'Company Settings Updated by User: #1', '1', '108.220.103.186', '2024-04-05 22:18:17', '2024-04-05 22:18:17'),
(654, 'Company Settings Updated by User: #1', '1', '108.220.103.186', '2024-04-06 14:34:27', '2024-04-06 14:34:27'),
(655, 'Company Settings Updated by User: #1', '1', '108.220.103.186', '2024-04-06 14:34:43', '2024-04-06 14:34:43'),
(656, 'Company Settings Updated by User: #1', '1', '108.220.103.186', '2024-04-06 14:45:21', '2024-04-06 14:45:21'),
(657, 'Company Settings Updated by User: #1', '1', '108.220.103.186', '2024-04-06 14:45:31', '2024-04-06 14:45:31'),
(658, 'Company Settings Updated by User: #1', '1', '108.220.103.186', '2024-04-06 14:52:53', '2024-04-06 14:52:53'),
(659, 'Company Settings Updated by User: #1', '1', '108.220.103.186', '2024-04-06 16:42:01', '2024-04-06 16:42:01'),
(660, 'Role #2 Updated by User: #1', '1', '108.220.103.186', '2024-04-09 13:20:28', '2024-04-09 13:20:28'),
(661, 'User #39 Deleted by User:Gregory Pratt', '1', '108.220.103.186', '2024-04-09 13:31:34', '2024-04-09 13:31:34'),
(662, 'User #40 Deleted by User:Gregory Pratt', '1', '108.220.103.186', '2024-04-09 13:35:36', '2024-04-09 13:35:36'),
(663, 'Role #4 Updated by User: #1', '1', '108.220.103.186', '2024-04-09 16:28:11', '2024-04-09 16:28:11'),
(664, 'User #16 Updated by User:Gregory Pratt', '1', '108.220.103.186', '2024-04-09 16:29:33', '2024-04-09 16:29:33'),
(665, 'Role #4 Updated by User: #1', '1', '108.220.103.186', '2024-04-09 16:30:18', '2024-04-09 16:30:18'),
(666, 'New User $43 Created by User:Gregory Pratt', '1', '108.220.103.186', '2024-04-09 16:40:08', '2024-04-09 16:40:08'),
(667, 'Role #4 Updated by User: #1', '1', '108.220.103.186', '2024-04-09 16:46:43', '2024-04-09 16:46:43'),
(668, 'New User $44 Created by User:Gregory Pratt', '1', '108.220.103.186', '2024-04-09 16:49:35', '2024-04-09 16:49:35'),
(669, 'Permission #64 Updated by User: #1', '1', '108.220.103.186', '2024-04-10 01:19:09', '2024-04-10 01:19:09'),
(670, 'New Permission #66 Created by User: #1', '1', '108.220.103.186', '2024-04-10 02:03:39', '2024-04-10 02:03:39'),
(671, 'New Permission #67 Created by User: #1', '1', '108.220.103.186', '2024-04-10 02:14:09', '2024-04-10 02:14:09'),
(672, 'Role #2 Updated by User: #1', '1', '108.220.103.186', '2024-04-10 02:19:48', '2024-04-10 02:19:48'),
(673, 'Role #1 Updated by User: #1', '1', '108.220.103.186', '2024-04-10 03:59:41', '2024-04-10 03:59:41'),
(674, 'Role #1 Updated by User: #1', '1', '108.220.103.186', '2024-04-10 03:59:51', '2024-04-10 03:59:51'),
(675, 'Role #2 Updated by User: #1', '1', '108.220.103.186', '2024-04-10 04:00:49', '2024-04-10 04:00:49'),
(676, 'Role #2 Updated by User: #1', '1', '108.220.103.186', '2024-04-10 04:01:04', '2024-04-10 04:01:04'),
(677, 'Role #1 Updated by User: #1', '1', '108.220.103.186', '2024-04-10 04:03:27', '2024-04-10 04:03:27'),
(678, 'Role #1 Updated by User: #1', '1', '108.220.103.186', '2024-04-10 04:04:29', '2024-04-10 04:04:29'),
(679, 'Role #1 Updated by User: #1', '1', '108.220.103.186', '2024-04-10 04:04:42', '2024-04-10 04:04:42'),
(680, 'Role #2 Updated by User: #1', '1', '108.220.103.186', '2024-04-10 04:13:11', '2024-04-10 04:13:11'),
(681, 'Role #2 Updated by User: #1', '1', '108.220.103.186', '2024-04-10 04:25:08', '2024-04-10 04:25:08'),
(682, 'Role #2 Updated by User: #1', '1', '108.220.103.186', '2024-04-10 04:25:23', '2024-04-10 04:25:23'),
(683, 'Role #2 Updated by User: #1', '1', '108.220.103.186', '2024-04-10 04:25:34', '2024-04-10 04:25:34'),
(684, 'Role #2 Updated by User: #1', '1', '108.220.103.186', '2024-04-10 04:26:30', '2024-04-10 04:26:30'),
(685, 'Role #2 Updated by User: #1', '1', '108.220.103.186', '2024-04-10 04:26:51', '2024-04-10 04:26:51'),
(686, 'Permission #37 Updated by User: #1', '1', '108.220.103.186', '2024-04-10 05:26:45', '2024-04-10 05:26:45'),
(687, 'New Permission #68 Created by User: #1', '1', '108.220.103.186', '2024-04-10 05:27:18', '2024-04-10 05:27:18'),
(688, 'Permission #34 Updated by User: #1', '1', '108.220.103.186', '2024-04-10 05:27:40', '2024-04-10 05:27:40'),
(689, 'Permission #35 Updated by User: #1', '1', '108.220.103.186', '2024-04-10 05:28:02', '2024-04-10 05:28:02'),
(690, 'Permission #38 Updated by User: #1', '1', '108.220.103.186', '2024-04-10 05:28:23', '2024-04-10 05:28:23'),
(691, 'Role #2 Updated by User: #1', '1', '108.220.103.186', '2024-04-10 14:16:51', '2024-04-10 14:16:51'),
(692, 'Permission #67 Updated by User: #1', '1', '108.220.103.186', '2024-04-10 14:18:19', '2024-04-10 14:18:19'),
(693, 'Role #2 Updated by User: #1', '1', '108.220.103.186', '2024-04-10 14:19:34', '2024-04-10 14:19:34'),
(694, 'Role #2 Updated by User: #1', '1', '108.220.103.186', '2024-04-10 14:19:50', '2024-04-10 14:19:50'),
(695, 'Role #2 Updated by User: #1', '1', '108.220.103.186', '2024-04-10 14:20:59', '2024-04-10 14:20:59'),
(696, 'Role #2 Updated by User: #1', '1', '108.220.103.186', '2024-04-10 14:26:51', '2024-04-10 14:26:51'),
(697, 'Role #2 Updated by User: #1', '1', '108.220.103.186', '2024-04-10 14:26:56', '2024-04-10 14:26:56'),
(698, 'Role #2 Updated by User: #1', '1', '108.220.103.186', '2024-04-10 14:29:47', '2024-04-10 14:29:47'),
(699, 'Role #2 Updated by User: #1', '1', '108.220.103.186', '2024-04-10 14:32:11', '2024-04-10 14:32:11'),
(700, 'Role #2 Updated by User: #1', '1', '108.220.103.186', '2024-04-10 14:49:56', '2024-04-10 14:49:56'),
(701, 'Role #2 Updated by User: #1', '1', '108.220.103.186', '2024-04-10 14:54:36', '2024-04-10 14:54:36'),
(702, 'Role #2 Updated by User: #1', '1', '108.220.103.186', '2024-04-10 14:58:48', '2024-04-10 14:58:48'),
(703, 'Role #2 Updated by User: #1', '1', '108.220.103.186', '2024-04-10 15:25:13', '2024-04-10 15:25:13'),
(704, 'Role #2 Updated by User: #1', '1', '108.220.103.186', '2024-04-10 15:25:56', '2024-04-10 15:25:56'),
(705, 'Role #2 Updated by User: #1', '1', '108.220.103.186', '2024-04-10 15:31:07', '2024-04-10 15:31:07'),
(706, 'Role #2 Updated by User: #1', '1', '108.220.103.186', '2024-04-10 15:31:55', '2024-04-10 15:31:55'),
(707, 'Role #2 Updated by User: #1', '1', '108.220.103.186', '2024-04-10 15:33:37', '2024-04-10 15:33:37'),
(708, 'Role #2 Updated by User: #1', '1', '108.220.103.186', '2024-04-10 15:38:03', '2024-04-10 15:38:03'),
(709, 'Role #2 Updated by User: #1', '1', '108.220.103.186', '2024-04-10 15:38:20', '2024-04-10 15:38:20'),
(710, 'Role #2 Updated by User: #1', '1', '108.220.103.186', '2024-04-10 15:40:13', '2024-04-10 15:40:13'),
(711, 'Role #2 Updated by User: #1', '1', '108.220.103.186', '2024-04-10 15:40:31', '2024-04-10 15:40:31'),
(712, 'Role #2 Updated by User: #1', '1', '108.220.103.186', '2024-04-10 15:40:37', '2024-04-10 15:40:37'),
(713, 'Role #2 Updated by User: #1', '1', '108.220.103.186', '2024-04-10 15:44:27', '2024-04-10 15:44:27'),
(714, 'Role #2 Updated by User: #1', '1', '108.220.103.186', '2024-04-10 15:44:43', '2024-04-10 15:44:43'),
(715, 'Role #2 Updated by User: #1', '1', '108.220.103.186', '2024-04-10 15:45:06', '2024-04-10 15:45:06'),
(716, 'Role #2 Updated by User: #1', '1', '108.220.103.186', '2024-04-10 15:45:26', '2024-04-10 15:45:26'),
(717, 'New Permission #69 Created by User: #1', '1', '108.220.103.186', '2024-04-10 15:48:07', '2024-04-10 15:48:07'),
(718, 'Role #2 Updated by User: #1', '1', '108.220.103.186', '2024-04-10 15:55:34', '2024-04-10 15:55:34'),
(719, 'New Permission #70 Created by User: #1', '1', '108.220.103.186', '2024-04-10 15:56:37', '2024-04-10 15:56:37'),
(720, 'New Permission #71 Created by User: #1', '1', '108.220.103.186', '2024-04-10 16:01:25', '2024-04-10 16:01:25'),
(721, 'Role #2 Updated by User: #1', '1', '108.220.103.186', '2024-04-10 16:01:46', '2024-04-10 16:01:46'),
(722, 'Role #2 Updated by User: #1', '1', '108.220.103.186', '2024-04-10 16:07:23', '2024-04-10 16:07:23'),
(723, 'Role #2 Updated by User: #1', '1', '108.220.103.186', '2024-04-10 16:13:15', '2024-04-10 16:13:15'),
(724, 'Role #2 Updated by User: #1', '1', '108.220.103.186', '2024-04-10 16:13:15', '2024-04-10 16:13:15'),
(725, 'Role #2 Updated by User: #1', '1', '108.220.103.186', '2024-04-10 16:13:26', '2024-04-10 16:13:26'),
(726, 'Role #2 Updated by User: #1', '1', '108.220.103.186', '2024-04-10 16:13:40', '2024-04-10 16:13:40'),
(727, 'Role #2 Updated by User: #1', '1', '108.220.103.186', '2024-04-10 16:13:55', '2024-04-10 16:13:55'),
(728, 'New Permission #72 Created by User: #1', '1', '108.220.103.186', '2024-04-10 16:16:43', '2024-04-10 16:16:43'),
(729, 'New Permission #73 Created by User: #1', '1', '108.220.103.186', '2024-04-10 16:17:16', '2024-04-10 16:17:16'),
(730, 'Role #2 Updated by User: #1', '1', '108.220.103.186', '2024-04-10 16:22:15', '2024-04-10 16:22:15'),
(731, 'Role #2 Updated by User: #1', '1', '108.220.103.186', '2024-04-10 16:27:40', '2024-04-10 16:27:40'),
(732, 'Role #2 Updated by User: #1', '1', '108.220.103.186', '2024-04-10 16:31:26', '2024-04-10 16:31:26'),
(733, 'Role #2 Updated by User: #1', '1', '108.220.103.186', '2024-04-10 16:35:46', '2024-04-10 16:35:46'),
(734, 'Role #2 Updated by User: #1', '1', '108.220.103.186', '2024-04-10 16:43:16', '2024-04-10 16:43:16'),
(735, 'Role #2 Updated by User: #1', '1', '108.220.103.186', '2024-04-10 16:43:34', '2024-04-10 16:43:34'),
(736, 'Role #2 Updated by User: #1', '1', '108.220.103.186', '2024-04-10 16:44:06', '2024-04-10 16:44:06'),
(737, 'Role #2 Updated by User: #1', '1', '108.220.103.186', '2024-04-10 16:44:20', '2024-04-10 16:44:20'),
(738, 'Role #2 Updated by User: #1', '1', '108.220.103.186', '2024-04-10 16:44:40', '2024-04-10 16:44:40'),
(739, 'Role #2 Updated by User: #1', '1', '108.220.103.186', '2024-04-10 16:44:57', '2024-04-10 16:44:57'),
(740, 'Role #2 Updated by User: #1', '1', '108.220.103.186', '2024-04-10 16:45:05', '2024-04-10 16:45:05'),
(741, 'Role #2 Updated by User: #1', '1', '108.220.103.186', '2024-04-10 16:45:19', '2024-04-10 16:45:19'),
(742, 'Role #1 Updated by User: #1', '1', '108.220.103.186', '2024-04-10 16:49:50', '2024-04-10 16:49:50'),
(743, 'New Permission #74 Created by User: #1', '1', '108.220.103.186', '2024-04-10 17:07:07', '2024-04-10 17:07:07'),
(744, 'Role #1 Updated by User: #1', '1', '108.220.103.186', '2024-04-10 17:07:26', '2024-04-10 17:07:26'),
(745, 'User #15 Updated by User:Gregory Pratt', '1', '108.220.103.186', '2024-04-11 04:17:33', '2024-04-11 04:17:33'),
(746, 'User #15 Updated by User:Gregory Pratt', '1', '108.220.103.186', '2024-04-11 04:17:46', '2024-04-11 04:17:46'),
(747, 'User #16 Updated by User:Gregory Pratt', '1', '108.220.103.186', '2024-04-11 04:54:29', '2024-04-11 04:54:29'),
(748, 'User #16 Updated by User:Gregory Pratt', '1', '108.220.103.186', '2024-04-11 04:54:41', '2024-04-11 04:54:41'),
(749, 'New User $45 Created by User:Gregory Pratt', '1', '108.220.103.186', '2024-04-11 04:56:54', '2024-04-11 04:56:54'),
(750, 'User #45 Deleted by User:Gregory Pratt', '1', '108.220.103.186', '2024-04-11 04:57:26', '2024-04-11 04:57:26'),
(751, 'New Role #11 Created by User: #1', '1', '108.220.103.186', '2024-04-11 05:04:34', '2024-04-11 05:04:34'),
(752, 'New User $46 Created by User:Gregory Pratt', '1', '108.220.103.186', '2024-04-11 05:09:53', '2024-04-11 05:09:53'),
(753, 'New Permission #75 Created by User: #1', '1', '108.220.103.186', '2024-04-11 14:26:43', '2024-04-11 14:26:43'),
(754, 'Role #1 Updated by User: #1', '1', '108.220.103.186', '2024-04-11 14:28:55', '2024-04-11 14:28:55'),
(755, 'Role #1 Updated by User: #1', '1', '108.220.103.186', '2024-04-11 14:31:19', '2024-04-11 14:31:19'),
(756, 'Permission #75 Updated by User: #1', '1', '108.220.103.186', '2024-04-11 14:33:17', '2024-04-11 14:33:17'),
(757, 'Role #1 Updated by User: #1', '1', '108.220.103.186', '2024-04-11 14:35:04', '2024-04-11 14:35:04'),
(758, 'New Permission #76 Created by User: #1', '1', '108.220.103.186', '2024-04-11 14:35:49', '2024-04-11 14:35:49'),
(759, 'New Permission #77 Created by User: #1', '1', '108.220.103.186', '2024-04-11 14:37:48', '2024-04-11 14:37:48'),
(760, 'New Permission #78 Created by User: #1', '1', '108.220.103.186', '2024-04-11 14:38:04', '2024-04-11 14:38:04'),
(761, 'Role #1 Updated by User: #1', '1', '108.220.103.186', '2024-04-11 14:40:09', '2024-04-11 14:40:09'),
(762, 'Role #2 Updated by User: #1', '1', '108.220.103.186', '2024-04-11 14:55:14', '2024-04-11 14:55:14'),
(763, 'User #15 Updated by User:Gregory Pratt', '1', '108.220.103.186', '2024-04-11 14:55:35', '2024-04-11 14:55:35'),
(764, 'Role #2 Updated by User: #1', '1', '108.220.103.186', '2024-04-11 15:01:11', '2024-04-11 15:01:11'),
(765, 'User #15 Updated by User:Gregory Pratt', '1', '108.220.103.186', '2024-04-11 15:34:51', '2024-04-11 15:34:51'),
(766, 'User #15 Updated by User:Gregory Pratt', '1', '108.220.103.186', '2024-04-11 15:35:00', '2024-04-11 15:35:00'),
(767, 'Parent #46 Updated by User:Gregory Pratt', '1', '108.220.103.186', '2024-04-11 15:44:00', '2024-04-11 15:44:00'),
(768, 'Parent #46 Updated by User:Gregory Pratt', '1', '108.220.103.186', '2024-04-11 15:45:30', '2024-04-11 15:45:30'),
(769, 'Parent #46 Deleted by User:Greg', '1', '108.220.103.186', '2024-04-11 15:47:38', '2024-04-11 15:47:38'),
(770, 'New User $47 Created by User:Gregory Pratt', '1', '108.220.103.186', '2024-04-11 15:51:09', '2024-04-11 15:51:09'),
(771, 'Role #2 Updated by User: #1', '1', '108.220.103.186', '2024-04-11 15:53:53', '2024-04-11 15:53:53'),
(772, 'Permission #46 Updated by User: #1', '1', '108.220.103.186', '2024-04-11 15:54:47', '2024-04-11 15:54:47'),
(773, 'Permission #21 Updated by User: #1', '1', '108.220.103.186', '2024-04-11 15:55:01', '2024-04-11 15:55:01'),
(774, 'Permission #12 Updated by User: #1', '1', '108.220.103.186', '2024-04-11 15:55:20', '2024-04-11 15:55:20'),
(775, 'Permission #2 Updated by User: #1', '1', '108.220.103.186', '2024-04-11 15:55:32', '2024-04-11 15:55:32'),
(776, 'Permission #16 Updated by User: #1', '1', '108.220.103.186', '2024-04-11 15:56:00', '2024-04-11 15:56:00'),
(777, 'Permission #15 Updated by User: #1', '1', '108.220.103.186', '2024-04-11 15:56:14', '2024-04-11 15:56:14'),
(778, 'Permission #4 Updated by User: #1', '1', '108.220.103.186', '2024-04-11 15:56:27', '2024-04-11 15:56:27'),
(779, 'Permission #24 Updated by User: #1', '1', '108.220.103.186', '2024-04-11 15:56:49', '2024-04-11 15:56:49'),
(780, 'Permission #3 Updated by User: #1', '1', '108.220.103.186', '2024-04-11 15:57:09', '2024-04-11 15:57:09'),
(781, 'Permission #53 Updated by User: #1', '1', '108.220.103.186', '2024-04-11 15:57:26', '2024-04-11 15:57:26'),
(782, 'Permission #22 Updated by User: #1', '1', '108.220.103.186', '2024-04-11 15:57:38', '2024-04-11 15:57:38'),
(783, 'Permission #52 Updated by User: #1', '1', '108.220.103.186', '2024-04-11 15:58:00', '2024-04-11 15:58:00'),
(784, 'Permission #5 Updated by User: #1', '1', '108.220.103.186', '2024-04-11 15:58:19', '2024-04-11 15:58:19'),
(785, 'Permission #51 Updated by User: #1', '1', '108.220.103.186', '2024-04-11 15:58:38', '2024-04-11 15:58:38'),
(786, 'Permission #32 Updated by User: #1', '1', '108.220.103.186', '2024-04-11 15:58:57', '2024-04-11 15:58:57'),
(787, 'Parent #47 Updated by User:Gregory Pratt', '1', '108.220.103.186', '2024-04-11 16:12:30', '2024-04-11 16:12:30'),
(788, 'Parent #47 Deleted by User:Greg', '1', '108.220.103.186', '2024-04-11 16:12:45', '2024-04-11 16:12:45'),
(789, 'New User $48 Created by User:Gregory Pratt', '1', '108.220.103.186', '2024-04-11 16:17:47', '2024-04-11 16:17:47'),
(790, 'New Permission #79 Created by User: #1', '1', '108.220.103.186', '2024-04-11 16:24:15', '2024-04-11 16:24:15'),
(791, 'New Permission #80 Created by User: #1', '1', '108.220.103.186', '2024-04-11 16:24:45', '2024-04-11 16:24:45'),
(792, 'New Permission #81 Created by User: #1', '1', '108.220.103.186', '2024-04-11 16:25:08', '2024-04-11 16:25:08'),
(793, 'New Permission #82 Created by User: #1', '1', '108.220.103.186', '2024-04-11 16:25:43', '2024-04-11 16:25:43'),
(794, 'New Permission #83 Created by User: #1', '1', '108.220.103.186', '2024-04-11 16:26:08', '2024-04-11 16:26:08'),
(795, 'New Permission #84 Created by User: #1', '1', '108.220.103.186', '2024-04-11 16:26:32', '2024-04-11 16:26:32'),
(796, 'New Permission #85 Created by User: #1', '1', '108.220.103.186', '2024-04-11 16:26:59', '2024-04-11 16:26:59'),
(797, 'Role #1 Updated by User: #1', '1', '108.220.103.186', '2024-04-11 16:27:19', '2024-04-11 16:27:19'),
(798, 'New Role #100 Created by User: #1', '1', '108.220.103.186', '2024-04-11 16:31:11', '2024-04-11 16:31:11'),
(799, 'New Parent $49 Created by User:Gregory Pratt', '1', '108.220.103.186', '2024-04-11 16:32:07', '2024-04-11 16:32:07'),
(800, 'Parent #49 Deleted by User:Greg', '1', '108.220.103.186', '2024-04-11 16:32:43', '2024-04-11 16:32:43'),
(801, 'New Student $50 Created by User:Gregory Pratt', '1', '108.220.103.186', '2024-04-11 16:33:10', '2024-04-11 16:33:10'),
(802, 'Student #50 Deleted by User:Greg', '1', '108.220.103.186', '2024-04-11 16:42:48', '2024-04-11 16:42:48'),
(803, 'Company Settings Updated by User: #1', '1', '103.15.59.221', '2024-04-12 10:48:37', '2024-04-12 10:48:37'),
(804, 'Company Settings Updated by User: #1', '1', '103.15.59.221', '2024-04-12 10:48:44', '2024-04-12 10:48:44'),
(805, 'Company Settings Updated by User: #1', '1', '103.15.59.221', '2024-04-12 10:56:54', '2024-04-12 10:56:54'),
(806, 'Company Settings Updated by User: #1', '1', '103.15.59.221', '2024-04-12 10:57:16', '2024-04-12 10:57:16'),
(807, 'Company Settings Updated by User: #1', '1', '103.15.59.221', '2024-04-12 10:57:25', '2024-04-12 10:57:25'),
(808, 'Role #1 Updated by User: #1', '1', '103.15.59.221', '2024-04-12 10:58:02', '2024-04-12 10:58:02'),
(809, 'Company Settings Updated by User: #1', '1', '103.15.59.221', '2024-04-12 10:58:14', '2024-04-12 10:58:14'),
(810, 'Role #1 Updated by User: #1', '1', '103.15.59.221', '2024-04-12 11:00:02', '2024-04-12 11:00:02'),
(811, 'Company Settings Updated by User: #1', '1', '103.15.59.221', '2024-04-12 11:00:11', '2024-04-12 11:00:11'),
(812, 'Company Settings Updated by User: #1', '1', '103.15.59.221', '2024-04-12 11:35:22', '2024-04-12 11:35:22'),
(813, 'Role #1 Updated by User: #1', '1', '103.15.59.221', '2024-04-12 12:14:42', '2024-04-12 12:14:42'),
(814, 'Role #2 Updated by User: #1', '1', '108.220.103.186', '2024-04-12 13:01:42', '2024-04-12 13:01:42'),
(815, 'New Student $52 Created by User:Gregory Pratt', '1', '108.220.103.186', '2024-04-14 10:12:17', '2024-04-14 10:12:17'),
(816, 'Student #51 Deleted by User:Greg', '1', '108.220.103.186', '2024-04-14 10:12:33', '2024-04-14 10:12:33'),
(817, 'Student #52 Deleted by User:Greg', '1', '108.220.103.186', '2024-04-14 10:12:37', '2024-04-14 10:12:37'),
(818, 'New Student $53 Created by User:Gregory Pratt', '1', '108.220.103.186', '2024-04-14 10:13:34', '2024-04-14 10:13:34'),
(819, 'Student #53 Deleted by User:Greg', '1', '108.220.103.186', '2024-04-14 10:17:12', '2024-04-14 10:17:12'),
(820, 'New Student $54 Created by User:Gregory Pratt', '1', '108.220.103.186', '2024-04-14 10:29:38', '2024-04-14 10:29:38'),
(821, 'New Student $55 Created by User:Gregory Pratt', '1', '108.220.103.186', '2024-04-14 10:36:16', '2024-04-14 10:36:16'),
(822, 'New Student $56 Created by User:Gregory Pratt', '1', '108.220.103.186', '2024-04-14 10:41:32', '2024-04-14 10:41:32'),
(823, 'New Student $57 Created by User:Gregory Pratt', '1', '108.220.103.186', '2024-04-14 10:43:41', '2024-04-14 10:43:41'),
(824, 'Parent #48 Updated by User:Gregory Pratt', '1', '108.220.103.186', '2024-04-14 11:00:21', '2024-04-14 11:00:21'),
(825, 'Student #54 Updated by User:Gregory Pratt', '1', '108.220.103.186', '2024-04-14 11:40:57', '2024-04-14 11:40:57'),
(826, 'Role #2 Updated by User: #1', '1', '108.220.103.186', '2024-04-14 11:42:00', '2024-04-14 11:42:00'),
(827, 'User #15 Updated by User:Gregory Pratt', '1', '108.220.103.186', '2024-04-14 11:42:21', '2024-04-14 11:42:21'),
(828, 'User #15 Updated by User:Gregory Pratt', '1', '108.220.103.186', '2024-04-14 11:42:39', '2024-04-14 11:42:39'),
(829, 'User #15 Updated by User:Gregory Pratt', '1', '108.220.103.186', '2024-04-14 11:42:52', '2024-04-14 11:42:52'),
(830, 'Role #2 Updated by User: #1', '1', '108.220.103.186', '2024-04-14 11:43:21', '2024-04-14 11:43:21'),
(831, 'Role #2 Updated by User: #1', '1', '108.220.103.186', '2024-04-14 11:48:12', '2024-04-14 11:48:12'),
(832, 'Role #2 Updated by User: #1', '1', '108.220.103.186', '2024-04-14 12:10:17', '2024-04-14 12:10:17'),
(833, 'Role #2 Updated by User: #1', '1', '108.220.103.186', '2024-04-14 12:10:39', '2024-04-14 12:10:39'),
(834, 'Role #2 Updated by User: #1', '1', '108.220.103.186', '2024-04-14 12:11:21', '2024-04-14 12:11:21'),
(835, 'Role #4 Updated by User: #1', '1', '108.220.103.186', '2024-04-14 15:53:53', '2024-04-14 15:53:53'),
(836, 'Role #7 Updated by User: #1', '1', '108.220.103.186', '2024-04-14 15:54:59', '2024-04-14 15:54:59'),
(837, 'User #16 Updated by User:Gregory Pratt', '1', '108.220.103.186', '2024-04-14 15:55:28', '2024-04-14 15:55:28'),
(838, 'User #16 Updated by User:Gregory Pratt', '1', '108.220.103.186', '2024-04-14 16:45:56', '2024-04-14 16:45:56'),
(839, 'New User $58 Created by User:Gregory Pratt', '1', '108.220.103.186', '2024-04-14 16:54:35', '2024-04-14 16:54:35'),
(840, 'Role #4 Updated by User: #1', '1', '108.220.103.186', '2024-04-14 17:17:09', '2024-04-14 17:17:09'),
(841, 'Permission #1 Updated by User: #1', '1', '108.220.103.186', '2024-04-14 17:17:52', '2024-04-14 17:17:52'),
(842, 'New User $59 Created by User:', '44', '70.112.26.123', '2024-04-14 17:28:50', '2024-04-14 17:28:50'),
(843, 'Role #4 Updated by User: #1', '1', '108.220.103.186', '2024-04-14 17:32:04', '2024-04-14 17:32:04'),
(844, 'Role #5 Updated by User: #1', '1', '108.220.103.186', '2024-04-14 17:35:09', '2024-04-14 17:35:09'),
(845, 'Role #4 Updated by User: #1', '1', '108.220.103.186', '2024-04-14 17:42:11', '2024-04-14 17:42:11'),
(846, 'New User $60 Created by User:', '44', '70.112.26.123', '2024-04-14 17:52:54', '2024-04-14 17:52:54'),
(847, 'User #60 Updated by User:', '44', '70.112.26.123', '2024-04-14 17:54:15', '2024-04-14 17:54:15'),
(848, 'User #60 Updated by User:Gregory Pratt', '1', '108.220.103.186', '2024-04-14 18:01:28', '2024-04-14 18:01:28'),
(849, 'User #60 Updated by User:Gregory Pratt', '1', '108.220.103.186', '2024-04-14 18:06:20', '2024-04-14 18:06:20'),
(850, 'New User $61 Created by User:', '44', '70.112.26.123', '2024-04-14 18:09:02', '2024-04-14 18:09:02'),
(851, 'Role #4 Updated by User: #1', '1', '108.220.103.186', '2024-04-14 18:10:21', '2024-04-14 18:10:21'),
(852, 'Role #4 Updated by User: #1', '1', '108.220.103.186', '2024-04-14 18:13:52', '2024-04-14 18:13:52'),
(853, 'User #58 Deleted by User:Gregory Pratt', '1', '108.220.103.186', '2024-04-14 18:16:52', '2024-04-14 18:16:52'),
(854, 'New User $62 Created by User:', '44', '70.112.26.123', '2024-04-14 18:27:29', '2024-04-14 18:27:29'),
(855, 'New User $63 Created by User:', '44', '70.112.26.123', '2024-04-14 18:28:54', '2024-04-14 18:28:54'),
(856, 'New User $64 Created by User:', '44', '70.112.26.123', '2024-04-14 18:30:54', '2024-04-14 18:30:54'),
(857, 'New User $65 Created by User:', '44', '70.112.26.123', '2024-04-14 18:32:47', '2024-04-14 18:32:47'),
(858, 'New User $66 Created by User:', '44', '70.112.26.123', '2024-04-14 18:34:14', '2024-04-14 18:34:14'),
(859, 'New User $67 Created by User:', '44', '70.112.26.123', '2024-04-14 18:35:36', '2024-04-14 18:35:36'),
(860, 'User #15 Updated by User:Gregory Pratt', '1', '108.220.103.186', '2024-04-15 03:01:35', '2024-04-15 03:01:35'),
(861, 'Role #4 Updated by User: #1', '1', '108.220.103.186', '2024-04-15 03:26:52', '2024-04-15 03:26:52'),
(862, 'Role #4 Updated by User: #1', '1', '108.220.103.186', '2024-04-15 03:27:21', '2024-04-15 03:27:21'),
(863, 'New User $68 Created by User:', '43', '50.84.208.148', '2024-04-15 16:37:25', '2024-04-15 16:37:25'),
(864, 'User #68 Updated by User:', '43', '97.147.11.125', '2024-04-15 20:11:54', '2024-04-15 20:11:54'),
(865, 'New User $69 Created by User:', '43', '97.147.11.125', '2024-04-15 20:15:48', '2024-04-15 20:15:48'),
(866, 'User #69 Updated by User:', '43', '97.147.11.125', '2024-04-15 20:17:00', '2024-04-15 20:17:00'),
(867, 'New User $70 Created by User:', '43', '97.147.11.125', '2024-04-15 20:19:01', '2024-04-15 20:19:01'),
(868, 'User #70 Updated by User:', '43', '97.147.11.125', '2024-04-15 20:19:18', '2024-04-15 20:19:18'),
(869, 'New User $71 Created by User:', '43', '97.147.11.125', '2024-04-15 20:21:19', '2024-04-15 20:21:19'),
(870, 'New User $72 Created by User:', '43', '97.147.11.125', '2024-04-15 20:22:54', '2024-04-15 20:22:54'),
(871, 'User #72 Updated by User:', '43', '97.147.11.125', '2024-04-15 20:26:28', '2024-04-15 20:26:28'),
(872, 'User #72 Updated by User:', '43', '97.147.11.125', '2024-04-15 20:30:41', '2024-04-15 20:30:41'),
(873, 'User #71 Updated by User:', '43', '97.147.11.125', '2024-04-15 20:31:50', '2024-04-15 20:31:50'),
(874, 'New User $73 Created by User:', '43', '97.147.11.125', '2024-04-15 20:32:59', '2024-04-15 20:32:59'),
(875, 'User #70 Updated by User:', '43', '97.147.11.125', '2024-04-15 20:33:28', '2024-04-15 20:33:28'),
(876, 'User #69 Updated by User:', '43', '97.147.11.125', '2024-04-15 20:35:58', '2024-04-15 20:35:58'),
(877, 'User #15 Updated by User:Gregory Pratt', '1', '108.220.103.186', '2024-04-15 20:46:59', '2024-04-15 20:46:59'),
(878, 'User #73 Updated by User:', '43', '97.147.11.125', '2024-04-15 21:30:22', '2024-04-15 21:30:22'),
(879, 'User #15 Updated by User:Gregory Pratt', '1', '108.220.103.186', '2024-04-16 03:05:40', '2024-04-16 03:05:40'),
(880, 'User #15 Updated by User:Gregory Pratt', '1', '108.220.103.186', '2024-04-16 03:14:34', '2024-04-16 03:14:34'),
(881, 'New Permission #86 Created by User: #1', '1', '108.220.103.186', '2024-04-18 16:48:08', '2024-04-18 16:48:08'),
(882, 'Role #1 Updated by User: #1', '1', '108.220.103.186', '2024-04-18 16:48:39', '2024-04-18 16:48:39'),
(883, 'Role #2 Updated by User: #1', '1', '108.220.103.186', '2024-04-18 16:48:43', '2024-04-18 16:48:43'),
(884, 'Role #4 Updated by User: #1', '1', '108.220.103.186', '2024-04-18 16:48:47', '2024-04-18 16:48:47'),
(885, 'Role #1 Updated by User: #1', '1', '108.220.103.186', '2024-04-18 16:52:07', '2024-04-18 16:52:07'),
(886, 'Role #1 Updated by User: #1', '1', '108.220.103.186', '2024-04-18 16:52:27', '2024-04-18 16:52:27'),
(887, 'Role #1 Updated by User: #1', '1', '108.220.103.186', '2024-04-18 17:11:41', '2024-04-18 17:11:41'),
(888, 'New User $74 Created by User:', '17', '136.49.78.202', '2024-04-18 17:19:57', '2024-04-18 17:19:57'),
(889, 'Role #2 Updated by User: #1', '1', '108.220.103.186', '2024-04-18 17:20:49', '2024-04-18 17:20:49'),
(890, 'User #17 Updated by User:', '0', '136.49.78.202', '2024-04-18 17:22:23', '2024-04-18 17:22:23'),
(891, 'Role #5 Updated by User: #1', '1', '108.220.103.186', '2024-04-18 17:35:55', '2024-04-18 17:35:55'),
(892, 'Role #5 Updated by User: #1', '1', '108.220.103.186', '2024-04-18 17:39:08', '2024-04-18 17:39:08'),
(893, 'Role #5 Updated by User: #1', '1', '108.220.103.186', '2024-04-18 17:40:11', '2024-04-18 17:40:11'),
(894, 'Role #2 Updated by User: #1', '1', '108.220.103.186', '2024-04-18 17:41:31', '2024-04-18 17:41:31'),
(895, 'Role #5 Updated by User: #1', '1', '108.220.103.186', '2024-04-18 17:46:54', '2024-04-18 17:46:54'),
(896, 'Company Settings Updated by User: #1', '1', '108.220.103.186', '2024-04-18 18:15:00', '2024-04-18 18:15:00'),
(897, 'Company Settings Updated by User: #1', '1', '108.220.103.186', '2024-04-18 18:16:02', '2024-04-18 18:16:02'),
(898, 'New Permission #87 Created by User: #1', '1', '108.220.103.186', '2024-04-18 19:23:28', '2024-04-18 19:23:28'),
(899, 'Permission #87 Updated by User: #1', '1', '108.220.103.186', '2024-04-18 19:24:38', '2024-04-18 19:24:38'),
(900, 'Role #1 Updated by User: #1', '1', '108.220.103.186', '2024-04-18 19:27:40', '2024-04-18 19:27:40'),
(901, 'New User $75 Created by User:', '74', '98.198.221.35', '2024-04-18 19:32:40', '2024-04-18 19:32:40'),
(902, 'New User $76 Created by User:', '74', '98.198.221.35', '2024-04-18 19:34:38', '2024-04-18 19:34:38'),
(903, 'New User $77 Created by User:', '74', '98.198.221.35', '2024-04-18 19:35:43', '2024-04-18 19:35:43'),
(904, 'New User $78 Created by User:', '74', '98.198.221.35', '2024-04-18 19:41:41', '2024-04-18 19:41:41'),
(905, 'New User $79 Created by User:', '74', '98.198.221.35', '2024-04-18 20:02:50', '2024-04-18 20:02:50'),
(906, 'New User $80 Created by User:', '74', '98.198.221.35', '2024-04-18 20:03:48', '2024-04-18 20:03:48'),
(907, 'New User $81 Created by User:', '74', '98.198.221.35', '2024-04-18 20:04:41', '2024-04-18 20:04:41'),
(908, 'New User $82 Created by User:', '74', '98.198.221.35', '2024-04-18 20:05:42', '2024-04-18 20:05:42'),
(909, 'New User $83 Created by User:', '74', '98.198.221.35', '2024-04-18 20:05:43', '2024-04-18 20:05:43'),
(910, 'User #16 Updated by User:Gregory Pratt', '1', '108.220.103.186', '2024-04-18 20:06:08', '2024-04-18 20:06:08'),
(911, 'User #82 Deleted by User:Gregory Pratt', '1', '108.220.103.186', '2024-04-18 20:07:27', '2024-04-18 20:07:27'),
(912, 'User #71 Updated by User:', '43', '97.147.11.125', '2024-04-18 21:28:31', '2024-04-18 21:28:31'),
(913, 'New Permission #88 Created by User: #1', '1', '108.220.103.186', '2024-04-19 03:32:20', '2024-04-19 03:32:20'),
(914, 'Role #1 Updated by User: #1', '1', '108.220.103.186', '2024-04-19 03:33:27', '2024-04-19 03:33:27'),
(915, 'Permission #88 Updated by User: #1', '1', '108.220.103.186', '2024-04-19 03:34:09', '2024-04-19 03:34:09'),
(916, 'New Permission #89 Created by User: #1', '1', '108.220.103.186', '2024-04-19 04:32:48', '2024-04-19 04:32:48'),
(917, 'Role #1 Updated by User: #1', '1', '108.220.103.186', '2024-04-19 04:32:57', '2024-04-19 04:32:57'),
(918, 'Role #1 Updated by User: #1', '1', '108.220.103.186', '2024-04-19 05:48:10', '2024-04-19 05:48:10');
INSERT INTO `activity_logs` (`id`, `title`, `user`, `ip_address`, `created_at`, `updated_at`) VALUES
(919, 'Role #1 Updated by User: #1', '1', '108.220.103.186', '2024-04-19 05:49:14', '2024-04-19 05:49:14'),
(920, 'Role #5 Updated by User: #1', '1', '108.220.103.186', '2024-04-20 22:29:20', '2024-04-20 22:29:20'),
(921, 'User #77 Updated by User:', '74', '98.198.221.35', '2024-04-21 18:05:16', '2024-04-21 18:05:16'),
(922, 'User #77 Updated by User:', '74', '98.198.221.35', '2024-04-21 18:08:13', '2024-04-21 18:08:13'),
(923, 'User #77 Updated by User:', '74', '98.198.221.35', '2024-04-21 18:10:05', '2024-04-21 18:10:05'),
(924, 'Company Settings Updated by User: #1', '1', '103.15.58.118', '2024-04-22 12:05:30', '2024-04-22 12:05:30'),
(925, 'Company Settings Updated by User: #1', '1', '103.15.58.118', '2024-04-22 12:08:38', '2024-04-22 12:08:38'),
(926, 'Company Settings Updated by User: #1', '1', '103.15.58.118', '2024-04-22 12:08:44', '2024-04-22 12:08:44'),
(927, 'Company Settings Updated by User: #1', '1', '103.15.58.118', '2024-04-22 12:08:44', '2024-04-22 12:08:44'),
(928, 'Company Settings Updated by User: #1', '1', '103.15.58.118', '2024-04-22 12:09:13', '2024-04-22 12:09:13'),
(929, 'Company Settings Updated by User: #1', '1', '103.15.58.118', '2024-04-22 12:09:32', '2024-04-22 12:09:32'),
(930, 'Company Settings Updated by User: #1', '1', '108.220.103.186', '2024-04-22 13:11:53', '2024-04-22 13:11:53'),
(931, 'Company Settings Updated by User: #1', '1', '108.220.103.186', '2024-04-22 13:12:08', '2024-04-22 13:12:08'),
(932, 'New User $84 Created by User:', '17', '24.28.17.212', '2024-04-23 23:43:13', '2024-04-23 23:43:13'),
(933, 'Company Settings Updated by User: #1', '1', '103.15.58.57', '2024-04-24 10:20:57', '2024-04-24 10:20:57'),
(934, 'Company Settings Updated by User: #1', '1', '103.15.58.57', '2024-04-24 10:21:05', '2024-04-24 10:21:05'),
(935, 'Company Settings Updated by User: #1', '1', '103.15.58.57', '2024-04-24 10:21:16', '2024-04-24 10:21:16'),
(936, 'Company Settings Updated by User: #1', '1', '103.15.58.57', '2024-04-24 10:21:23', '2024-04-24 10:21:23'),
(937, 'Company Settings Updated by User: #1', '1', '103.15.58.57', '2024-04-24 10:21:29', '2024-04-24 10:21:29'),
(938, 'Company Settings Updated by User: #1', '1', '103.15.58.57', '2024-04-24 10:21:37', '2024-04-24 10:21:37'),
(939, 'Company Settings Updated by User: #1', '1', '103.15.58.57', '2024-04-24 10:21:43', '2024-04-24 10:21:43'),
(940, 'Company Settings Updated by User: #1', '1', '103.15.58.57', '2024-04-24 10:22:27', '2024-04-24 10:22:27'),
(941, 'Company Settings Updated by User: #1', '1', '103.15.58.57', '2024-04-24 10:23:33', '2024-04-24 10:23:33'),
(942, 'Company Settings Updated by User: #1', '1', '103.15.58.57', '2024-04-24 10:23:44', '2024-04-24 10:23:44'),
(943, 'Company Settings Updated by User: #1', '1', '103.15.58.57', '2024-04-24 10:23:53', '2024-04-24 10:23:53'),
(944, 'Company Settings Updated by User: #1', '1', '103.15.58.57', '2024-04-24 10:24:04', '2024-04-24 10:24:04'),
(945, 'Company Settings Updated by User: #1', '1', '103.15.58.57', '2024-04-24 10:24:18', '2024-04-24 10:24:18'),
(946, 'Company Settings Updated by User: #1', '1', '103.15.58.57', '2024-04-24 10:24:30', '2024-04-24 10:24:30'),
(947, 'Company Settings Updated by User: #1', '1', '103.15.58.57', '2024-04-24 10:24:45', '2024-04-24 10:24:45'),
(948, 'Company Settings Updated by User: #1', '1', '103.15.58.57', '2024-04-24 10:25:00', '2024-04-24 10:25:00'),
(949, 'Company Settings Updated by User: #1', '1', '103.15.58.57', '2024-04-24 11:53:59', '2024-04-24 11:53:59'),
(950, 'Company Settings Updated by User: #1', '1', '103.15.58.57', '2024-04-24 11:56:31', '2024-04-24 11:56:31'),
(951, 'Company Settings Updated by User: #1', '1', '103.15.58.57', '2024-04-24 11:59:30', '2024-04-24 11:59:30'),
(952, 'Company Settings Updated by User: #1', '1', '103.15.58.57', '2024-04-24 11:59:39', '2024-04-24 11:59:39'),
(953, 'Company Settings Updated by User: #1', '1', '103.15.58.57', '2024-04-24 12:04:10', '2024-04-24 12:04:10'),
(954, 'Company Settings Updated by User: #1', '1', '103.15.58.57', '2024-04-24 12:05:23', '2024-04-24 12:05:23'),
(955, 'New User $85 Created by User:', '84', '24.28.17.212', '2024-04-24 16:55:28', '2024-04-24 16:55:28'),
(956, 'New User $86 Created by User:', '84', '24.28.17.212', '2024-04-24 17:27:15', '2024-04-24 17:27:15'),
(957, 'User #86 Updated by User:', '84', '24.28.17.212', '2024-04-24 17:29:29', '2024-04-24 17:29:29'),
(958, 'New User $87 Created by User:', '84', '24.28.17.212', '2024-04-24 17:36:49', '2024-04-24 17:36:49'),
(959, 'New User $88 Created by User:', '84', '24.28.17.212', '2024-04-24 17:39:25', '2024-04-24 17:39:25'),
(960, 'New User $89 Created by User:', '84', '24.28.17.212', '2024-04-24 17:41:29', '2024-04-24 17:41:29'),
(961, 'New User $90 Created by User:', '84', '24.28.17.212', '2024-04-24 17:49:11', '2024-04-24 17:49:11'),
(962, 'New User $91 Created by User:', '84', '24.28.17.212', '2024-04-24 17:56:45', '2024-04-24 17:56:45'),
(963, 'New User $92 Created by User:', '84', '24.28.17.212', '2024-04-24 17:58:43', '2024-04-24 17:58:43'),
(964, 'New User $93 Created by User:', '84', '24.28.17.212', '2024-04-24 18:00:34', '2024-04-24 18:00:34'),
(965, 'New User $94 Created by User:', '84', '24.28.17.212', '2024-04-24 18:02:50', '2024-04-24 18:02:50'),
(966, 'New User $95 Created by User:', '84', '24.28.17.212', '2024-04-24 18:04:46', '2024-04-24 18:04:46'),
(967, 'New User $96 Created by User:', '84', '24.28.17.212', '2024-04-24 18:06:43', '2024-04-24 18:06:43'),
(968, 'New User $97 Created by User:', '84', '24.28.17.212', '2024-04-24 18:09:51', '2024-04-24 18:09:51'),
(969, 'New User $98 Created by User:', '84', '24.28.17.212', '2024-04-24 18:11:50', '2024-04-24 18:11:50'),
(970, 'New User $99 Created by User:', '84', '24.28.17.212', '2024-04-24 18:14:15', '2024-04-24 18:14:15'),
(971, 'New User $100 Created by User:', '84', '24.28.17.212', '2024-04-24 18:16:11', '2024-04-24 18:16:11'),
(972, 'Role #6 Updated by User: #1', '1', '174.246.199.132', '2024-04-24 20:44:56', '2024-04-24 20:44:56'),
(973, 'Company Settings Updated by User: #75', '75', '98.198.221.35', '2024-04-24 20:50:47', '2024-04-24 20:50:47'),
(974, 'Company Settings Updated by User: #75', '75', '98.198.221.35', '2024-04-24 20:50:47', '2024-04-24 20:50:47'),
(975, 'Role #5 Updated by User: #1', '1', '108.220.103.186', '2024-04-25 12:51:58', '2024-04-25 12:51:58'),
(976, 'User #94 Updated by User:', '84', '24.28.17.212', '2024-04-25 20:05:08', '2024-04-25 20:05:08'),
(977, 'User #94 Updated by User:', '84', '24.28.17.212', '2024-04-25 20:05:09', '2024-04-25 20:05:09'),
(978, 'User #66 Updated by User:', '44', '70.112.26.123', '2024-04-25 21:21:10', '2024-04-25 21:21:10'),
(979, 'Role #1 Updated by User: #1', '1', '103.182.74.87', '2024-04-26 05:19:15', '2024-04-26 05:19:15'),
(980, 'Role #1 Updated by User: #18', '18', '103.182.74.87', '2024-04-26 05:21:42', '2024-04-26 05:21:42');

-- --------------------------------------------------------

--
-- Table structure for table `allowed_ip_address`
--

CREATE TABLE `allowed_ip_address` (
  `id` int NOT NULL,
  `ip_address` varchar(45) COLLATE utf8mb3_unicode_ci NOT NULL,
  `description` text COLLATE utf8mb3_unicode_ci
) ENGINE=InnoDB DEFAULT CHARSET=utf8mb3 COLLATE=utf8mb3_unicode_ci;

--
-- Dumping data for table `allowed_ip_address`
--

INSERT INTO `allowed_ip_address` (`id`, `ip_address`, `description`) VALUES
(10, 'tiff', 'p'),
(12, 'greg', 'rat'),
(13, 'emma', 'tt');

-- --------------------------------------------------------

--
-- Table structure for table `assigned_locations`
--

CREATE TABLE `assigned_locations` (
  `id` int NOT NULL,
  `user_id` int DEFAULT NULL,
  `location_id` int DEFAULT NULL,
  `created_at` timestamp NULL DEFAULT CURRENT_TIMESTAMP,
  `updated_at` timestamp NULL DEFAULT CURRENT_TIMESTAMP ON UPDATE CURRENT_TIMESTAMP
) ENGINE=InnoDB DEFAULT CHARSET=utf8mb3 COLLATE=utf8mb3_unicode_ci;

--
-- Dumping data for table `assigned_locations`
--

INSERT INTO `assigned_locations` (`id`, `user_id`, `location_id`, `created_at`, `updated_at`) VALUES
(199, 1, 37, '2024-03-29 10:35:06', '2024-03-29 10:35:06'),
(213, 1, 29, '2024-03-29 11:03:09', '2024-03-29 11:03:09'),
(215, 18, 29, '2024-03-29 11:03:09', '2024-03-29 11:03:09'),
(222, 1, 40, '2024-03-29 11:12:01', '2024-03-29 11:12:01'),
(275, 1, 30, '2024-04-09 17:31:11', '2024-04-09 17:31:11'),
(277, 18, 30, '2024-04-09 17:31:11', '2024-04-09 17:31:11'),
(278, 41, 30, '2024-04-09 17:31:11', '2024-04-09 17:31:11'),
(292, 1, 28, '2024-04-09 20:48:31', '2024-04-09 20:48:31'),
(296, 18, 28, '2024-04-09 20:48:31', '2024-04-09 20:48:31'),
(297, 43, 28, '2024-04-09 20:48:31', '2024-04-09 20:48:31'),
(299, 1, 14, '2024-04-09 20:49:52', '2024-04-09 20:49:52'),
(303, 18, 14, '2024-04-09 20:49:52', '2024-04-09 20:49:52'),
(304, 44, 14, '2024-04-09 20:49:52', '2024-04-09 20:49:52'),
(331, 55, 14, '2024-04-14 10:36:16', '2024-04-14 10:36:16'),
(332, 56, 14, '2024-04-14 10:41:32', '2024-04-14 10:41:32'),
(333, 57, 14, '2024-04-14 10:43:41', '2024-04-14 10:43:41'),
(334, 57, 29, '2024-04-14 10:43:41', '2024-04-14 10:43:41'),
(335, 48, 28, '2024-04-14 11:00:21', '2024-04-14 11:00:21'),
(336, 54, 28, '2024-04-14 11:40:57', '2024-04-14 11:40:57'),
(345, 59, 14, '2024-04-14 17:28:50', '2024-04-14 17:28:50'),
(349, 60, 14, '2024-04-14 18:06:20', '2024-04-14 18:06:20'),
(350, 61, 14, '2024-04-14 18:09:02', '2024-04-14 18:09:02'),
(351, 62, 14, '2024-04-14 18:27:29', '2024-04-14 18:27:29'),
(352, 63, 14, '2024-04-14 18:28:54', '2024-04-14 18:28:54'),
(353, 64, 14, '2024-04-14 18:30:54', '2024-04-14 18:30:54'),
(354, 65, 14, '2024-04-14 18:32:47', '2024-04-14 18:32:47'),
(356, 67, 14, '2024-04-14 18:35:36', '2024-04-14 18:35:36'),
(360, 68, 28, '2024-04-15 20:11:54', '2024-04-15 20:11:54'),
(368, 72, 28, '2024-04-15 20:30:41', '2024-04-15 20:30:41'),
(371, 70, 28, '2024-04-15 20:33:28', '2024-04-15 20:33:28'),
(372, 69, 28, '2024-04-15 20:35:58', '2024-04-15 20:35:58'),
(374, 73, 28, '2024-04-15 21:30:22', '2024-04-15 21:30:22'),
(377, 15, 30, '2024-04-16 03:14:34', '2024-04-16 03:14:34'),
(378, 74, 29, '2024-04-18 17:19:57', '2024-04-18 17:19:57'),
(379, 17, 14, '2024-04-18 17:22:23', '2024-04-18 17:22:23'),
(380, 17, 28, '2024-04-18 17:22:23', '2024-04-18 17:22:23'),
(381, 17, 29, '2024-04-18 17:22:23', '2024-04-18 17:22:23'),
(382, 17, 30, '2024-04-18 17:22:23', '2024-04-18 17:22:23'),
(383, 17, 37, '2024-04-18 17:22:23', '2024-04-18 17:22:23'),
(384, 17, 40, '2024-04-18 17:22:23', '2024-04-18 17:22:23'),
(385, 75, 29, '2024-04-18 19:32:39', '2024-04-18 19:32:39'),
(386, 76, 29, '2024-04-18 19:34:38', '2024-04-18 19:34:38'),
(388, 78, 29, '2024-04-18 19:41:41', '2024-04-18 19:41:41'),
(389, 79, 29, '2024-04-18 20:02:50', '2024-04-18 20:02:50'),
(390, 80, 29, '2024-04-18 20:03:48', '2024-04-18 20:03:48'),
(391, 81, 29, '2024-04-18 20:04:41', '2024-04-18 20:04:41'),
(393, 83, 29, '2024-04-18 20:05:43', '2024-04-18 20:05:43'),
(394, 16, 37, '2024-04-18 20:06:07', '2024-04-18 20:06:07'),
(395, 71, 28, '2024-04-18 21:28:31', '2024-04-18 21:28:31'),
(398, 77, 29, '2024-04-21 18:10:05', '2024-04-21 18:10:05'),
(399, 84, 40, '2024-04-23 23:43:13', '2024-04-23 23:43:13'),
(400, 85, 40, '2024-04-24 16:55:28', '2024-04-24 16:55:28'),
(402, 86, 40, '2024-04-24 17:29:29', '2024-04-24 17:29:29'),
(403, 87, 40, '2024-04-24 17:36:49', '2024-04-24 17:36:49'),
(404, 88, 40, '2024-04-24 17:39:25', '2024-04-24 17:39:25'),
(405, 89, 40, '2024-04-24 17:41:29', '2024-04-24 17:41:29'),
(406, 90, 40, '2024-04-24 17:49:11', '2024-04-24 17:49:11'),
(407, 91, 40, '2024-04-24 17:56:45', '2024-04-24 17:56:45'),
(408, 92, 40, '2024-04-24 17:58:43', '2024-04-24 17:58:43'),
(409, 93, 40, '2024-04-24 18:00:34', '2024-04-24 18:00:34'),
(411, 95, 40, '2024-04-24 18:04:46', '2024-04-24 18:04:46'),
(412, 96, 40, '2024-04-24 18:06:43', '2024-04-24 18:06:43'),
(413, 97, 40, '2024-04-24 18:09:51', '2024-04-24 18:09:51'),
(414, 98, 40, '2024-04-24 18:11:50', '2024-04-24 18:11:50'),
(415, 99, 40, '2024-04-24 18:14:14', '2024-04-24 18:14:14'),
(416, 100, 40, '2024-04-24 18:16:11', '2024-04-24 18:16:11'),
(418, 94, 40, '2024-04-25 20:05:09', '2024-04-25 20:05:09'),
(419, 66, 14, '2024-04-25 21:21:10', '2024-04-25 21:21:10');

-- --------------------------------------------------------

--
-- Table structure for table `email_table`
--

CREATE TABLE `email_table` (
  `id` int NOT NULL,
  `type` varchar(255) COLLATE utf8mb3_unicode_ci NOT NULL,
  `subject` varchar(255) COLLATE utf8mb3_unicode_ci NOT NULL,
  `body` text COLLATE utf8mb3_unicode_ci NOT NULL,
  `to_email` varchar(255) COLLATE utf8mb3_unicode_ci NOT NULL,
  `cc_email` varchar(255) COLLATE utf8mb3_unicode_ci DEFAULT NULL,
  `bcc_email` varchar(255) COLLATE utf8mb3_unicode_ci DEFAULT NULL,
  `sent` tinyint(1) DEFAULT '0'
) ENGINE=InnoDB DEFAULT CHARSET=utf8mb3 COLLATE=utf8mb3_unicode_ci;

--
-- Dumping data for table `email_table`
--

INSERT INTO `email_table` (`id`, `type`, `subject`, `body`, `to_email`, `cc_email`, `bcc_email`, `sent`) VALUES
(187, 'New Account Created', 'Your Account Has Been Created', 'New user created', 'christyanderson226@gmail.com', '', '', 0),
(188, 'User Added', 'New User Created', 'A Lead Instructor has been added under you. Diana Christy Anderson is now registered and you are listed as their manager.', 'robbie.mercantel@mathnasium.com', '', '', 0),
(189, '1', 'Signature Requested | Employee Status Change Form', '<p>Sign the <a href=\'https://mathmsllc.com/dashboard/public/users/sign/b90e3efc439bc258\'>document</a>.</p>', '41', '', '', 1),
(190, '25', 'Signed | Employee Status Change | Diana Christy Anderson', 'Diana Christy Anderson has completed the employee status change form from 04/02/2024.<br><br>\r\n<a href=\'https://mathmsllc.com/dashboard/public/users/success/d164793272dc6ed0\' style=\'background-color: #4CAF50; color: white; padding: 10px 20px; text-align: center; text-decoration: none; display: inline-block; font-size: 16px; margin: 4px 2px; cursor: pointer; border-radius: 12px;\'>View Signed Form</a>', '17', '', '', 1),
(191, '1', 'Signature Requested | Employee Status Change Form', '<p>Sign the <a href=\'https://mathmsllc.com/dashboard/public/users/sign/de2855c4c334f5f5\'>document</a>.</p>', '16', '', '', 1),
(210, '27', 'Auto Clock Out Notification', '<p>You did not clock out for your last shift. Your manager has been made aware of this. Ensure this gets fixed to make sure you get paid.', '1', NULL, NULL, 1),
(211, '27', 'Auto Clock Out Notification', '<p>You did not clock out for your last shift. Your manager has been made aware of this. Ensure this gets fixed to make sure you get paid.', '1', NULL, NULL, 1),
(212, '24', 'New Expense Submitted', 'New expense submitted by Greg on behalf of Greg for Belterra<br> greg rest - 13.85 <br> View expense details: <a href=\'https://mathmsllc.com/dashboard/public/expenses/view/114\'>https://mathmsllc.com/dashboard/public/expenses/view/114</a>', '1', '', '', 1),
(214, '1', 'Your Account Has Been Created', 'Your account has been created. Please use the following info to login:<br><br>\r\n                        Username: tess.matkin<br>\r\n                        Password: 12345678 (You can change when you login)<br><br>\r\n                        <a href=\'https://mathmsllc.com/dashboard/public/\'>Login Here</a>\r\n                    ', '43', '', '', 1),
(215, '20', 'New User Created', 'A Center Director has been added under you. Tess Matkin is now registered and you are listed as their manager.', '17', '', '', 1),
(216, '1', 'Your Account Has Been Created', 'Your account has been created. Please use the following info to login:<br><br>\r\n                        Username: alexandria.woodward<br>\r\n                        Password: 12345678 (You can change when you login)<br><br>\r\n                        <a href=\'https://mathmsllc.com/dashboard/public/\'>Login Here</a>\r\n                    ', '44', '', '', 1),
(217, '20', 'New User Created', 'A Center Director has been added under you. Alexandria Woodward is now registered and you are listed as their manager.', '17', '', '', 1),
(218, '24', 'New Expense Submitted', 'New expense submitted by Tess on behalf of Tess for Alamo Heights<br> Center Essentials - 63.66 <br> View expense details: <a href=\'https://mathmsllc.com/dashboard/public/expenses/view/115\'>https://mathmsllc.com/dashboard/public/expenses/view/115</a>', '43', '', '', 1),
(219, '23', 'New Expense Submitted For One of Your Employees | Tess', 'New expense submitted by Tess on behalf of Tess for Alamo Heights<br> Center Essentials - 63.66 <br> View expense details: <a href=\'https://mathmsllc.com/dashboard/public/expenses/view/115\'>https://mathmsllc.com/dashboard/public/expenses/view/115</a>', '17', '', '', 1),
(220, '27', 'Auto Clock Out Notification', '<p>You did not clock out for your last shift. Your manager has been made aware of this. Ensure this gets fixed to make sure you get paid.', '1', NULL, NULL, 1),
(221, '27', 'Auto Clock Out Notification', '<p>You did not clock out for your last shift. Your manager has been made aware of this. Ensure this gets fixed to make sure you get paid.', '1', NULL, NULL, 1),
(222, '27', 'Auto Clock Out Notification', '<p>You did not clock out for your last shift. Your manager has been made aware of this. Ensure this gets fixed to make sure you get paid.', '1', NULL, NULL, 1),
(223, '1', 'Your Account Has Been Created', 'Your account has been created. Please use the following info to login:<br><br>\r\n                        Username: akljdflajdslfj<br>\r\n                        Password: 12345678 (You can change when you login)<br><br>\r\n                        <a href=\'https://mathmsllc.com/dashboard/public/\'>Login Here</a>\r\n                    ', '45', '', '', 1),
(224, '20', 'New User Created', 'A Instructor has been added under you. asfasdf aadfasd is now registered and you are listed as their manager.', '15', '', '', 1),
(225, '1', 'Your Account Has Been Created', 'Your account has been created. Please use the following info to login:<br><br>\r\n                        Username: grekgjk@klasdjkf.com<br>\r\n                        Password: 12345678 (You can change when you login)<br><br>\r\n                        <a href=\'https://mathmsllc.com/dashboard/public/\'>Login Here</a>\r\n                    ', '47', '', '', 1),
(226, '1', 'Your Account Has Been Created', 'Your account has been created. Please use the following info to login:<br><br>\r\n                        Username: 11@11.com<br>\r\n                        Password: 12345678 (You can change when you login)<br><br>\r\n                        <a href=\'https://mathmsllc.com/dashboard/public/\'>Login Here</a>\r\n                    ', '48', '', '', 1),
(227, '1', 'Your Account Has Been Created', 'Your account has been created. Please use the following info to login:<br><br>\r\n                        Username: sdakfjdlkj@klasjdkj.com<br>\r\n                        Password: 12345678 (You can change when you login)<br><br>\r\n                        <a href=\'https://mathmsllc.com/dashboard/public/\'>Login Here</a>\r\n                    ', '49', '', '', 0),
(228, '1', 'Your Account Has Been Created', 'Your account has been created. Please use the following info to login:<br><br>\r\n                        Username: gregkasdjl@lkajsdfj.com<br>\r\n                        Password: 12345678 (You can change when you login)<br><br>\r\n                        <a href=\'https://mathmsllc.com/dashboard/public/\'>Login Here</a>\r\n                    ', '50', '', '', 1),
(229, '24', 'New Expense Submitted', 'New expense submitted by Robbie on behalf of Robbie for Round Rock<br> Water & Hand Soap - 11.04 <br> View expense details: <a href=\'https://mathmsllc.com/dashboard/public/expenses/view/116\'>https://mathmsllc.com/dashboard/public/expenses/view/116</a>', '17', '', '', 1),
(230, '23', 'New Expense Submitted For One of Your Employees | Robbie', 'New expense submitted by Robbie on behalf of Robbie for Round Rock<br> Water & Hand Soap - 11.04 <br> View expense details: <a href=\'https://mathmsllc.com/dashboard/public/expenses/view/116\'>https://mathmsllc.com/dashboard/public/expenses/view/116</a>', '1', '', '', 1),
(231, '24', 'New Expense Submitted', 'New expense submitted by Robbie on behalf of Robbie for Cedar Park<br> Tablet - 63.87 <br> View expense details: <a href=\'https://mathmsllc.com/dashboard/public/expenses/view/117\'>https://mathmsllc.com/dashboard/public/expenses/view/117</a>', '17', '', '', 1),
(232, '23', 'New Expense Submitted For One of Your Employees | Robbie', 'New expense submitted by Robbie on behalf of Robbie for Cedar Park<br> Tablet - 63.87 <br> View expense details: <a href=\'https://mathmsllc.com/dashboard/public/expenses/view/117\'>https://mathmsllc.com/dashboard/public/expenses/view/117</a>', '1', '', '', 1),
(233, '24', 'New Expense Submitted', 'New expense submitted by Robbie on behalf of Robbie for Round Rock<br> RR - Name Tags - 166.50 <br> View expense details: <a href=\'https://mathmsllc.com/dashboard/public/expenses/view/118\'>https://mathmsllc.com/dashboard/public/expenses/view/118</a>', '17', '', '', 1),
(234, '23', 'New Expense Submitted For One of Your Employees | Robbie', 'New expense submitted by Robbie on behalf of Robbie for Round Rock<br> RR - Name Tags - 166.50 <br> View expense details: <a href=\'https://mathmsllc.com/dashboard/public/expenses/view/118\'>https://mathmsllc.com/dashboard/public/expenses/view/118</a>', '1', '', '', 1),
(235, '24', 'New Expense Submitted', 'New expense submitted by Robbie on behalf of Robbie for Round Rock<br> Shirts - 125.52 <br> View expense details: <a href=\'https://mathmsllc.com/dashboard/public/expenses/view/119\'>https://mathmsllc.com/dashboard/public/expenses/view/119</a>', '17', '', '', 1),
(236, '23', 'New Expense Submitted For One of Your Employees | Robbie', 'New expense submitted by Robbie on behalf of Robbie for Round Rock<br> Shirts - 125.52 <br> View expense details: <a href=\'https://mathmsllc.com/dashboard/public/expenses/view/119\'>https://mathmsllc.com/dashboard/public/expenses/view/119</a>', '1', '', '', 1),
(237, '24', 'New Expense Submitted', 'New expense submitted by Robbie on behalf of Robbie for Cedar Park<br> Fire Alarm Monitoring Contract Invoiced Quarterly. - 149.85 <br> View expense details: <a href=\'https://mathmsllc.com/dashboard/public/expenses/view/120\'>https://mathmsllc.com/dashboard/public/expenses/view/120</a>', '17', '', '', 1),
(238, '23', 'New Expense Submitted For One of Your Employees | Robbie', 'New expense submitted by Robbie on behalf of Robbie for Cedar Park<br> Fire Alarm Monitoring Contract Invoiced Quarterly. - 149.85 <br> View expense details: <a href=\'https://mathmsllc.com/dashboard/public/expenses/view/120\'>https://mathmsllc.com/dashboard/public/expenses/view/120</a>', '1', '', '', 1),
(239, '1', 'Your Account Has Been Created', 'Your account has been created. Please use the following info to login:<br><br>\r\n                        Username: kdaslfasjd@alksdjflj.com<br>\r\n                        Password: 12345678 (You can change when you login)<br><br>\r\n                        <a href=\'https://mathmsllc.com/dashboard/public/\'>Login Here</a>\r\n                    ', '52', '', '', 0),
(240, '1', 'Your Account Has Been Created', 'Your account has been created. Please use the following info to login:<br><br>\r\n                        Username: asdfasdf@aksdjf.com<br>\r\n                        Password: 12345678 (You can change when you login)<br><br>\r\n                        <a href=\'https://mathmsllc.com/dashboard/public/\'>Login Here</a>\r\n                    ', '53', '', '', 1),
(241, '1', 'Your Account Has Been Created', 'Your account has been created. Please use the following info to login:<br><br>\r\n                        Username: asdfa@klasdjf.com<br>\r\n                        Password: 12345678 (You can change when you login)<br><br>\r\n                        <a href=\'https://mathmsllc.com/dashboard/public/\'>Login Here</a>\r\n                    ', '54', '', '', 1),
(242, '1', 'Your Account Has Been Created', 'Your account has been created. Please use the following info to login:<br><br>\r\n                        Username: asdfadsf@kasdkjf.com<br>\r\n                        Password: 12345678 (You can change when you login)<br><br>\r\n                        <a href=\'https://mathmsllc.com/dashboard/public/\'>Login Here</a>\r\n                    ', '55', '', '', 1),
(243, '1', 'Your Account Has Been Created', 'Your account has been created. Please use the following info to login:<br><br>\r\n                        Username: noemail@mathmsllc.com<br>\r\n                        Password: 12345678 (You can change when you login)<br><br>\r\n                        <a href=\'https://mathmsllc.com/dashboard/public/\'>Login Here</a>\r\n                    ', '56', '', '', 1),
(244, '1', 'Your Account Has Been Created', 'Your account has been created. Please use the following info to login:<br><br>\r\n                        Username: student_661bb35dc509b<br>\r\n                        Password: 12345678 (You can change when you login)<br><br>\r\n                        <a href=\'https://mathmsllc.com/dashboard/public/\'>Login Here</a>\r\n                    ', '57', '', '', 1),
(245, '1', 'Password Reset', 'Visit https://mathmsllc.com/dashboard/public/auth/forgetPassword/setNewPassword?token=%242y%2410%24owbyZcwG78ZAPAFU47nlD.%2FFctdmz5ziEvlMRGINyVLLxFVBw.h42 to  reset your password', '15', '', '', 1),
(246, '1', '\'Account Reset Password Request Received | \' . setting(\'company_name\')', 'Visit https://mathmsllc.com/dashboard/public/auth/forgetPassword/setNewPassword?token=%242y%2410%24KZSuVfb08VLFUb9DAoViW.6O6paXsIBm9UaqFTvJjN9sc0GY8z5se to  reset your password', '15', '', '', 1),
(247, '1', 'Account Reset Password Request Received | Math Made Simple', 'We have received a request to reset your password. If you did not make this request, you can ignore this email. If you did request this, <a href=\"https://mathmsllc.com/dashboard/public/auth/forgetPassword/setNewPassword?token=%242y%2410%242n31UeWw6CYMg7B78t.4OeCalRgHVUE%2Fw1fQDIQ1JisN.MXpBompG\">click here</a> to reset your password.', '16', '', '', 1),
(248, '1', 'Your Account Has Been Created', 'Your account has been created. Please use the following info to login:<br><br>\r\n                        Username: gregisthebest<br>\r\n                        Password: <a href=\"https://mathmsllc.com/dashboard/public/auth/forgetPassword/setNewPassword?token=%242y%2410%24uPRDKTJuhsJ6rTobBTCU%2FO030bc.04X%2FGmWO4ZCstkdspsoR39q3K\">Click Here</a> to set your password.<br><br>\r\n                        <a href=\'https://mathmsllc.com/dashboard/public/\'>Login Here</a>\r\n                    ', '58', '', '', 1),
(249, '20', 'New User Created', 'A Instructor has been added under you. asdfads fadsfasdf is now registered and you are listed as their manager.', '1', '', '', 1),
(250, '1', 'Your Account Has Been Created', 'Your account has been created. Please use the following info to login:<br><br>\r\n                        Username: wyattcrowley@gmail.com<br>\r\n                        Password: <a href=\"https://mathmsllc.com/dashboard/public/auth/forgetPassword/setNewPassword?token=%242y%2410%2475h1MvGnZVIwkXqjvW6rtui4JmEwnp5Ax%2Fpv5M5hb%2FvCRQt26NVYO\">Click Here</a> to set your password.<br><br>\r\n                        <a href=\'https://mathmsllc.com/dashboard/public/\'>Login Here</a>\r\n                    ', '59', '', '', 1),
(251, '20', 'New User Created', 'A Instructor has been added under you. Wyatt Crowley is now registered and you are listed as their manager.', '44', '', '', 1),
(252, '21', 'Onboarding Task Completed for Your Employee | Wyatt Crowley', '<p>An onboarding task for one of your employees has been marked completed for Wyatt Crowley</p>\r\n        <b>Task:</b> Background Check<br>\r\n        <b>Marked Completed By:</b> Alexandria Woodward</br>\r\n        ', '44', '', '', 1),
(253, '21', 'Onboarding Task Completed for Your Employee | Wyatt Crowley', '<p>An onboarding task for one of your employees has been marked completed for Wyatt Crowley</p>\r\n        <b>Task:</b> Shirts Ordered<br>\r\n        <b>Marked Completed By:</b> Alexandria Woodward</br>\r\n        ', '44', '', '', 1),
(254, '21', 'Onboarding Task Completed for Your Employee | Wyatt Crowley', '<p>An onboarding task for one of your employees has been marked completed for Wyatt Crowley</p>\r\n        <b>Task:</b> Level 2 Training<br>\r\n        <b>Marked Completed By:</b> Alexandria Woodward</br>\r\n        ', '44', '', '', 1),
(255, '21', 'Onboarding Task Completed for Your Employee | Wyatt Crowley', '<p>An onboarding task for one of your employees has been marked completed for Wyatt Crowley</p>\r\n        <b>Task:</b> Level 1 Training<br>\r\n        <b>Marked Completed By:</b> Alexandria Woodward</br>\r\n        ', '44', '', '', 1),
(256, '21', 'Onboarding Task Completed for Your Employee | Wyatt Crowley', '<p>An onboarding task for one of your employees has been marked completed for Wyatt Crowley</p>\r\n        <b>Task:</b> Payroll Data<br>\r\n        <b>Marked Completed By:</b> Alexandria Woodward</br>\r\n        ', '44', '', '', 1),
(257, '21', 'Onboarding Task Completed for Your Employee | Wyatt Crowley', '<p>An onboarding task for one of your employees has been marked completed for Wyatt Crowley</p>\r\n        <b>Task:</b> Name Tag Delivered<br>\r\n        <b>Marked Completed By:</b> Alexandria Woodward</br>\r\n        ', '44', '', '', 1),
(258, '21', 'Onboarding Task Completed for Your Employee | Wyatt Crowley', '<p>An onboarding task for one of your employees has been marked completed for Wyatt Crowley</p>\r\n        <b>Task:</b> Name Tag Ordered<br>\r\n        <b>Marked Completed By:</b> Alexandria Woodward</br>\r\n        ', '44', '', '', 1),
(259, '21', 'Onboarding Task Completed for Your Employee | Wyatt Crowley', '<p>An onboarding task for one of your employees has been marked completed for Wyatt Crowley</p>\r\n        <b>Task:</b> I-9 Verification<br>\r\n        <b>Marked Completed By:</b> Alexandria Woodward</br>\r\n        ', '44', '', '', 1),
(260, '21', 'Onboarding Task Completed for Your Employee | Wyatt Crowley', '<p>An onboarding task for one of your employees has been marked completed for Wyatt Crowley</p>\r\n        <b>Task:</b> Shirts Delivered<br>\r\n        <b>Marked Completed By:</b> Alexandria Woodward</br>\r\n        ', '44', '', '', 1),
(261, '21', 'Onboarding Task Completed for Your Employee | Alexandria Woodward', '<p>An onboarding task for one of your employees has been marked completed for Alexandria Woodward</p>\r\n        <b>Task:</b> Level 2 Training<br>\r\n        <b>Marked Completed By:</b> Alexandria Woodward</br>\r\n        ', '17', '', '', 1),
(262, '21', 'Onboarding Task Completed for Your Employee | Alexandria Woodward', '<p>An onboarding task for one of your employees has been marked completed for Alexandria Woodward</p>\r\n        <b>Task:</b> Level 1 Training<br>\r\n        <b>Marked Completed By:</b> Alexandria Woodward</br>\r\n        ', '17', '', '', 1),
(263, '21', 'Onboarding Task Completed for Your Employee | Alexandria Woodward', '<p>An onboarding task for one of your employees has been marked completed for Alexandria Woodward</p>\r\n        <b>Task:</b> Shirts Delivered<br>\r\n        <b>Marked Completed By:</b> Alexandria Woodward</br>\r\n        ', '17', '', '', 1),
(264, '21', 'Onboarding Task Completed for Your Employee | Alexandria Woodward', '<p>An onboarding task for one of your employees has been marked completed for Alexandria Woodward</p>\r\n        <b>Task:</b> Name Tag Ordered<br>\r\n        <b>Marked Completed By:</b> Alexandria Woodward</br>\r\n        ', '17', '', '', 1),
(265, '21', 'Onboarding Task Completed for Your Employee | Alexandria Woodward', '<p>An onboarding task for one of your employees has been marked completed for Alexandria Woodward</p>\r\n        <b>Task:</b> Shirts Ordered<br>\r\n        <b>Marked Completed By:</b> Alexandria Woodward</br>\r\n        ', '17', '', '', 1),
(266, '21', 'Onboarding Task Completed for Your Employee | Alexandria Woodward', '<p>An onboarding task for one of your employees has been marked completed for Alexandria Woodward</p>\r\n        <b>Task:</b> Background Check<br>\r\n        <b>Marked Completed By:</b> Alexandria Woodward</br>\r\n        ', '17', '', '', 1),
(267, '21', 'Onboarding Task Completed for Your Employee | Alexandria Woodward', '<p>An onboarding task for one of your employees has been marked completed for Alexandria Woodward</p>\r\n        <b>Task:</b> I-9 Verification<br>\r\n        <b>Marked Completed By:</b> Alexandria Woodward</br>\r\n        ', '17', '', '', 1),
(268, '21', 'Onboarding Task Completed for Your Employee | Alexandria Woodward', '<p>An onboarding task for one of your employees has been marked completed for Alexandria Woodward</p>\r\n        <b>Task:</b> Name Tag Delivered<br>\r\n        <b>Marked Completed By:</b> Alexandria Woodward</br>\r\n        ', '17', '', '', 1),
(269, '21', 'Onboarding Task Completed for Your Employee | Alexandria Woodward', '<p>An onboarding task for one of your employees has been marked completed for Alexandria Woodward</p>\r\n        <b>Task:</b> Payroll Data<br>\r\n        <b>Marked Completed By:</b> Alexandria Woodward</br>\r\n        ', '17', '', '', 1),
(270, '22', 'Onboarding 100% | Alexandria Woodward', '<p>All onboarding task have been marked completed for Alexandria Woodward.</p>', '17', '', '', 1),
(271, '1', 'Your Account Has Been Created', 'Your account has been created. Please use the following info to login:<br><br>\r\n                        Username: michaelobrien61@gmail.com<br>\r\n                        Password: <a href=\"https://mathmsllc.com/dashboard/public/auth/forgetPassword/setNewPassword?token=%242y%2410%24Q6Jj.TGtpYvE1ldSe05sd.wLaD8LLknfheU2Ur1qG3PM43h2u%2F2Zm\">Click Here</a> to set your password.<br><br>\r\n                        <a href=\'https://mathmsllc.com/dashboard/public/\'>Login Here</a>\r\n                    ', '60', '', '', 1),
(272, '20', 'New User Created', 'A Instructor has been added under you. Michael O\'Brien is now registered and you are listed as their manager.', '44', '', '', 1),
(273, '1', 'Account Reset Password Request Received | Math Made Simple', 'We have received a request to reset your password. If you did not make this request, you can ignore this email. If you did request this, <a href=\"https://www.mathmsllc.com/dashboard/public/auth/forgetPassword/setNewPassword?token=%242y%2410%24XzW3hyr44Li0q1YRypUtzOOx3zj%2Fonk4ZOKfinMIXHf6tBGUwOOTi\">click here</a> to reset your password.', '60', '', '', 1),
(274, '1', 'Your Account Has Been Created', 'Your account has been created. Please use the following info to login:<br><br>\r\n                        Username: mckenziebrown444@gmail.com<br>\r\n                        Password: <a href=\"https://mathmsllc.com/dashboard/public/auth/forgetPassword/setNewPassword?token=%242y%2410%24vRKxydgX%2FvgoxxwWuze4y.rdv3LtgCbWUjCJ5l1g9ow6jddkaoJAC\">Click Here</a> to set your password.<br><br>\r\n                        <a href=\'https://mathmsllc.com/dashboard/public/\'>Login Here</a>\r\n                    ', '61', '', '', 1),
(275, '20', 'New User Created', 'A Instructor has been added under you. McKenzie Brown is now registered and you are listed as their manager.', '44', '', '', 1),
(276, '1', 'Signature Requested | Employee Status Change Form', '<p>Sign the <a href=\'https://mathmsllc.com/dashboard/public/users/sign/4297855185b85b38\'>document</a>.</p>', '44', '', '', 1),
(277, '25', 'Signed | Employee Status Change | Alexandria Woodward', 'Alexandria Woodward has completed the employee status change form from 04/14/2024 12:00:00 AM.<br><br>\r\n<a href=\'https://mathmsllc.com/dashboard/public/users/success/843b27a31da2613f\' style=\'background-color: #4CAF50; color: white; padding: 10px 20px; text-align: center; text-decoration: none; display: inline-block; font-size: 16px; margin: 4px 2px; cursor: pointer; border-radius: 12px;\'>View Signed Form</a>', '17', '', '', 1),
(278, '1', 'Your Account Has Been Created', 'Your account has been created. Please use the following info to login:<br><br>\r\n                        Username: keira.d.woolley@icloud.com<br>\r\n                        Password: <a href=\"https://mathmsllc.com/dashboard/public/auth/forgetPassword/setNewPassword?token=%242y%2410%24Vw8OGj%2FrZA2AjhCqDproc.T0uPx5JZv6jcQ%2Ft%2F1AzAhVnZsr%2FUJSC\">Click Here</a> to set your password.<br><br>\r\n                        <a href=\'https://mathmsllc.com/dashboard/public/\'>Login Here</a>\r\n                    ', '62', '', '', 1),
(279, '20', 'New User Created', 'A Instructor has been added under you. Keira Woolley is now registered and you are listed as their manager.', '44', '', '', 1),
(280, '1', 'Your Account Has Been Created', 'Your account has been created. Please use the following info to login:<br><br>\r\n                        Username: anr009.ar@gmail.com<br>\r\n                        Password: <a href=\"https://mathmsllc.com/dashboard/public/auth/forgetPassword/setNewPassword?token=%242y%2410%24k6o.y.HBP.jvwB17nzjvRunpApg2y71FkzlrRfZoVPje42RiSNxkG\">Click Here</a> to set your password.<br><br>\r\n                        <a href=\'https://mathmsllc.com/dashboard/public/\'>Login Here</a>\r\n                    ', '63', '', '', 1),
(281, '20', 'New User Created', 'A Instructor has been added under you. Amy Reynolds is now registered and you are listed as their manager.', '44', '', '', 1),
(282, '1', 'Your Account Has Been Created', 'Your account has been created. Please use the following info to login:<br><br>\r\n                        Username: vandanad0214@gmail.com<br>\r\n                        Password: <a href=\"https://mathmsllc.com/dashboard/public/auth/forgetPassword/setNewPassword?token=%242y%2410%24sRK2Dz9p9.BVX1n6OLmMRuRpzfd84TaDPsjdz35zOkJ298SpBKni2\">Click Here</a> to set your password.<br><br>\r\n                        <a href=\'https://mathmsllc.com/dashboard/public/\'>Login Here</a>\r\n                    ', '64', '', '', 1),
(283, '20', 'New User Created', 'A Instructor has been added under you. Vishnu Dubakula is now registered and you are listed as their manager.', '44', '', '', 1),
(284, '1', 'Your Account Has Been Created', 'Your account has been created. Please use the following info to login:<br><br>\r\n                        Username: sbr74@txstate.edu<br>\r\n                        Password: <a href=\"https://mathmsllc.com/dashboard/public/auth/forgetPassword/setNewPassword?token=%242y%2410%241cKwluYU1IAvD4vj0WV1GOzfpUqK68bMjZC.CKzBGw.dZP5CcB%2F.K\">Click Here</a> to set your password.<br><br>\r\n                        <a href=\'https://mathmsllc.com/dashboard/public/\'>Login Here</a>\r\n                    ', '65', '', '', 1),
(285, '20', 'New User Created', 'A Instructor has been added under you. Cristian Quinones is now registered and you are listed as their manager.', '44', '', '', 1),
(286, '1', 'Your Account Has Been Created', 'Your account has been created. Please use the following info to login:<br><br>\r\n                        Username: abirkulkarni@gmail.com<br>\r\n                        Password: <a href=\"https://mathmsllc.com/dashboard/public/auth/forgetPassword/setNewPassword?token=%242y%2410%24.8CnolpOMIcoOvfVto5w0eSOaX2RJbiVmhfOiwYYIxLMzIbu3Meii\">Click Here</a> to set your password.<br><br>\r\n                        <a href=\'https://mathmsllc.com/dashboard/public/\'>Login Here</a>\r\n                    ', '66', '', '', 1),
(287, '20', 'New User Created', 'A Instructor has been added under you. Abir Kulkarni is now registered and you are listed as their manager.', '44', '', '', 1),
(288, '1', 'Your Account Has Been Created', 'Your account has been created. Please use the following info to login:<br><br>\r\n                        Username: aly.stradling@gmail.com<br>\r\n                        Password: <a href=\"https://mathmsllc.com/dashboard/public/auth/forgetPassword/setNewPassword?token=%242y%2410%24eeLb7LLsz3Tsis%2FSG%2FXtdeAKJfrEbE7VAdq9ZlMVdR3uH6sw%2FDpXu\">Click Here</a> to set your password.<br><br>\r\n                        <a href=\'https://mathmsllc.com/dashboard/public/\'>Login Here</a>\r\n                    ', '67', '', '', 1),
(289, '20', 'New User Created', 'A Instructor has been added under you. Alyssa Stradling is now registered and you are listed as their manager.', '44', '', '', 1),
(290, '21', 'Onboarding Task Completed for Your Employee | Alyssa Stradling', '<p>An onboarding task for one of your employees has been marked completed for Alyssa Stradling</p>\r\n        <b>Task:</b> Level 2 Training<br>\r\n        <b>Marked Completed By:</b> Alexandria Woodward</br>\r\n        ', '44', '', '', 1),
(291, '21', 'Onboarding Task Completed for Your Employee | Alyssa Stradling', '<p>An onboarding task for one of your employees has been marked completed for Alyssa Stradling</p>\r\n        <b>Task:</b> Level 1 Training<br>\r\n        <b>Marked Completed By:</b> Alexandria Woodward</br>\r\n        ', '44', '', '', 1),
(292, '21', 'Onboarding Task Completed for Your Employee | Alyssa Stradling', '<p>An onboarding task for one of your employees has been marked completed for Alyssa Stradling</p>\r\n        <b>Task:</b> Payroll Data<br>\r\n        <b>Marked Completed By:</b> Alexandria Woodward</br>\r\n        ', '44', '', '', 1),
(293, '21', 'Onboarding Task Completed for Your Employee | Alyssa Stradling', '<p>An onboarding task for one of your employees has been marked completed for Alyssa Stradling</p>\r\n        <b>Task:</b> Name Tag Delivered<br>\r\n        <b>Marked Completed By:</b> Alexandria Woodward</br>\r\n        ', '44', '', '', 1),
(294, '21', 'Onboarding Task Completed for Your Employee | Alyssa Stradling', '<p>An onboarding task for one of your employees has been marked completed for Alyssa Stradling</p>\r\n        <b>Task:</b> Shirts Delivered<br>\r\n        <b>Marked Completed By:</b> Alexandria Woodward</br>\r\n        ', '44', '', '', 1),
(295, '21', 'Onboarding Task Completed for Your Employee | Alyssa Stradling', '<p>An onboarding task for one of your employees has been marked completed for Alyssa Stradling</p>\r\n        <b>Task:</b> I-9 Verification<br>\r\n        <b>Marked Completed By:</b> Alexandria Woodward</br>\r\n        ', '44', '', '', 1),
(296, '21', 'Onboarding Task Completed for Your Employee | Alyssa Stradling', '<p>An onboarding task for one of your employees has been marked completed for Alyssa Stradling</p>\r\n        <b>Task:</b> Name Tag Ordered<br>\r\n        <b>Marked Completed By:</b> Alexandria Woodward</br>\r\n        ', '44', '', '', 1),
(297, '21', 'Onboarding Task Completed for Your Employee | Alyssa Stradling', '<p>An onboarding task for one of your employees has been marked completed for Alyssa Stradling</p>\r\n        <b>Task:</b> Shirts Ordered<br>\r\n        <b>Marked Completed By:</b> Alexandria Woodward</br>\r\n        ', '44', '', '', 1),
(298, '21', 'Onboarding Task Completed for Your Employee | Alyssa Stradling', '<p>An onboarding task for one of your employees has been marked completed for Alyssa Stradling</p>\r\n        <b>Task:</b> Background Check<br>\r\n        <b>Marked Completed By:</b> Alexandria Woodward</br>\r\n        ', '44', '', '', 1),
(299, '22', 'Onboarding 100% | Alyssa Stradling', '<p>All onboarding task have been marked completed for Alyssa Stradling.</p>', '44', '', '', 1),
(300, '21', 'Onboarding Task Completed for Your Employee | Abir Kulkarni', '<p>An onboarding task for one of your employees has been marked completed for Abir Kulkarni</p>\r\n        <b>Task:</b> Level 2 Training<br>\r\n        <b>Marked Completed By:</b> Alexandria Woodward</br>\r\n        ', '44', '', '', 1),
(301, '21', 'Onboarding Task Completed for Your Employee | Abir Kulkarni', '<p>An onboarding task for one of your employees has been marked completed for Abir Kulkarni</p>\r\n        <b>Task:</b> Level 1 Training<br>\r\n        <b>Marked Completed By:</b> Alexandria Woodward</br>\r\n        ', '44', '', '', 1),
(302, '21', 'Onboarding Task Completed for Your Employee | Abir Kulkarni', '<p>An onboarding task for one of your employees has been marked completed for Abir Kulkarni</p>\r\n        <b>Task:</b> Payroll Data<br>\r\n        <b>Marked Completed By:</b> Alexandria Woodward</br>\r\n        ', '44', '', '', 1),
(303, '21', 'Onboarding Task Completed for Your Employee | Abir Kulkarni', '<p>An onboarding task for one of your employees has been marked completed for Abir Kulkarni</p>\r\n        <b>Task:</b> Name Tag Delivered<br>\r\n        <b>Marked Completed By:</b> Alexandria Woodward</br>\r\n        ', '44', '', '', 1),
(304, '21', 'Onboarding Task Completed for Your Employee | Abir Kulkarni', '<p>An onboarding task for one of your employees has been marked completed for Abir Kulkarni</p>\r\n        <b>Task:</b> Shirts Delivered<br>\r\n        <b>Marked Completed By:</b> Alexandria Woodward</br>\r\n        ', '44', '', '', 1),
(305, '21', 'Onboarding Task Completed for Your Employee | Abir Kulkarni', '<p>An onboarding task for one of your employees has been marked completed for Abir Kulkarni</p>\r\n        <b>Task:</b> I-9 Verification<br>\r\n        <b>Marked Completed By:</b> Alexandria Woodward</br>\r\n        ', '44', '', '', 1),
(306, '21', 'Onboarding Task Completed for Your Employee | Abir Kulkarni', '<p>An onboarding task for one of your employees has been marked completed for Abir Kulkarni</p>\r\n        <b>Task:</b> Name Tag Ordered<br>\r\n        <b>Marked Completed By:</b> Alexandria Woodward</br>\r\n        ', '44', '', '', 1),
(307, '21', 'Onboarding Task Completed for Your Employee | Abir Kulkarni', '<p>An onboarding task for one of your employees has been marked completed for Abir Kulkarni</p>\r\n        <b>Task:</b> Shirts Ordered<br>\r\n        <b>Marked Completed By:</b> Alexandria Woodward</br>\r\n        ', '44', '', '', 1),
(308, '21', 'Onboarding Task Completed for Your Employee | Abir Kulkarni', '<p>An onboarding task for one of your employees has been marked completed for Abir Kulkarni</p>\r\n        <b>Task:</b> Background Check<br>\r\n        <b>Marked Completed By:</b> Alexandria Woodward</br>\r\n        ', '44', '', '', 1),
(309, '22', 'Onboarding 100% | Abir Kulkarni', '<p>All onboarding task have been marked completed for Abir Kulkarni.</p>', '44', '', '', 1),
(310, '21', 'Onboarding Task Completed for Your Employee | Cristian Quinones', '<p>An onboarding task for one of your employees has been marked completed for Cristian Quinones</p>\r\n        <b>Task:</b> Level 2 Training<br>\r\n        <b>Marked Completed By:</b> Alexandria Woodward</br>\r\n        ', '44', '', '', 1),
(311, '21', 'Onboarding Task Completed for Your Employee | Cristian Quinones', '<p>An onboarding task for one of your employees has been marked completed for Cristian Quinones</p>\r\n        <b>Task:</b> Level 1 Training<br>\r\n        <b>Marked Completed By:</b> Alexandria Woodward</br>\r\n        ', '44', '', '', 1),
(312, '21', 'Onboarding Task Completed for Your Employee | Cristian Quinones', '<p>An onboarding task for one of your employees has been marked completed for Cristian Quinones</p>\r\n        <b>Task:</b> Payroll Data<br>\r\n        <b>Marked Completed By:</b> Alexandria Woodward</br>\r\n        ', '44', '', '', 1),
(313, '21', 'Onboarding Task Completed for Your Employee | Cristian Quinones', '<p>An onboarding task for one of your employees has been marked completed for Cristian Quinones</p>\r\n        <b>Task:</b> Name Tag Delivered<br>\r\n        <b>Marked Completed By:</b> Alexandria Woodward</br>\r\n        ', '44', '', '', 1),
(314, '21', 'Onboarding Task Completed for Your Employee | Cristian Quinones', '<p>An onboarding task for one of your employees has been marked completed for Cristian Quinones</p>\r\n        <b>Task:</b> Shirts Delivered<br>\r\n        <b>Marked Completed By:</b> Alexandria Woodward</br>\r\n        ', '44', '', '', 1),
(315, '21', 'Onboarding Task Completed for Your Employee | Cristian Quinones', '<p>An onboarding task for one of your employees has been marked completed for Cristian Quinones</p>\r\n        <b>Task:</b> I-9 Verification<br>\r\n        <b>Marked Completed By:</b> Alexandria Woodward</br>\r\n        ', '44', '', '', 1),
(316, '21', 'Onboarding Task Completed for Your Employee | Cristian Quinones', '<p>An onboarding task for one of your employees has been marked completed for Cristian Quinones</p>\r\n        <b>Task:</b> Name Tag Ordered<br>\r\n        <b>Marked Completed By:</b> Alexandria Woodward</br>\r\n        ', '44', '', '', 1),
(317, '21', 'Onboarding Task Completed for Your Employee | Cristian Quinones', '<p>An onboarding task for one of your employees has been marked completed for Cristian Quinones</p>\r\n        <b>Task:</b> Shirts Ordered<br>\r\n        <b>Marked Completed By:</b> Alexandria Woodward</br>\r\n        ', '44', '', '', 1),
(318, '21', 'Onboarding Task Completed for Your Employee | Cristian Quinones', '<p>An onboarding task for one of your employees has been marked completed for Cristian Quinones</p>\r\n        <b>Task:</b> Background Check<br>\r\n        <b>Marked Completed By:</b> Alexandria Woodward</br>\r\n        ', '44', '', '', 1),
(319, '22', 'Onboarding 100% | Cristian Quinones', '<p>All onboarding task have been marked completed for Cristian Quinones.</p>', '44', '', '', 1),
(320, '21', 'Onboarding Task Completed for Your Employee | Vishnu Dubakula', '<p>An onboarding task for one of your employees has been marked completed for Vishnu Dubakula</p>\r\n        <b>Task:</b> Level 2 Training<br>\r\n        <b>Marked Completed By:</b> Alexandria Woodward</br>\r\n        ', '44', '', '', 1),
(321, '21', 'Onboarding Task Completed for Your Employee | Vishnu Dubakula', '<p>An onboarding task for one of your employees has been marked completed for Vishnu Dubakula</p>\r\n        <b>Task:</b> Level 1 Training<br>\r\n        <b>Marked Completed By:</b> Alexandria Woodward</br>\r\n        ', '44', '', '', 1),
(322, '21', 'Onboarding Task Completed for Your Employee | Vishnu Dubakula', '<p>An onboarding task for one of your employees has been marked completed for Vishnu Dubakula</p>\r\n        <b>Task:</b> Payroll Data<br>\r\n        <b>Marked Completed By:</b> Alexandria Woodward</br>\r\n        ', '44', '', '', 1),
(323, '21', 'Onboarding Task Completed for Your Employee | Vishnu Dubakula', '<p>An onboarding task for one of your employees has been marked completed for Vishnu Dubakula</p>\r\n        <b>Task:</b> Name Tag Delivered<br>\r\n        <b>Marked Completed By:</b> Alexandria Woodward</br>\r\n        ', '44', '', '', 1),
(324, '21', 'Onboarding Task Completed for Your Employee | Vishnu Dubakula', '<p>An onboarding task for one of your employees has been marked completed for Vishnu Dubakula</p>\r\n        <b>Task:</b> Shirts Delivered<br>\r\n        <b>Marked Completed By:</b> Alexandria Woodward</br>\r\n        ', '44', '', '', 1),
(325, '21', 'Onboarding Task Completed for Your Employee | Vishnu Dubakula', '<p>An onboarding task for one of your employees has been marked completed for Vishnu Dubakula</p>\r\n        <b>Task:</b> I-9 Verification<br>\r\n        <b>Marked Completed By:</b> Alexandria Woodward</br>\r\n        ', '44', '', '', 1),
(326, '21', 'Onboarding Task Completed for Your Employee | Vishnu Dubakula', '<p>An onboarding task for one of your employees has been marked completed for Vishnu Dubakula</p>\r\n        <b>Task:</b> Name Tag Ordered<br>\r\n        <b>Marked Completed By:</b> Alexandria Woodward</br>\r\n        ', '44', '', '', 1),
(327, '21', 'Onboarding Task Completed for Your Employee | Vishnu Dubakula', '<p>An onboarding task for one of your employees has been marked completed for Vishnu Dubakula</p>\r\n        <b>Task:</b> Shirts Ordered<br>\r\n        <b>Marked Completed By:</b> Alexandria Woodward</br>\r\n        ', '44', '', '', 1),
(328, '21', 'Onboarding Task Completed for Your Employee | Vishnu Dubakula', '<p>An onboarding task for one of your employees has been marked completed for Vishnu Dubakula</p>\r\n        <b>Task:</b> Background Check<br>\r\n        <b>Marked Completed By:</b> Alexandria Woodward</br>\r\n        ', '44', '', '', 1),
(329, '22', 'Onboarding 100% | Vishnu Dubakula', '<p>All onboarding task have been marked completed for Vishnu Dubakula.</p>', '44', '', '', 1),
(330, '21', 'Onboarding Task Completed for Your Employee | Amy Reynolds', '<p>An onboarding task for one of your employees has been marked completed for Amy Reynolds</p>\r\n        <b>Task:</b> Background Check<br>\r\n        <b>Marked Completed By:</b> Alexandria Woodward</br>\r\n        ', '44', '', '', 1),
(331, '21', 'Onboarding Task Completed for Your Employee | Amy Reynolds', '<p>An onboarding task for one of your employees has been marked completed for Amy Reynolds</p>\r\n        <b>Task:</b> I-9 Verification<br>\r\n        <b>Marked Completed By:</b> Alexandria Woodward</br>\r\n        ', '44', '', '', 1),
(332, '21', 'Onboarding Task Completed for Your Employee | Amy Reynolds', '<p>An onboarding task for one of your employees has been marked completed for Amy Reynolds</p>\r\n        <b>Task:</b> Shirts Ordered<br>\r\n        <b>Marked Completed By:</b> Alexandria Woodward</br>\r\n        ', '44', '', '', 1),
(333, '21', 'Onboarding Task Completed for Your Employee | Amy Reynolds', '<p>An onboarding task for one of your employees has been marked completed for Amy Reynolds</p>\r\n        <b>Task:</b> Name Tag Ordered<br>\r\n        <b>Marked Completed By:</b> Alexandria Woodward</br>\r\n        ', '44', '', '', 1),
(334, '21', 'Onboarding Task Completed for Your Employee | Amy Reynolds', '<p>An onboarding task for one of your employees has been marked completed for Amy Reynolds</p>\r\n        <b>Task:</b> Payroll Data<br>\r\n        <b>Marked Completed By:</b> Alexandria Woodward</br>\r\n        ', '44', '', '', 1),
(335, '21', 'Onboarding Task Completed for Your Employee | Amy Reynolds', '<p>An onboarding task for one of your employees has been marked completed for Amy Reynolds</p>\r\n        <b>Task:</b> Level 1 Training<br>\r\n        <b>Marked Completed By:</b> Alexandria Woodward</br>\r\n        ', '44', '', '', 1),
(336, '21', 'Onboarding Task Completed for Your Employee | Amy Reynolds', '<p>An onboarding task for one of your employees has been marked completed for Amy Reynolds</p>\r\n        <b>Task:</b> Level 2 Training<br>\r\n        <b>Marked Completed By:</b> Alexandria Woodward</br>\r\n        ', '44', '', '', 1),
(337, '21', 'Onboarding Task Completed for Your Employee | Keira Woolley', '<p>An onboarding task for one of your employees has been marked completed for Keira Woolley</p>\r\n        <b>Task:</b> Level 1 Training<br>\r\n        <b>Marked Completed By:</b> Alexandria Woodward</br>\r\n        ', '44', '', '', 1),
(338, '21', 'Onboarding Task Completed for Your Employee | Keira Woolley', '<p>An onboarding task for one of your employees has been marked completed for Keira Woolley</p>\r\n        <b>Task:</b> Background Check<br>\r\n        <b>Marked Completed By:</b> Alexandria Woodward</br>\r\n        ', '44', '', '', 1),
(339, '21', 'Onboarding Task Completed for Your Employee | Keira Woolley', '<p>An onboarding task for one of your employees has been marked completed for Keira Woolley</p>\r\n        <b>Task:</b> Shirts Ordered<br>\r\n        <b>Marked Completed By:</b> Alexandria Woodward</br>\r\n        ', '44', '', '', 1),
(340, '21', 'Onboarding Task Completed for Your Employee | Keira Woolley', '<p>An onboarding task for one of your employees has been marked completed for Keira Woolley</p>\r\n        <b>Task:</b> Name Tag Ordered<br>\r\n        <b>Marked Completed By:</b> Alexandria Woodward</br>\r\n        ', '44', '', '', 1),
(341, '21', 'Onboarding Task Completed for Your Employee | Keira Woolley', '<p>An onboarding task for one of your employees has been marked completed for Keira Woolley</p>\r\n        <b>Task:</b> I-9 Verification<br>\r\n        <b>Marked Completed By:</b> Alexandria Woodward</br>\r\n        ', '44', '', '', 1),
(342, '21', 'Onboarding Task Completed for Your Employee | Keira Woolley', '<p>An onboarding task for one of your employees has been marked completed for Keira Woolley</p>\r\n        <b>Task:</b> Payroll Data<br>\r\n        <b>Marked Completed By:</b> Alexandria Woodward</br>\r\n        ', '44', '', '', 1),
(343, '21', 'Onboarding Task Completed for Your Employee | McKenzie Brown', '<p>An onboarding task for one of your employees has been marked completed for McKenzie Brown</p>\r\n        <b>Task:</b> Level 2 Training<br>\r\n        <b>Marked Completed By:</b> Alexandria Woodward</br>\r\n        ', '44', '', '', 1),
(344, '21', 'Onboarding Task Completed for Your Employee | McKenzie Brown', '<p>An onboarding task for one of your employees has been marked completed for McKenzie Brown</p>\r\n        <b>Task:</b> Level 1 Training<br>\r\n        <b>Marked Completed By:</b> Alexandria Woodward</br>\r\n        ', '44', '', '', 1),
(345, '21', 'Onboarding Task Completed for Your Employee | McKenzie Brown', '<p>An onboarding task for one of your employees has been marked completed for McKenzie Brown</p>\r\n        <b>Task:</b> Payroll Data<br>\r\n        <b>Marked Completed By:</b> Alexandria Woodward</br>\r\n        ', '44', '', '', 1),
(346, '21', 'Onboarding Task Completed for Your Employee | McKenzie Brown', '<p>An onboarding task for one of your employees has been marked completed for McKenzie Brown</p>\r\n        <b>Task:</b> Name Tag Delivered<br>\r\n        <b>Marked Completed By:</b> Alexandria Woodward</br>\r\n        ', '44', '', '', 1),
(347, '21', 'Onboarding Task Completed for Your Employee | McKenzie Brown', '<p>An onboarding task for one of your employees has been marked completed for McKenzie Brown</p>\r\n        <b>Task:</b> Shirts Delivered<br>\r\n        <b>Marked Completed By:</b> Alexandria Woodward</br>\r\n        ', '44', '', '', 1),
(348, '21', 'Onboarding Task Completed for Your Employee | McKenzie Brown', '<p>An onboarding task for one of your employees has been marked completed for McKenzie Brown</p>\r\n        <b>Task:</b> I-9 Verification<br>\r\n        <b>Marked Completed By:</b> Alexandria Woodward</br>\r\n        ', '44', '', '', 1),
(349, '21', 'Onboarding Task Completed for Your Employee | McKenzie Brown', '<p>An onboarding task for one of your employees has been marked completed for McKenzie Brown</p>\r\n        <b>Task:</b> Name Tag Ordered<br>\r\n        <b>Marked Completed By:</b> Alexandria Woodward</br>\r\n        ', '44', '', '', 1),
(350, '21', 'Onboarding Task Completed for Your Employee | McKenzie Brown', '<p>An onboarding task for one of your employees has been marked completed for McKenzie Brown</p>\r\n        <b>Task:</b> Shirts Ordered<br>\r\n        <b>Marked Completed By:</b> Alexandria Woodward</br>\r\n        ', '44', '', '', 1),
(351, '21', 'Onboarding Task Completed for Your Employee | McKenzie Brown', '<p>An onboarding task for one of your employees has been marked completed for McKenzie Brown</p>\r\n        <b>Task:</b> Background Check<br>\r\n        <b>Marked Completed By:</b> Alexandria Woodward</br>\r\n        ', '44', '', '', 1),
(352, '22', 'Onboarding 100% | McKenzie Brown', '<p>All onboarding task have been marked completed for McKenzie Brown.</p>', '44', '', '', 1),
(353, '21', 'Onboarding Task Completed for Your Employee | Michael O\'Brien', '<p>An onboarding task for one of your employees has been marked completed for Michael O\'Brien</p>\r\n        <b>Task:</b> Background Check<br>\r\n        <b>Marked Completed By:</b> Alexandria Woodward</br>\r\n        ', '44', '', '', 1),
(354, '26', 'Auto Clock Out Notification', '<p>Employee Alexandria Woodward has been automatically clocked out. Make sure to correct this entry asap.</p><p>The employee & manager are on this email</p>', '17', NULL, NULL, 1),
(355, '27', 'Auto Clock Out Notification', '<p>You did not clock out for your last shift. Your manager has been made aware of this. Ensure this gets fixed to make sure you get paid.', '44', NULL, NULL, 1),
(356, '26', 'Auto Clock Out Notification', '<p>Employee McKenzie Brown has been automatically clocked out. Make sure to correct this entry asap.</p><p>The employee & manager are on this email</p>', '44', NULL, NULL, 1),
(357, '27', 'Auto Clock Out Notification', '<p>You did not clock out for your last shift. Your manager has been made aware of this. Ensure this gets fixed to make sure you get paid.', '61', NULL, NULL, 1),
(358, '1', 'Your Account Has Been Created', 'Your account has been created. Please use the following info to login:<br><br>\r\n                        Username: mayaelaine@gmail.com<br>\r\n                        Password: <a href=\"https://mathmsllc.com/dashboard/public/auth/forgetPassword/setNewPassword?token=%242y%2410%241saIEzBYxZzVXc7nM1eFVexCmRPZbMqP5hukBh5LCrFqe5Zn%2F.J1m\">Click Here</a> to set your password.<br><br>\r\n                        <a href=\'https://mathmsllc.com/dashboard/public/\'>Login Here</a>\r\n                    ', '68', '', '', 1),
(359, '20', 'New User Created', 'A Instructor has been added under you. Maya Stroud is now registered and you are listed as their manager.', '43', '', '', 1),
(360, '21', 'Onboarding Task Completed for Your Employee | Tess Matkin', '<p>An onboarding task for one of your employees has been marked completed for Tess Matkin</p>\r\n        <b>Task:</b> Background Check<br>\r\n        <b>Marked Completed By:</b> Tess Matkin</br>\r\n        ', '17', '', '', 1),
(361, '21', 'Onboarding Task Completed for Your Employee | Tess Matkin', '<p>An onboarding task for one of your employees has been marked completed for Tess Matkin</p>\r\n        <b>Task:</b> Shirts Ordered<br>\r\n        <b>Marked Completed By:</b> Tess Matkin</br>\r\n        ', '17', '', '', 1),
(362, '21', 'Onboarding Task Completed for Your Employee | Tess Matkin', '<p>An onboarding task for one of your employees has been marked completed for Tess Matkin</p>\r\n        <b>Task:</b> Name Tag Ordered<br>\r\n        <b>Marked Completed By:</b> Tess Matkin</br>\r\n        ', '17', '', '', 1),
(363, '21', 'Onboarding Task Completed for Your Employee | Tess Matkin', '<p>An onboarding task for one of your employees has been marked completed for Tess Matkin</p>\r\n        <b>Task:</b> I-9 Verification<br>\r\n        <b>Marked Completed By:</b> Tess Matkin</br>\r\n        ', '17', '', '', 1),
(364, '21', 'Onboarding Task Completed for Your Employee | Tess Matkin', '<p>An onboarding task for one of your employees has been marked completed for Tess Matkin</p>\r\n        <b>Task:</b> Shirts Delivered<br>\r\n        <b>Marked Completed By:</b> Tess Matkin</br>\r\n        ', '17', '', '', 1);
INSERT INTO `email_table` (`id`, `type`, `subject`, `body`, `to_email`, `cc_email`, `bcc_email`, `sent`) VALUES
(365, '21', 'Onboarding Task Completed for Your Employee | Tess Matkin', '<p>An onboarding task for one of your employees has been marked completed for Tess Matkin</p>\r\n        <b>Task:</b> Name Tag Delivered<br>\r\n        <b>Marked Completed By:</b> Tess Matkin</br>\r\n        ', '17', '', '', 1),
(366, '21', 'Onboarding Task Completed for Your Employee | Tess Matkin', '<p>An onboarding task for one of your employees has been marked completed for Tess Matkin</p>\r\n        <b>Task:</b> Level 2 Training<br>\r\n        <b>Marked Completed By:</b> Tess Matkin</br>\r\n        ', '17', '', '', 1),
(367, '21', 'Onboarding Task Completed for Your Employee | Tess Matkin', '<p>An onboarding task for one of your employees has been marked completed for Tess Matkin</p>\r\n        <b>Task:</b> Level 1 Training<br>\r\n        <b>Marked Completed By:</b> Tess Matkin</br>\r\n        ', '17', '', '', 1),
(368, '21', 'Onboarding Task Completed for Your Employee | Tess Matkin', '<p>An onboarding task for one of your employees has been marked completed for Tess Matkin</p>\r\n        <b>Task:</b> Payroll Data<br>\r\n        <b>Marked Completed By:</b> Tess Matkin</br>\r\n        ', '17', '', '', 1),
(369, '22', 'Onboarding 100% | Tess Matkin', '<p>All onboarding task have been marked completed for Tess Matkin.</p>', '17', '', '', 1),
(370, '21', 'Onboarding Task Completed for Your Employee | Tess Matkin', '<p>An onboarding task for one of your employees has been marked completed for Tess Matkin</p>\r\n        <b>Task:</b> Payroll Data<br>\r\n        <b>Marked Completed By:</b> Tess Matkin</br>\r\n        ', '17', '', '', 1),
(371, '22', 'Onboarding 100% | Tess Matkin', '<p>All onboarding task have been marked completed for Tess Matkin.</p>', '17', '', '', 1),
(372, '1', 'Signature Requested | Employee Status Change Form', '<p>Sign the <a href=\'https://mathmsllc.com/dashboard/public/users/sign/604acc2dc9dfaff9\'>document</a>.</p>', '43', '', '', 1),
(373, '25', 'Signed | Employee Status Change | Tess Matkin', 'Tess Matkin has completed the employee status change form from 04/15/2024 12:00:00 AM.<br><br>\r\n<a href=\'https://mathmsllc.com/dashboard/public/users/success/89e59dc88042edc3\' style=\'background-color: #4CAF50; color: white; padding: 10px 20px; text-align: center; text-decoration: none; display: inline-block; font-size: 16px; margin: 4px 2px; cursor: pointer; border-radius: 12px;\'>View Signed Form</a>', '17', '', '', 1),
(374, '21', 'Onboarding Task Completed for Your Employee | Maya Stroud', '<p>An onboarding task for one of your employees has been marked completed for Maya Stroud</p>\r\n        <b>Task:</b> Background Check<br>\r\n        <b>Marked Completed By:</b> Tess Matkin</br>\r\n        ', '43', '', '', 1),
(375, '21', 'Onboarding Task Completed for Your Employee | Maya Stroud', '<p>An onboarding task for one of your employees has been marked completed for Maya Stroud</p>\r\n        <b>Task:</b> Shirts Ordered<br>\r\n        <b>Marked Completed By:</b> Tess Matkin</br>\r\n        ', '43', '', '', 1),
(376, '21', 'Onboarding Task Completed for Your Employee | Maya Stroud', '<p>An onboarding task for one of your employees has been marked completed for Maya Stroud</p>\r\n        <b>Task:</b> Shirts Delivered<br>\r\n        <b>Marked Completed By:</b> Tess Matkin</br>\r\n        ', '43', '', '', 1),
(377, '21', 'Onboarding Task Completed for Your Employee | Maya Stroud', '<p>An onboarding task for one of your employees has been marked completed for Maya Stroud</p>\r\n        <b>Task:</b> Name Tag Ordered<br>\r\n        <b>Marked Completed By:</b> Tess Matkin</br>\r\n        ', '43', '', '', 1),
(378, '21', 'Onboarding Task Completed for Your Employee | Maya Stroud', '<p>An onboarding task for one of your employees has been marked completed for Maya Stroud</p>\r\n        <b>Task:</b> I-9 Verification<br>\r\n        <b>Marked Completed By:</b> Tess Matkin</br>\r\n        ', '43', '', '', 1),
(379, '21', 'Onboarding Task Completed for Your Employee | Maya Stroud', '<p>An onboarding task for one of your employees has been marked completed for Maya Stroud</p>\r\n        <b>Task:</b> Name Tag Delivered<br>\r\n        <b>Marked Completed By:</b> Tess Matkin</br>\r\n        ', '43', '', '', 1),
(380, '21', 'Onboarding Task Completed for Your Employee | Maya Stroud', '<p>An onboarding task for one of your employees has been marked completed for Maya Stroud</p>\r\n        <b>Task:</b> Payroll Data<br>\r\n        <b>Marked Completed By:</b> Tess Matkin</br>\r\n        ', '43', '', '', 1),
(381, '21', 'Onboarding Task Completed for Your Employee | Maya Stroud', '<p>An onboarding task for one of your employees has been marked completed for Maya Stroud</p>\r\n        <b>Task:</b> Level 1 Training<br>\r\n        <b>Marked Completed By:</b> Tess Matkin</br>\r\n        ', '43', '', '', 1),
(382, '21', 'Onboarding Task Completed for Your Employee | Maya Stroud', '<p>An onboarding task for one of your employees has been marked completed for Maya Stroud</p>\r\n        <b>Task:</b> Level 2 Training<br>\r\n        <b>Marked Completed By:</b> Tess Matkin</br>\r\n        ', '43', '', '', 1),
(383, '22', 'Onboarding 100% | Maya Stroud', '<p>All onboarding task have been marked completed for Maya Stroud.</p>', '43', '', '', 1),
(384, '24', 'New Expense Submitted', 'New expense submitted by Greg on behalf of Greg for Belterra<br> dsafasdf - 13.99 <br> View expense details: <a href=\'https://mathmsllc.com/dashboard/public/expenses/view/121\'>https://mathmsllc.com/dashboard/public/expenses/view/121</a>', '1', '', '', 1),
(385, '23', 'New Expense Submitted For One of Your Employees | Greg', 'New expense submitted by Greg on behalf of Greg for Belterra<br> dsafasdf - 13.99 <br> View expense details: <a href=\'https://mathmsllc.com/dashboard/public/expenses/view/121\'>https://mathmsllc.com/dashboard/public/expenses/view/121</a>', '', '', '', 0),
(386, '24', 'New Expense Submitted', 'New expense submitted by Greg on behalf of Greg for Alamo Heights<br> adsfdsa - 13.13 <br> View expense details: <a href=\'https://mathmsllc.com/dashboard/public/expenses/view/122\'>https://mathmsllc.com/dashboard/public/expenses/view/122</a>', '1', '', '', 1),
(387, '23', 'New Expense Submitted For One of Your Employees | Greg', 'New expense submitted by Greg on behalf of Greg for Alamo Heights<br> adsfdsa - 13.13 <br> View expense details: <a href=\'https://mathmsllc.com/dashboard/public/expenses/view/122\'>https://mathmsllc.com/dashboard/public/expenses/view/122</a>', '', '', '', 0),
(388, '24', 'New Expense Submitted', 'New expense submitted by Greg on behalf of Greg for Alamo Heights<br> asdfasd - 15.15 <br> View expense details: <a href=\'https://mathmsllc.com/dashboard/public/expenses/view/123\'>https://mathmsllc.com/dashboard/public/expenses/view/123</a>', '1', '', '', 1),
(389, '23', 'New Expense Submitted For One of Your Employees | Greg', 'New expense submitted by Greg on behalf of Greg for Alamo Heights<br> asdfasd - 15.15 <br> View expense details: <a href=\'https://mathmsllc.com/dashboard/public/expenses/view/123\'>https://mathmsllc.com/dashboard/public/expenses/view/123</a>', '', '', '', 0),
(390, '24', 'New Expense Submitted', 'New expense submitted by Greg on behalf of Greg for Belterra<br> adfasd - 5.54 <br> View expense details: <a href=\'https://mathmsllc.com/dashboard/public/expenses/view/124\'>https://mathmsllc.com/dashboard/public/expenses/view/124</a>', '1', '', '', 1),
(391, '23', 'New Expense Submitted For One of Your Employees | Greg', 'New expense submitted by Greg on behalf of Greg for Belterra<br> adfasd - 5.54 <br> View expense details: <a href=\'https://mathmsllc.com/dashboard/public/expenses/view/124\'>https://mathmsllc.com/dashboard/public/expenses/view/124</a>', '', '', '', 0),
(392, '24', 'New Expense Submitted', 'New expense submitted by Greg on behalf of Greg for Belterra<br> asdfads - 15.15 <br> View expense details: <a href=\'https://mathmsllc.com/dashboard/public/expenses/view/125\'>https://mathmsllc.com/dashboard/public/expenses/view/125</a>', '1', '', '', 1),
(393, '23', 'New Expense Submitted For One of Your Employees | Greg', 'New expense submitted by Greg on behalf of Greg for Belterra<br> asdfads - 15.15 <br> View expense details: <a href=\'https://mathmsllc.com/dashboard/public/expenses/view/125\'>https://mathmsllc.com/dashboard/public/expenses/view/125</a>', '', '', '', 0),
(394, '24', 'New Expense Submitted', 'New expense submitted by Greg on behalf of Greg for Belterra<br> asdfasdf - 15 <br> View expense details: <a href=\'https://mathmsllc.com/dashboard/public/expenses/view/126\'>https://mathmsllc.com/dashboard/public/expenses/view/126</a>', '1', '', '', 1),
(395, '23', 'New Expense Submitted For One of Your Employees | Greg', 'New expense submitted by Greg on behalf of Greg for Belterra<br> asdfasdf - 15 <br> View expense details: <a href=\'https://mathmsllc.com/dashboard/public/expenses/view/126\'>https://mathmsllc.com/dashboard/public/expenses/view/126</a>', '', '', '', 0),
(396, '24', 'New Expense Submitted', 'New expense submitted by Alexandria on behalf of Alexandria for Belterra<br> Prize Request - 30.59 <br> View expense details: <a href=\'https://mathmsllc.com/dashboard/public/expenses/view/127\'>https://mathmsllc.com/dashboard/public/expenses/view/127</a>', '44', '', '', 1),
(397, '23', 'New Expense Submitted For One of Your Employees | Alexandria', 'New expense submitted by Alexandria on behalf of Alexandria for Belterra<br> Prize Request - 30.59 <br> View expense details: <a href=\'https://mathmsllc.com/dashboard/public/expenses/view/127\'>https://mathmsllc.com/dashboard/public/expenses/view/127</a>', '17', '', '', 1),
(398, '24', 'New Expense Submitted', 'New expense submitted by Greg on behalf of Greg for Belterra<br> asdfads - 13 <br> View expense details: <a href=\'https://mathmsllc.com/dashboard/public/expenses/view/128\'>https://mathmsllc.com/dashboard/public/expenses/view/128</a>', '1', '', '', 1),
(399, '23', 'New Expense Submitted For One of Your Employees | Greg', 'New expense submitted by Greg on behalf of Greg for Belterra<br> asdfads - 13 <br> View expense details: <a href=\'https://mathmsllc.com/dashboard/public/expenses/view/128\'>https://mathmsllc.com/dashboard/public/expenses/view/128</a>', '', '', '', 0),
(400, '1', 'Your Account Has Been Created', 'Your account has been created. Please use the following info to login:<br><br>\r\n                        Username: a.myles@protonmail.com<br>\r\n                        Password: <a href=\"https://mathmsllc.com/dashboard/public/auth/forgetPassword/setNewPassword?token=%242y%2410%240fUlhr70.ZEZlI2bZmgOAO71oW70mEVI92uucXSyViaMOZFQibSHa\">Click Here</a> to set your password.<br><br>\r\n                        <a href=\'https://mathmsllc.com/dashboard/public/\'>Login Here</a>\r\n                    ', '69', '', '', 1),
(401, '20', 'New User Created', 'A Instructor has been added under you. Aidan Myles is now registered and you are listed as their manager.', '43', '', '', 1),
(402, '1', 'Your Account Has Been Created', 'Your account has been created. Please use the following info to login:<br><br>\r\n                        Username: williamsfamily.morgan@gmail.com<br>\r\n                        Password: <a href=\"https://mathmsllc.com/dashboard/public/auth/forgetPassword/setNewPassword?token=%242y%2410%24Mhx6IckQvll5oqmgwxeafuC91ZKl0oSwmoveuNA4FcD2.Rp9E.SRK\">Click Here</a> to set your password.<br><br>\r\n                        <a href=\'https://mathmsllc.com/dashboard/public/\'>Login Here</a>\r\n                    ', '70', '', '', 1),
(403, '20', 'New User Created', 'A Instructor has been added under you. Morgan Williams is now registered and you are listed as their manager.', '43', '', '', 1),
(404, '1', 'Your Account Has Been Created', 'Your account has been created. Please use the following info to login:<br><br>\r\n                        Username: petrapoenitzsch@gmail.com<br>\r\n                        Password: <a href=\"https://mathmsllc.com/dashboard/public/auth/forgetPassword/setNewPassword?token=%242y%2410%244etFV4Lub2Ir37oKeWjKu.Bqlv93pFnUY7NQFkg9cgMEHSgyRny1e\">Click Here</a> to set your password.<br><br>\r\n                        <a href=\'https://mathmsllc.com/dashboard/public/\'>Login Here</a>\r\n                    ', '71', '', '', 1),
(405, '20', 'New User Created', 'A Assistant Center Director has been added under you. Petra Poenitzsch is now registered and you are listed as their manager.', '43', '', '', 1),
(406, '1', 'Your Account Has Been Created', 'Your account has been created. Please use the following info to login:<br><br>\r\n                        Username: maze710@icloud.com<br>\r\n                        Password: <a href=\"https://mathmsllc.com/dashboard/public/auth/forgetPassword/setNewPassword?token=%242y%2410%24yYU48IMZYxRgIqHZbzHcj.hR91zaWTNPfRGHBtdkrm55sL7VsYzaO\">Click Here</a> to set your password.<br><br>\r\n                        <a href=\'https://mathmsllc.com/dashboard/public/\'>Login Here</a>\r\n                    ', '72', '', '', 1),
(407, '20', 'New User Created', 'A Assistant Center Director has been added under you. Marie Zeballos is now registered and you are listed as their manager.', '43', '', '', 1),
(408, '1', 'Your Account Has Been Created', 'Your account has been created. Please use the following info to login:<br><br>\r\n                        Username: denr7565@k12ahisd.net<br>\r\n                        Password: <a href=\"https://mathmsllc.com/dashboard/public/auth/forgetPassword/setNewPassword?token=%242y%2410%24o63QOA1Z0Jfx9lm3t9vlKeTjVmUK9pcIpw7hNuSiBS%2FvnZx3CIF%2FC\">Click Here</a> to set your password.<br><br>\r\n                        <a href=\'https://mathmsllc.com/dashboard/public/\'>Login Here</a>\r\n                    ', '73', '', '', 1),
(409, '20', 'New User Created', 'A Instructor has been added under you. Renee Den is now registered and you are listed as their manager.', '43', '', '', 1),
(410, '1', 'Account Reset Password Request Received | Math Made Simple', 'We have received a request to reset your password. If you did not make this request, you can ignore this email. If you did request this, <a href=\"https://mathmsllc.com/dashboard/public/auth/forgetPassword/setNewPassword?token=%242y%2410%24IJoxYy6LnG653RVH4d2Fa.gGzL1Ej5ALVA1VX0JWt3E7JYKrE0sLO\">click here</a> to reset your password.', '67', '', '', 1),
(411, '1', 'Account Reset Password Request Received | Math Made Simple', 'We have received a request to reset your password. If you did not make this request, you can ignore this email. If you did request this, <a href=\"https://mathmsllc.com/dashboard/public/auth/forgetPassword/setNewPassword?token=%242y%2410%24M4l3MBf8MgWE9jBzch.bAebzLtkOGzZPZedwKCuKAxQ.QgzRtXbwW\">click here</a> to reset your password.', '67', '', '', 1),
(412, '26', 'Auto Clock Out Notification', '<p>Employee Alexandria Woodward has been automatically clocked out. Make sure to correct this entry asap.</p><p>The employee & manager are on this email</p>', '17', NULL, NULL, 1),
(413, '27', 'Auto Clock Out Notification', '<p>You did not clock out for your last shift. Your manager has been made aware of this. Ensure this gets fixed to make sure you get paid.', '44', NULL, NULL, 1),
(414, '26', 'Auto Clock Out Notification', '<p>Employee Maya Stroud has been automatically clocked out. Make sure to correct this entry asap.</p><p>The employee & manager are on this email</p>', '43', NULL, NULL, 1),
(415, '27', 'Auto Clock Out Notification', '<p>You did not clock out for your last shift. Your manager has been made aware of this. Ensure this gets fixed to make sure you get paid.', '68', NULL, NULL, 1),
(416, '26', 'Auto Clock Out Notification', '<p>Employee Morgan Williams has been automatically clocked out. Make sure to correct this entry asap.</p><p>The employee & manager are on this email</p>', '43', NULL, NULL, 1),
(417, '27', 'Auto Clock Out Notification', '<p>You did not clock out for your last shift. Your manager has been made aware of this. Ensure this gets fixed to make sure you get paid.', '70', NULL, NULL, 1),
(418, '26', 'Auto Clock Out Notification', '<p>Employee Renee Den has been automatically clocked out. Make sure to correct this entry asap.</p><p>The employee & manager are on this email</p>', '43', NULL, NULL, 1),
(419, '27', 'Auto Clock Out Notification', '<p>You did not clock out for your last shift. Your manager has been made aware of this. Ensure this gets fixed to make sure you get paid.', '73', NULL, NULL, 1),
(420, '27', 'Auto Clock Out Notification', '<p>You did not clock out for your last shift. Your manager has been made aware of this. Ensure this gets fixed to make sure you get paid.', '1', NULL, NULL, 1),
(421, '26', 'Auto Clock Out Notification', '<p>Employee Tiffany Pratt has been automatically clocked out. Make sure to correct this entry asap.</p><p>The employee & manager are on this email</p>', '1', NULL, NULL, 1),
(422, '27', 'Auto Clock Out Notification', '<p>You did not clock out for your last shift. Your manager has been made aware of this. Ensure this gets fixed to make sure you get paid.', '15', NULL, NULL, 1),
(423, '19', 'Expense Status Updated', '<p>Your expense has been updated. The details are as follows:</p>\r\n\r\n<b>Expense ID:</b> 117<br>\r\n<b>Item:</b> Tablet<br>\r\n<b>Price:</b> 63.87<br>\r\n<b>Purchased From:</b> Walmart on 03/22/2024 12:00:00 AM<br>\r\n<b>Payment Method:</b> Company Card<br>\r\n<b>New Status:</b> Approved<br>\r\n<br>\r\n<a href=\'https://mathmsllc.com/dashboard/public//expenses/view/117\' style=\'background-color: #007bff; color: white; padding: 10px 20px; text-align: center; text-decoration: none; display: inline-block; border-radius: 5px;\'>View Expense</a>', '17', '', '', 1),
(424, '19', 'Expense Status Updated', '<p>Your expense has been updated. The details are as follows:</p>\r\n\r\n<b>Expense ID:</b> 116<br>\r\n<b>Item:</b> Water & Hand Soap<br>\r\n<b>Price:</b> 11.04<br>\r\n<b>Purchased From:</b> HEB on 03/26/2024 12:00:00 AM<br>\r\n<b>Payment Method:</b> Company Card<br>\r\n<b>New Status:</b> Approved<br>\r\n<br>\r\n<a href=\'https://mathmsllc.com/dashboard/public//expenses/view/116\' style=\'background-color: #007bff; color: white; padding: 10px 20px; text-align: center; text-decoration: none; display: inline-block; border-radius: 5px;\'>View Expense</a>', '17', '', '', 1),
(425, '19', 'Expense Status Updated', '<p>Your expense has been updated. The details are as follows:</p>\r\n\r\n<b>Expense ID:</b> 113<br>\r\n<b>Item:</b> RR - Water Dispenser & 2 jugs<br>\r\n<b>Price:</b> 206.79<br>\r\n<b>Purchased From:</b> Sam\'s Club on 03/28/2024 12:00:00 AM<br>\r\n<b>Payment Method:</b> Company Card<br>\r\n<b>New Status:</b> Approved<br>\r\n<br>\r\n<a href=\'https://mathmsllc.com/dashboard/public//expenses/view/113\' style=\'background-color: #007bff; color: white; padding: 10px 20px; text-align: center; text-decoration: none; display: inline-block; border-radius: 5px;\'>View Expense</a>', '17', '', '', 1),
(426, '26', 'Auto Clock Out Notification', '<p>Employee Alexandria Woodward has been automatically clocked out. Make sure to correct this entry asap.</p><p>The employee & manager are on this email</p>', '17', NULL, NULL, 1),
(427, '27', 'Auto Clock Out Notification', '<p>You did not clock out for your last shift. Your manager has been made aware of this. Ensure this gets fixed to make sure you get paid.', '44', NULL, NULL, 1),
(428, '26', 'Auto Clock Out Notification', '<p>Employee Maya Stroud has been automatically clocked out. Make sure to correct this entry asap.</p><p>The employee & manager are on this email</p>', '43', NULL, NULL, 1),
(429, '27', 'Auto Clock Out Notification', '<p>You did not clock out for your last shift. Your manager has been made aware of this. Ensure this gets fixed to make sure you get paid.', '68', NULL, NULL, 1),
(430, '26', 'Auto Clock Out Notification', '<p>Employee Aidan Myles has been automatically clocked out. Make sure to correct this entry asap.</p><p>The employee & manager are on this email</p>', '43', NULL, NULL, 1),
(431, '27', 'Auto Clock Out Notification', '<p>You did not clock out for your last shift. Your manager has been made aware of this. Ensure this gets fixed to make sure you get paid.', '69', NULL, NULL, 1),
(432, '26', 'Auto Clock Out Notification', '<p>Employee Morgan Williams has been automatically clocked out. Make sure to correct this entry asap.</p><p>The employee & manager are on this email</p>', '43', NULL, NULL, 1),
(433, '27', 'Auto Clock Out Notification', '<p>You did not clock out for your last shift. Your manager has been made aware of this. Ensure this gets fixed to make sure you get paid.', '70', NULL, NULL, 1),
(434, '26', 'Auto Clock Out Notification', '<p>Employee Marie Zeballos has been automatically clocked out. Make sure to correct this entry asap.</p><p>The employee & manager are on this email</p>', '43', NULL, NULL, 1),
(435, '27', 'Auto Clock Out Notification', '<p>You did not clock out for your last shift. Your manager has been made aware of this. Ensure this gets fixed to make sure you get paid.', '72', NULL, NULL, 1),
(436, '1', 'Account Reset Password Request Received | Math Made Simple', 'We have received a request to reset your password. If you did not make this request, you can ignore this email. If you did request this, <a href=\"https://mathmsllc.com/dashboard/public/auth/forgetPassword/setNewPassword?token=%242y%2410%242SJBoHso668UNgvqJcnoQu3Rw5UJwWNWFRx6pwzBmvv6.gOjfRWWe\">click here</a> to reset your password.', '67', '', '', 1),
(437, '24', 'New Expense Submitted', 'New expense submitted by Tess on behalf of Tess for Alamo Heights<br> Center items, catering event essentials etc... - 41.55 <br> View expense details: <a href=\'https://mathmsllc.com/dashboard/public/expenses/view/129\'>https://mathmsllc.com/dashboard/public/expenses/view/129</a>', '43', '', '', 1),
(438, '23', 'New Expense Submitted For One of Your Employees | Tess', 'New expense submitted by Tess on behalf of Tess for Alamo Heights<br> Center items, catering event essentials etc... - 41.55 <br> View expense details: <a href=\'https://mathmsllc.com/dashboard/public/expenses/view/129\'>https://mathmsllc.com/dashboard/public/expenses/view/129</a>', '17', '', '', 1),
(439, '24', 'New Expense Submitted', 'New expense submitted by Tess on behalf of Tess for Alamo Heights<br> Plastic Cups - 6.77 <br> View expense details: <a href=\'https://mathmsllc.com/dashboard/public/expenses/view/130\'>https://mathmsllc.com/dashboard/public/expenses/view/130</a>', '43', '', '', 1),
(440, '23', 'New Expense Submitted For One of Your Employees | Tess', 'New expense submitted by Tess on behalf of Tess for Alamo Heights<br> Plastic Cups - 6.77 <br> View expense details: <a href=\'https://mathmsllc.com/dashboard/public/expenses/view/130\'>https://mathmsllc.com/dashboard/public/expenses/view/130</a>', '17', '', '', 1),
(441, '24', 'New Expense Submitted', 'New expense submitted by Tess on behalf of Tess for Alamo Heights<br> April Prizes - 79.72 <br> View expense details: <a href=\'https://mathmsllc.com/dashboard/public/expenses/view/131\'>https://mathmsllc.com/dashboard/public/expenses/view/131</a>', '43', '', '', 1),
(442, '23', 'New Expense Submitted For One of Your Employees | Tess', 'New expense submitted by Tess on behalf of Tess for Alamo Heights<br> April Prizes - 79.72 <br> View expense details: <a href=\'https://mathmsllc.com/dashboard/public/expenses/view/131\'>https://mathmsllc.com/dashboard/public/expenses/view/131</a>', '17', '', '', 1),
(443, '24', 'New Expense Submitted', 'New expense submitted by Tess on behalf of Tess for Alamo Heights<br> Sandwiches - 93.07 <br> View expense details: <a href=\'https://mathmsllc.com/dashboard/public/expenses/view/132\'>https://mathmsllc.com/dashboard/public/expenses/view/132</a>', '43', '', '', 1),
(444, '23', 'New Expense Submitted For One of Your Employees | Tess', 'New expense submitted by Tess on behalf of Tess for Alamo Heights<br> Sandwiches - 93.07 <br> View expense details: <a href=\'https://mathmsllc.com/dashboard/public/expenses/view/132\'>https://mathmsllc.com/dashboard/public/expenses/view/132</a>', '17', '', '', 1),
(445, '1', 'Account Reset Password Request Received | Math Made Simple', 'We have received a request to reset your password. If you did not make this request, you can ignore this email. If you did request this, <a href=\"https://mathmsllc.com/dashboard/public/auth/forgetPassword/setNewPassword?token=%242y%2410%24h60SHaJp0AzdIp7gYH6oI.a7.LggoMDrN5cP%2FNAPFqH94TAzLb4NG\">click here</a> to reset your password.', '67', '', '', 1),
(446, '26', 'Auto Clock Out Notification', '<p>Employee Renee Den has been automatically clocked out. Make sure to correct this entry asap.</p><p>The employee & manager are on this email</p>', '43', NULL, NULL, 1),
(447, '27', 'Auto Clock Out Notification', '<p>You did not clock out for your last shift. Your manager has been made aware of this. Ensure this gets fixed to make sure you get paid.', '73', NULL, NULL, 1),
(448, '19', 'Expense Status Updated', '<p>Your expense has been updated. The details are as follows:</p>\r\n\r\n<b>Expense ID:</b> 115<br>\r\n<b>Item:</b> Center Essentials<br>\r\n<b>Price:</b> 63.66<br>\r\n<b>Purchased From:</b> Walmart on 04/07/2024 12:00:00 AM<br>\r\n<b>Payment Method:</b> Company Card<br>\r\n<b>New Status:</b> Approved<br>\r\n<br>\r\n<a href=\'https://mathmsllc.com/dashboard/public//expenses/view/115\' style=\'background-color: #007bff; color: white; padding: 10px 20px; text-align: center; text-decoration: none; display: inline-block; border-radius: 5px;\'>View Expense</a>', '43', '', '', 1),
(449, '19', 'Expense Status Updated', '<p>Your expense has been updated. The details are as follows:</p>\r\n\r\n<b>Expense ID:</b> 118<br>\r\n<b>Item:</b> RR - Name Tags<br>\r\n<b>Price:</b> 166.50<br>\r\n<b>Purchased From:</b> TagUrIt on 04/04/2024 12:00:00 AM<br>\r\n<b>Payment Method:</b> Company Card<br>\r\n<b>New Status:</b> Approved<br>\r\n<br>\r\n<a href=\'https://mathmsllc.com/dashboard/public//expenses/view/118\' style=\'background-color: #007bff; color: white; padding: 10px 20px; text-align: center; text-decoration: none; display: inline-block; border-radius: 5px;\'>View Expense</a>', '17', '', '', 1),
(450, '19', 'Expense Status Updated', '<p>Your expense has been updated. The details are as follows:</p>\r\n\r\n<b>Expense ID:</b> 120<br>\r\n<b>Item:</b> Fire Alarm Monitoring Contract Invoiced Quarterly.<br>\r\n<b>Price:</b> 149.85<br>\r\n<b>Purchased From:</b> ABC Fire Systems on 04/08/2024 12:00:00 AM<br>\r\n<b>Payment Method:</b> Company Card<br>\r\n<b>New Status:</b> Approved<br>\r\n<br>\r\n<a href=\'https://mathmsllc.com/dashboard/public//expenses/view/120\' style=\'background-color: #007bff; color: white; padding: 10px 20px; text-align: center; text-decoration: none; display: inline-block; border-radius: 5px;\'>View Expense</a>', '17', '', '', 1),
(451, '19', 'Expense Status Updated', '<p>Your expense has been updated. The details are as follows:</p>\r\n\r\n<b>Expense ID:</b> 127<br>\r\n<b>Item:</b> Prize Request<br>\r\n<b>Price:</b> 30.59<br>\r\n<b>Purchased From:</b> HEB on 04/15/2024 12:00:00 AM<br>\r\n<b>Payment Method:</b> Company Card<br>\r\n<b>New Status:</b> Approved<br>\r\n<br>\r\n<a href=\'https://mathmsllc.com/dashboard/public//expenses/view/127\' style=\'background-color: #007bff; color: white; padding: 10px 20px; text-align: center; text-decoration: none; display: inline-block; border-radius: 5px;\'>View Expense</a>', '44', '', '', 1),
(452, '19', 'Expense Status Updated', '<p>Your expense has been updated. The details are as follows:</p>\r\n\r\n<b>Expense ID:</b> 129<br>\r\n<b>Item:</b> Center items, catering event essentials etc...<br>\r\n<b>Price:</b> 41.55<br>\r\n<b>Purchased From:</b> Walmart on 04/16/2024 12:00:00 AM<br>\r\n<b>Payment Method:</b> Company Card<br>\r\n<b>New Status:</b> Approved<br>\r\n<br>\r\n<a href=\'https://mathmsllc.com/dashboard/public//expenses/view/129\' style=\'background-color: #007bff; color: white; padding: 10px 20px; text-align: center; text-decoration: none; display: inline-block; border-radius: 5px;\'>View Expense</a>', '43', '', '', 1),
(453, '19', 'Expense Status Updated', '<p>Your expense has been updated. The details are as follows:</p>\r\n\r\n<b>Expense ID:</b> 131<br>\r\n<b>Item:</b> April Prizes<br>\r\n<b>Price:</b> 79.72<br>\r\n<b>Purchased From:</b> 5 Below on 04/11/2024 12:00:00 AM<br>\r\n<b>Payment Method:</b> Company Card<br>\r\n<b>New Status:</b> Approved<br>\r\n<br>\r\n<a href=\'https://mathmsllc.com/dashboard/public//expenses/view/131\' style=\'background-color: #007bff; color: white; padding: 10px 20px; text-align: center; text-decoration: none; display: inline-block; border-radius: 5px;\'>View Expense</a>', '43', '', '', 1),
(454, '19', 'Expense Status Updated', '<p>Your expense has been updated. The details are as follows:</p>\r\n\r\n<b>Expense ID:</b> 119<br>\r\n<b>Item:</b> Shirts<br>\r\n<b>Price:</b> 125.23<br>\r\n<b>Purchased From:</b> Wild Impact on 04/03/2024 12:00:00 AM<br>\r\n<b>Payment Method:</b> Company Card<br>\r\n<b>New Status:</b> Approved<br>\r\n<br>\r\n<a href=\'https://mathmsllc.com/dashboard/public//expenses/view/119\' style=\'background-color: #007bff; color: white; padding: 10px 20px; text-align: center; text-decoration: none; display: inline-block; border-radius: 5px;\'>View Expense</a>', '17', '', '', 1),
(455, '1', 'Your Account Has Been Created', 'Your account has been created. Please use the following info to login:<br><br>\r\n                        Username: leaguecity@mathnasium.com<br>\r\n                        Password: <a href=\"https://mathmsllc.com/dashboard/public/auth/forgetPassword/setNewPassword?token=%242y%2410%247HYkfzV8%2FqWjt3laMy9C4O%2FSMl04LqTLTqPiQh9O.joeTjWZTwwju\">Click Here</a> to set your password.<br><br>\r\n                        <a href=\'https://mathmsllc.com/dashboard/public/\'>Login Here</a>\r\n                    ', '74', '', '', 1),
(456, '20', 'New User Created', 'A Center Director has been added under you. Sonjia Solomon is now registered and you are listed as their manager.', '17', '', '', 1),
(457, '1', 'Your Account Has Been Created', 'Your account has been created. Please use the following info to login:<br><br>\r\n                        Username: Claire.Ruscello05@gmail.com<br>\r\n                        Password: <a href=\"https://mathmsllc.com/dashboard/public/auth/forgetPassword/setNewPassword?token=%242y%2410%24Q.CMC7xpZlq.7A3KqUd8cuGQq55F1HZN6TMef.6gGMJM.Mq1pFvOm\">Click Here</a> to set your password.<br><br>\r\n                        <a href=\'https://mathmsllc.com/dashboard/public/\'>Login Here</a>\r\n                    ', '75', '', '', 1),
(458, '20', 'New User Created', 'A Lead Instructor has been added under you. Claire Ruscello is now registered and you are listed as their manager.', '74', '', '', 1),
(459, '1', 'Your Account Has Been Created', 'Your account has been created. Please use the following info to login:<br><br>\r\n                        Username: rachitalukdar@gmail.com<br>\r\n                        Password: <a href=\"https://mathmsllc.com/dashboard/public/auth/forgetPassword/setNewPassword?token=%242y%2410%24eGB29eO0OMH9UObV4GtEL.OwMPdqduTwQiQoPp2Qq44s1a7JnJUw.\">Click Here</a> to set your password.<br><br>\r\n                        <a href=\'https://mathmsllc.com/dashboard/public/\'>Login Here</a>\r\n                    ', '76', '', '', 1),
(460, '20', 'New User Created', 'A Instructor has been added under you. Rachi Talukdar is now registered and you are listed as their manager.', '74', '', '', 1),
(461, '1', 'Your Account Has Been Created', 'Your account has been created. Please use the following info to login:<br><br>\r\n                        Username: kteeunseoblue@gmail.com<br>\r\n                        Password: <a href=\"https://mathmsllc.com/dashboard/public/auth/forgetPassword/setNewPassword?token=%242y%2410%24KLqfbZCvbMaKgoBFe%2F936eNrbUfBcwKf2YEg1V0mRxFDuVZ30gMHi\">Click Here</a> to set your password.<br><br>\r\n                        <a href=\'https://mathmsllc.com/dashboard/public/\'>Login Here</a>\r\n                    ', '77', '', '', 1),
(462, '20', 'New User Created', 'A Instructor has been added under you. Kate Blue is now registered and you are listed as their manager.', '74', '', '', 1),
(463, '1', 'Your Account Has Been Created', 'Your account has been created. Please use the following info to login:<br><br>\r\n                        Username: tiffanythetrain@gmail.com<br>\r\n                        Password: <a href=\"https://mathmsllc.com/dashboard/public/auth/forgetPassword/setNewPassword?token=%242y%2410%24O2TW4Jl8JrHXrlb6ZamX1.8Lf2RdYk6lgSuzSk%2FUJ89s0aJS3f8a6\">Click Here</a> to set your password.<br><br>\r\n                        <a href=\'https://mathmsllc.com/dashboard/public/\'>Login Here</a>\r\n                    ', '78', '', '', 1),
(464, '20', 'New User Created', 'A Instructor has been added under you. Tiffany Tran is now registered and you are listed as their manager.', '74', '', '', 1),
(465, '1', 'Your Account Has Been Created', 'Your account has been created. Please use the following info to login:<br><br>\r\n                        Username: sharmapranay24@gmail.com<br>\r\n                        Password: <a href=\"https://mathmsllc.com/dashboard/public/auth/forgetPassword/setNewPassword?token=%242y%2410%24tX7V9bW6n2tpxahcCthSaeQFPIQAgWndRh%2FU8NH2LGqu98nGACXmK\">Click Here</a> to set your password.<br><br>\r\n                        <a href=\'https://mathmsllc.com/dashboard/public/\'>Login Here</a>\r\n                    ', '79', '', '', 1),
(466, '20', 'New User Created', 'A Instructor has been added under you. Prany  Sharma is now registered and you are listed as their manager.', '74', '', '', 1),
(467, '1', 'Your Account Has Been Created', 'Your account has been created. Please use the following info to login:<br><br>\r\n                        Username: alexamarier.2006@icloud.com<br>\r\n                        Password: <a href=\"https://mathmsllc.com/dashboard/public/auth/forgetPassword/setNewPassword?token=%242y%2410%240gmfqWRdZUBkh3t7rXEXdeZiHQ5GuSZlZDQbHJi9wFO7Tim0BZEf6\">Click Here</a> to set your password.<br><br>\r\n                        <a href=\'https://mathmsllc.com/dashboard/public/\'>Login Here</a>\r\n                    ', '80', '', '', 1),
(468, '20', 'New User Created', 'A Instructor has been added under you. Alexa Russell is now registered and you are listed as their manager.', '74', '', '', 1),
(469, '1', 'Your Account Has Been Created', 'Your account has been created. Please use the following info to login:<br><br>\r\n                        Username: trinityh26piggy@gmail.com<br>\r\n                        Password: <a href=\"https://mathmsllc.com/dashboard/public/auth/forgetPassword/setNewPassword?token=%242y%2410%24PoFhpi%2Fmr3vizDCe8JUPsOl1xrjrNNMSeFepiGPwfC04HvmXBIHny\">Click Here</a> to set your password.<br><br>\r\n                        <a href=\'https://mathmsllc.com/dashboard/public/\'>Login Here</a>\r\n                    ', '81', '', '', 1),
(470, '20', 'New User Created', 'A Instructor has been added under you. Trinity Huang is now registered and you are listed as their manager.', '74', '', '', 1),
(471, '1', 'Your Account Has Been Created', 'Your account has been created. Please use the following info to login:<br><br>\r\n                        Username: jennyle2414@gmail.com<br>\r\n                        Password: <a href=\"https://mathmsllc.com/dashboard/public/auth/forgetPassword/setNewPassword?token=%242y%2410%245rFG5eC2VydyANhBteY4seIHoztOfBNTLD3k75gT2tP2ty.GDzVVW\">Click Here</a> to set your password.<br><br>\r\n                        <a href=\'https://mathmsllc.com/dashboard/public/\'>Login Here</a>\r\n                    ', '82', '', '', 1),
(472, '20', 'New User Created', 'A Instructor has been added under you. Jenny Le is now registered and you are listed as their manager.', '74', '', '', 1),
(473, '1', 'Your Account Has Been Created', 'Your account has been created. Please use the following info to login:<br><br>\r\n                        Username: jennyle2414@gmail.com<br>\r\n                        Password: <a href=\"https://mathmsllc.com/dashboard/public/auth/forgetPassword/setNewPassword?token=%242y%2410%24ymB7DCi8WyFIHImkMO.BEu4Yy3S9GFz56VlVea4sYUoOn9Kz68dwK\">Click Here</a> to set your password.<br><br>\r\n                        <a href=\'https://mathmsllc.com/dashboard/public/\'>Login Here</a>\r\n                    ', '83', '', '', 1),
(474, '20', 'New User Created', 'A Instructor has been added under you. Jenny Le is now registered and you are listed as their manager.', '74', '', '', 1),
(475, '1', 'Account Reset Password Request Received | Math Made Simple', 'We have received a request to reset your password. If you did not make this request, you can ignore this email. If you did request this, <a href=\"https://mathmsllc.com/dashboard/public/auth/forgetPassword/setNewPassword?token=%242y%2410%24JpgBF3JzauOHvkjsInHZLun%2FQa2Qs3RYxVEgP37VqZzXmKkYd4012\">click here</a> to reset your password.', '80', '', '', 1),
(476, '1', 'Account Reset Password Request Received | Math Made Simple', 'We have received a request to reset your password. If you did not make this request, you can ignore this email. If you did request this, <a href=\"https://mathmsllc.com/dashboard/public/auth/forgetPassword/setNewPassword?token=%242y%2410%24UsL6M9B%2FFD53KqVNl4FoguJzs0UCjYfDJykgVOuo9uHfaCVJp.cYK\">click here</a> to reset your password.', '67', '', '', 1),
(477, '26', 'Auto Clock Out Notification', '<p>Employee Tess Matkin has been automatically clocked out. Make sure to correct this entry asap.</p><p>The employee & manager are on this email</p>', '17', NULL, NULL, 1),
(478, '27', 'Auto Clock Out Notification', '<p>You did not clock out for your last shift. Your manager has been made aware of this. Ensure this gets fixed to make sure you get paid.', '43', NULL, NULL, 1),
(479, '26', 'Auto Clock Out Notification', '<p>Employee Petra Poenitzsch has been automatically clocked out. Make sure to correct this entry asap.</p><p>The employee & manager are on this email</p>', '43', NULL, NULL, 1),
(480, '27', 'Auto Clock Out Notification', '<p>You did not clock out for your last shift. Your manager has been made aware of this. Ensure this gets fixed to make sure you get paid.', '71', NULL, NULL, 1),
(481, '24', 'New Expense Submitted', 'New expense submitted by Alexandria on behalf of Alexandria for Belterra<br> Pizza for Friday Event - 55.96 <br> View expense details: <a href=\'https://mathmsllc.com/dashboard/public/expenses/view/133\'>https://mathmsllc.com/dashboard/public/expenses/view/133</a>', '44', '', '', 1),
(482, '23', 'New Expense Submitted For One of Your Employees | Alexandria', 'New expense submitted by Alexandria on behalf of Alexandria for Belterra<br> Pizza for Friday Event - 55.96 <br> View expense details: <a href=\'https://mathmsllc.com/dashboard/public/expenses/view/133\'>https://mathmsllc.com/dashboard/public/expenses/view/133</a>', '17', '', '', 1),
(483, '24', 'New Expense Submitted', 'New expense submitted by Alexandria on behalf of Alexandria for Belterra<br> Snacks/ Supplies for Event - 58.34 <br> View expense details: <a href=\'https://mathmsllc.com/dashboard/public/expenses/view/134\'>https://mathmsllc.com/dashboard/public/expenses/view/134</a>', '44', '', '', 1),
(484, '23', 'New Expense Submitted For One of Your Employees | Alexandria', 'New expense submitted by Alexandria on behalf of Alexandria for Belterra<br> Snacks/ Supplies for Event - 58.34 <br> View expense details: <a href=\'https://mathmsllc.com/dashboard/public/expenses/view/134\'>https://mathmsllc.com/dashboard/public/expenses/view/134</a>', '17', '', '', 1),
(485, '24', 'New Expense Submitted', 'New expense submitted by Tess on behalf of Tess for Alamo Heights<br> Fun Friday-April - 14.28 <br> View expense details: <a href=\'https://mathmsllc.com/dashboard/public/expenses/view/135\'>https://mathmsllc.com/dashboard/public/expenses/view/135</a>', '43', '', '', 1),
(486, '23', 'New Expense Submitted For One of Your Employees | Tess', 'New expense submitted by Tess on behalf of Tess for Alamo Heights<br> Fun Friday-April - 14.28 <br> View expense details: <a href=\'https://mathmsllc.com/dashboard/public/expenses/view/135\'>https://mathmsllc.com/dashboard/public/expenses/view/135</a>', '17', '', '', 1),
(487, '24', 'New Expense Submitted', 'New expense submitted by Tess on behalf of Tess for Alamo Heights<br> Fun Friday Pizza-April - 18.00 <br> View expense details: <a href=\'https://mathmsllc.com/dashboard/public/expenses/view/136\'>https://mathmsllc.com/dashboard/public/expenses/view/136</a>', '43', '', '', 1),
(488, '23', 'New Expense Submitted For One of Your Employees | Tess', 'New expense submitted by Tess on behalf of Tess for Alamo Heights<br> Fun Friday Pizza-April - 18.00 <br> View expense details: <a href=\'https://mathmsllc.com/dashboard/public/expenses/view/136\'>https://mathmsllc.com/dashboard/public/expenses/view/136</a>', '17', '', '', 1),
(489, '26', 'Auto Clock Out Notification', '<p>Employee Aidan Myles has been automatically clocked out. Make sure to correct this entry asap.</p><p>The employee & manager are on this email</p>', '43', NULL, NULL, 1),
(490, '27', 'Auto Clock Out Notification', '<p>You did not clock out for your last shift. Your manager has been made aware of this. Ensure this gets fixed to make sure you get paid.', '69', NULL, NULL, 1),
(491, '26', 'Auto Clock Out Notification', '<p>Employee Sonjia Solomon has been automatically clocked out. Make sure to correct this entry asap.</p><p>The employee & manager are on this email</p>', '17', NULL, NULL, 1),
(492, '27', 'Auto Clock Out Notification', '<p>You did not clock out for your last shift. Your manager has been made aware of this. Ensure this gets fixed to make sure you get paid.', '74', NULL, NULL, 1),
(493, '26', 'Auto Clock Out Notification', '<p>Employee Tess Matkin has been automatically clocked out. Make sure to correct this entry asap.</p><p>The employee & manager are on this email</p>', '17', NULL, NULL, 1),
(494, '27', 'Auto Clock Out Notification', '<p>You did not clock out for your last shift. Your manager has been made aware of this. Ensure this gets fixed to make sure you get paid.', '43', NULL, NULL, 1),
(495, '26', 'Auto Clock Out Notification', '<p>Employee Renee Den has been automatically clocked out. Make sure to correct this entry asap.</p><p>The employee & manager are on this email</p>', '43', NULL, NULL, 1),
(496, '27', 'Auto Clock Out Notification', '<p>You did not clock out for your last shift. Your manager has been made aware of this. Ensure this gets fixed to make sure you get paid.', '73', NULL, NULL, 1),
(497, '1', 'Account Reset Password Request Received | Math Made Simple', 'We have received a request to reset your password. If you did not make this request, you can ignore this email. If you did request this, <a href=\"https://mathmsllc.com/dashboard/public/auth/forgetPassword/setNewPassword?token=%242y%2410%24zubgWNASzrSZtGaeY4xyCu5T8lBBIoyOWd1VLpwckuElsDkPZLxTO\">click here</a> to reset your password.', '78', '', '', 1),
(498, '26', 'Auto Clock Out Notification', '<p>Employee Tess Matkin has been automatically clocked out. Make sure to correct this entry asap.</p><p>The employee & manager are on this email</p>', '17', NULL, NULL, 1),
(499, '27', 'Auto Clock Out Notification', '<p>You did not clock out for your last shift. Your manager has been made aware of this. Ensure this gets fixed to make sure you get paid.', '43', NULL, NULL, 1),
(500, '26', 'Auto Clock Out Notification', '<p>Employee Sonjia Solomon has been automatically clocked out. Make sure to correct this entry asap.</p><p>The employee & manager are on this email</p>', '17', NULL, NULL, 1),
(501, '27', 'Auto Clock Out Notification', '<p>You did not clock out for your last shift. Your manager has been made aware of this. Ensure this gets fixed to make sure you get paid.', '74', NULL, NULL, 1),
(502, '26', 'Auto Clock Out Notification', '<p>Employee Prany  Sharma has been automatically clocked out. Make sure to correct this entry asap.</p><p>The employee & manager are on this email</p>', '74', NULL, NULL, 1),
(503, '27', 'Auto Clock Out Notification', '<p>You did not clock out for your last shift. Your manager has been made aware of this. Ensure this gets fixed to make sure you get paid.', '79', NULL, NULL, 1),
(504, '26', 'Auto Clock Out Notification', '<p>Employee Tiffany Tran has been automatically clocked out. Make sure to correct this entry asap.</p><p>The employee & manager are on this email</p>', '74', NULL, NULL, 1),
(505, '27', 'Auto Clock Out Notification', '<p>You did not clock out for your last shift. Your manager has been made aware of this. Ensure this gets fixed to make sure you get paid.', '78', NULL, NULL, 1),
(506, '26', 'Auto Clock Out Notification', '<p>Employee Alexa Russell has been automatically clocked out. Make sure to correct this entry asap.</p><p>The employee & manager are on this email</p>', '74', NULL, NULL, 1),
(507, '27', 'Auto Clock Out Notification', '<p>You did not clock out for your last shift. Your manager has been made aware of this. Ensure this gets fixed to make sure you get paid.', '80', NULL, NULL, 1),
(508, '26', 'Auto Clock Out Notification', '<p>Employee Petra Poenitzsch has been automatically clocked out. Make sure to correct this entry asap.</p><p>The employee & manager are on this email</p>', '43', NULL, NULL, 1),
(509, '27', 'Auto Clock Out Notification', '<p>You did not clock out for your last shift. Your manager has been made aware of this. Ensure this gets fixed to make sure you get paid.', '71', NULL, NULL, 1),
(510, '1', 'Account Reset Password Request Received | Math Made Simple', 'We have received a request to reset your password. If you did not make this request, you can ignore this email. If you did request this, <a href=\"https://mathmsllc.com/dashboard/public/auth/forgetPassword/setNewPassword?token=%242y%2410%24i.Y%2Fbl4yU8QMIeaY2fLgouvYltHi2HDsb1DH%2FtcWFhwm3q%2FT5aQzy\">click here</a> to reset your password.', '41', '', '', 1),
(511, '1', 'Your Account Has Been Created', 'Your account has been created. Please use the following info to login:<br><br>\r\n                        Username: cedarpark@mathnasium.com<br>\r\n                        Password: <a href=\"https://mathmsllc.com/dashboard/public/auth/forgetPassword/setNewPassword?token=%242y%2410%24JjmcYxRmwhJuSv4BdMpD4eSa3rM%2FBZTrwR3ZCHXY8KqjY6L5lpz8q\">Click Here</a> to set your password.<br><br>\r\n                        <a href=\'https://mathmsllc.com/dashboard/public/\'>Login Here</a>\r\n                    ', '84', '', '', 1),
(512, '20', 'New User Created', 'A Center Director has been added under you. Jessica Hastings is now registered and you are listed as their manager.', '17', '', '', 1),
(513, '26', 'Auto Clock Out Notification', '<p>Employee Diana Christy Anderson has been automatically clocked out. Make sure to correct this entry asap.</p><p>The employee & manager are on this email</p>', '17', NULL, NULL, 1),
(514, '27', 'Auto Clock Out Notification', '<p>You did not clock out for your last shift. Your manager has been made aware of this. Ensure this gets fixed to make sure you get paid.', '41', NULL, NULL, 1),
(515, '26', 'Auto Clock Out Notification', '<p>Employee Rachi Talukdar has been automatically clocked out. Make sure to correct this entry asap.</p><p>The employee & manager are on this email</p>', '74', NULL, NULL, 1),
(516, '27', 'Auto Clock Out Notification', '<p>You did not clock out for your last shift. Your manager has been made aware of this. Ensure this gets fixed to make sure you get paid.', '76', NULL, NULL, 1),
(517, '26', 'Auto Clock Out Notification', '<p>Employee Tess Matkin has been automatically clocked out. Make sure to correct this entry asap.</p><p>The employee & manager are on this email</p>', '17', NULL, NULL, 1),
(518, '27', 'Auto Clock Out Notification', '<p>You did not clock out for your last shift. Your manager has been made aware of this. Ensure this gets fixed to make sure you get paid.', '43', NULL, NULL, 1),
(519, '26', 'Auto Clock Out Notification', '<p>Employee Prany  Sharma has been automatically clocked out. Make sure to correct this entry asap.</p><p>The employee & manager are on this email</p>', '74', NULL, NULL, 1),
(520, '27', 'Auto Clock Out Notification', '<p>You did not clock out for your last shift. Your manager has been made aware of this. Ensure this gets fixed to make sure you get paid.', '79', NULL, NULL, 1),
(521, '26', 'Auto Clock Out Notification', '<p>Employee Robbie Mercantel has been automatically clocked out. Make sure to correct this entry asap.</p><p>The employee & manager are on this email</p>', '1', NULL, NULL, 1),
(522, '27', 'Auto Clock Out Notification', '<p>You did not clock out for your last shift. Your manager has been made aware of this. Ensure this gets fixed to make sure you get paid.', '17', NULL, NULL, 1),
(523, '1', 'Your Account Has Been Created', 'Your account has been created. Please use the following info to login:<br><br>\r\n                        Username: Jackson.henry<br>\r\n                        Password: <a href=\"https://mathmsllc.com/dashboard/public/auth/forgetPassword/setNewPassword?token=%242y%2410%24rf44LFlchgp8tpE5s.jdReb7ioFKM1l04UGWii2YTQvBdKU06oL2a\">Click Here</a> to set your password.<br><br>\r\n                        <a href=\'https://mathmsllc.com/dashboard/public/\'>Login Here</a>\r\n                    ', '85', '', '', 1),
(524, '20', 'New User Created', 'A Lead Instructor has been added under you. Jackson Henry is now registered and you are listed as their manager.', '84', '', '', 1);
INSERT INTO `email_table` (`id`, `type`, `subject`, `body`, `to_email`, `cc_email`, `bcc_email`, `sent`) VALUES
(525, '1', 'Your Account Has Been Created', 'Your account has been created. Please use the following info to login:<br><br>\r\n                        Username: robert.halbert<br>\r\n                        Password: <a href=\"https://mathmsllc.com/dashboard/public/auth/forgetPassword/setNewPassword?token=%242y%2410%24z2sCLHZkucKRSby6dWS5..5t.uW4JBuKxevT.sPhSNy94n9r%2FdL7y\">Click Here</a> to set your password.<br><br>\r\n                        <a href=\'https://mathmsllc.com/dashboard/public/\'>Login Here</a>\r\n                    ', '86', '', '', 1),
(526, '20', 'New User Created', 'A Instructor has been added under you. Robert Halbert is now registered and you are listed as their manager.', '84', '', '', 1),
(527, '21', 'Onboarding Task Completed for Your Employee | Robert Halbert', '<p>An onboarding task for one of your employees has been marked completed for Robert Halbert</p>\r\n        <b>Task:</b> Name Tag Ordered<br>\r\n        <b>Marked Completed By:</b> Jessica Hastings</br>\r\n        ', '84', '', '', 1),
(528, '21', 'Onboarding Task Completed for Your Employee | Robert Halbert', '<p>An onboarding task for one of your employees has been marked completed for Robert Halbert</p>\r\n        <b>Task:</b> Shirts Ordered<br>\r\n        <b>Marked Completed By:</b> Jessica Hastings</br>\r\n        ', '84', '', '', 1),
(529, '21', 'Onboarding Task Completed for Your Employee | Robert Halbert', '<p>An onboarding task for one of your employees has been marked completed for Robert Halbert</p>\r\n        <b>Task:</b> Name Tag Delivered<br>\r\n        <b>Marked Completed By:</b> Jessica Hastings</br>\r\n        ', '84', '', '', 1),
(530, '21', 'Onboarding Task Completed for Your Employee | Robert Halbert', '<p>An onboarding task for one of your employees has been marked completed for Robert Halbert</p>\r\n        <b>Task:</b> Shirts Delivered<br>\r\n        <b>Marked Completed By:</b> Jessica Hastings</br>\r\n        ', '84', '', '', 1),
(531, '1', 'Signature Requested | Employee Status Change Form', '<p>Sign the <a href=\'https://mathmsllc.com/dashboard/public/users/sign/1a2e0cb50ab2d898\'>document</a>.</p>', '86', '', '', 1),
(532, '1', 'Your Account Has Been Created', 'Your account has been created. Please use the following info to login:<br><br>\r\n                        Username: tasneem.kausar<br>\r\n                        Password: <a href=\"https://mathmsllc.com/dashboard/public/auth/forgetPassword/setNewPassword?token=%242y%2410%24QIbDBucq4.D9MTI3JlK2NOdGIRX3%2FjDLweO0W65idl9rif8hxa%2FXC\">Click Here</a> to set your password.<br><br>\r\n                        <a href=\'https://mathmsllc.com/dashboard/public/\'>Login Here</a>\r\n                    ', '87', '', '', 1),
(533, '20', 'New User Created', 'A Instructor has been added under you. Tasneem Kausar is now registered and you are listed as their manager.', '84', '', '', 1),
(534, '1', 'Your Account Has Been Created', 'Your account has been created. Please use the following info to login:<br><br>\r\n                        Username: saritha.nandaluri<br>\r\n                        Password: <a href=\"https://mathmsllc.com/dashboard/public/auth/forgetPassword/setNewPassword?token=%242y%2410%24vx73OKo8E6WzI9JO4Azf7ObAQ.CCKx9zC.wO1uHSLn8i.Ec4VLcf2\">Click Here</a> to set your password.<br><br>\r\n                        <a href=\'https://mathmsllc.com/dashboard/public/\'>Login Here</a>\r\n                    ', '88', '', '', 1),
(535, '20', 'New User Created', 'A Instructor has been added under you. Reddie Saritha Nandaluri is now registered and you are listed as their manager.', '84', '', '', 1),
(536, '1', 'Your Account Has Been Created', 'Your account has been created. Please use the following info to login:<br><br>\r\n                        Username: alyssa.miller<br>\r\n                        Password: <a href=\"https://mathmsllc.com/dashboard/public/auth/forgetPassword/setNewPassword?token=%242y%2410%245FdTJjDFTtnY5uufmu1kM.HuhLjsbeG0EYAQXkaNinN2ZdDP%2FIXZ2\">Click Here</a> to set your password.<br><br>\r\n                        <a href=\'https://mathmsllc.com/dashboard/public/\'>Login Here</a>\r\n                    ', '89', '', '', 1),
(537, '20', 'New User Created', 'A Instructor has been added under you. Alyssa Miller is now registered and you are listed as their manager.', '84', '', '', 1),
(538, '1', 'Your Account Has Been Created', 'Your account has been created. Please use the following info to login:<br><br>\r\n                        Username: gabriel.simon<br>\r\n                        Password: <a href=\"https://mathmsllc.com/dashboard/public/auth/forgetPassword/setNewPassword?token=%242y%2410%24XbzY%2FSMuZWPgbBQ1JTQmZOYym9lFrZ88lS6vRqCGs2N1us4FQfaPe\">Click Here</a> to set your password.<br><br>\r\n                        <a href=\'https://mathmsllc.com/dashboard/public/\'>Login Here</a>\r\n                    ', '90', '', '', 1),
(539, '20', 'New User Created', 'A Instructor has been added under you. Gabriel  Simon is now registered and you are listed as their manager.', '84', '', '', 1),
(540, '1', 'Your Account Has Been Created', 'Your account has been created. Please use the following info to login:<br><br>\r\n                        Username: belana.simon<br>\r\n                        Password: <a href=\"https://mathmsllc.com/dashboard/public/auth/forgetPassword/setNewPassword?token=%242y%2410%2496Ihyz.9eYXRPSW4pMbFsOZc%2FW.tLzg7fcbH6eI%2FF9iS0M3vp%2FrN.\">Click Here</a> to set your password.<br><br>\r\n                        <a href=\'https://mathmsllc.com/dashboard/public/\'>Login Here</a>\r\n                    ', '91', '', '', 1),
(541, '20', 'New User Created', 'A Instructor has been added under you. Belana Simon is now registered and you are listed as their manager.', '84', '', '', 1),
(542, '1', 'Your Account Has Been Created', 'Your account has been created. Please use the following info to login:<br><br>\r\n                        Username: aaroh.mamidi<br>\r\n                        Password: <a href=\"https://mathmsllc.com/dashboard/public/auth/forgetPassword/setNewPassword?token=%242y%2410%24B9qHu.RTOdDzbBhlDGUX4OegfrdLJLO36Q3C6sPU0hC.LLs6szHEy\">Click Here</a> to set your password.<br><br>\r\n                        <a href=\'https://mathmsllc.com/dashboard/public/\'>Login Here</a>\r\n                    ', '92', '', '', 1),
(543, '20', 'New User Created', 'A Instructor has been added under you. Aaroh Mamidi is now registered and you are listed as their manager.', '84', '', '', 1),
(544, '1', 'Your Account Has Been Created', 'Your account has been created. Please use the following info to login:<br><br>\r\n                        Username: daniel.park<br>\r\n                        Password: <a href=\"https://mathmsllc.com/dashboard/public/auth/forgetPassword/setNewPassword?token=%242y%2410%24dAP5cdN9BeQ1iGIyTbLFqujlj45XkFiLXOPu9Ihhaxit3xbt0Z5dK\">Click Here</a> to set your password.<br><br>\r\n                        <a href=\'https://mathmsllc.com/dashboard/public/\'>Login Here</a>\r\n                    ', '93', '', '', 1),
(545, '20', 'New User Created', 'A Instructor has been added under you. Daniel Park is now registered and you are listed as their manager.', '84', '', '', 1),
(546, '1', 'Your Account Has Been Created', 'Your account has been created. Please use the following info to login:<br><br>\r\n                        Username: mason.memchaca<br>\r\n                        Password: <a href=\"https://mathmsllc.com/dashboard/public/auth/forgetPassword/setNewPassword?token=%242y%2410%24zElLKW6osa2rooC6JhPt1e58aTA9PiZlRCIKtOmD930.rIwL3tHQ2\">Click Here</a> to set your password.<br><br>\r\n                        <a href=\'https://mathmsllc.com/dashboard/public/\'>Login Here</a>\r\n                    ', '94', '', '', 1),
(547, '20', 'New User Created', 'A Instructor has been added under you. Mason Menchaca is now registered and you are listed as their manager.', '84', '', '', 1),
(548, '1', 'Your Account Has Been Created', 'Your account has been created. Please use the following info to login:<br><br>\r\n                        Username: dhruv.guda<br>\r\n                        Password: <a href=\"https://mathmsllc.com/dashboard/public/auth/forgetPassword/setNewPassword?token=%242y%2410%24c.ycJtRsD6WvOM0du.lJPeWecjldePhmvaj6YAHp2vWI%2F9l47etKK\">Click Here</a> to set your password.<br><br>\r\n                        <a href=\'https://mathmsllc.com/dashboard/public/\'>Login Here</a>\r\n                    ', '95', '', '', 1),
(549, '20', 'New User Created', 'A Instructor has been added under you. Dhruv Guda is now registered and you are listed as their manager.', '84', '', '', 1),
(550, '1', 'Your Account Has Been Created', 'Your account has been created. Please use the following info to login:<br><br>\r\n                        Username: andrea.murray<br>\r\n                        Password: <a href=\"https://mathmsllc.com/dashboard/public/auth/forgetPassword/setNewPassword?token=%242y%2410%24g2i4eVRAAb9PGisZQVC1lOO0R9wqYP1aTzqwiedgBHfnWIDAz0vF.\">Click Here</a> to set your password.<br><br>\r\n                        <a href=\'https://mathmsllc.com/dashboard/public/\'>Login Here</a>\r\n                    ', '96', '', '', 1),
(551, '20', 'New User Created', 'A Lead Instructor has been added under you. Andrea Murray is now registered and you are listed as their manager.', '84', '', '', 1),
(552, '1', 'Your Account Has Been Created', 'Your account has been created. Please use the following info to login:<br><br>\r\n                        Username: aditya.madhan<br>\r\n                        Password: <a href=\"https://mathmsllc.com/dashboard/public/auth/forgetPassword/setNewPassword?token=%242y%2410%24XYi9GJudJ3BRjtDk4nPGd.lY26.RIHqDio3JBD7uW6X6LCFzTR9na\">Click Here</a> to set your password.<br><br>\r\n                        <a href=\'https://mathmsllc.com/dashboard/public/\'>Login Here</a>\r\n                    ', '97', '', '', 1),
(553, '20', 'New User Created', 'A Instructor has been added under you. Aditya Madhan is now registered and you are listed as their manager.', '84', '', '', 1),
(554, '1', 'Your Account Has Been Created', 'Your account has been created. Please use the following info to login:<br><br>\r\n                        Username: dominik.djajadi<br>\r\n                        Password: <a href=\"https://mathmsllc.com/dashboard/public/auth/forgetPassword/setNewPassword?token=%242y%2410%24poFeH89RqiA5Qw.GgpWeheO8clwzO6RsaAsZ81UwBwlmOKmTYxCKC\">Click Here</a> to set your password.<br><br>\r\n                        <a href=\'https://mathmsllc.com/dashboard/public/\'>Login Here</a>\r\n                    ', '98', '', '', 1),
(555, '20', 'New User Created', 'A Instructor has been added under you. Dominik Djajadi is now registered and you are listed as their manager.', '84', '', '', 1),
(556, '1', 'Your Account Has Been Created', 'Your account has been created. Please use the following info to login:<br><br>\r\n                        Username: havalah.simon<br>\r\n                        Password: <a href=\"https://mathmsllc.com/dashboard/public/auth/forgetPassword/setNewPassword?token=%242y%2410%24GKdyobEEyK5Pco%2FKKQtlXuYlCVcUFuNom3YxG8BzPrnstcZ5hFxua\">Click Here</a> to set your password.<br><br>\r\n                        <a href=\'https://mathmsllc.com/dashboard/public/\'>Login Here</a>\r\n                    ', '99', '', '', 1),
(557, '20', 'New User Created', 'A Instructor has been added under you. Havalah Simon is now registered and you are listed as their manager.', '84', '', '', 1),
(558, '1', 'Your Account Has Been Created', 'Your account has been created. Please use the following info to login:<br><br>\r\n                        Username: geeta.dudam<br>\r\n                        Password: <a href=\"https://mathmsllc.com/dashboard/public/auth/forgetPassword/setNewPassword?token=%242y%2410%24Ei1BNurKrB4K7Fa%2FeBKWDuCaWCB214e9URVQZn.UwA2nv7b%2FjIJK.\">Click Here</a> to set your password.<br><br>\r\n                        <a href=\'https://mathmsllc.com/dashboard/public/\'>Login Here</a>\r\n                    ', '100', '', '', 1),
(559, '20', 'New User Created', 'A Instructor has been added under you. Geeta Dudam is now registered and you are listed as their manager.', '84', '', '', 1),
(560, '21', 'Onboarding Task Completed for Your Employee | Jackson Henry', '<p>An onboarding task for one of your employees has been marked completed for Jackson Henry</p>\r\n        <b>Task:</b> Background Check<br>\r\n        <b>Marked Completed By:</b> Jessica Hastings</br>\r\n        ', '84', '', '', 1),
(561, '21', 'Onboarding Task Completed for Your Employee | Jackson Henry', '<p>An onboarding task for one of your employees has been marked completed for Jackson Henry</p>\r\n        <b>Task:</b> Shirts Ordered<br>\r\n        <b>Marked Completed By:</b> Jessica Hastings</br>\r\n        ', '84', '', '', 1),
(562, '21', 'Onboarding Task Completed for Your Employee | Jackson Henry', '<p>An onboarding task for one of your employees has been marked completed for Jackson Henry</p>\r\n        <b>Task:</b> Name Tag Ordered<br>\r\n        <b>Marked Completed By:</b> Jessica Hastings</br>\r\n        ', '84', '', '', 1),
(563, '21', 'Onboarding Task Completed for Your Employee | Jackson Henry', '<p>An onboarding task for one of your employees has been marked completed for Jackson Henry</p>\r\n        <b>Task:</b> I-9 Verification<br>\r\n        <b>Marked Completed By:</b> Jessica Hastings</br>\r\n        ', '84', '', '', 1),
(564, '21', 'Onboarding Task Completed for Your Employee | Jackson Henry', '<p>An onboarding task for one of your employees has been marked completed for Jackson Henry</p>\r\n        <b>Task:</b> Shirts Delivered<br>\r\n        <b>Marked Completed By:</b> Jessica Hastings</br>\r\n        ', '84', '', '', 1),
(565, '21', 'Onboarding Task Completed for Your Employee | Jackson Henry', '<p>An onboarding task for one of your employees has been marked completed for Jackson Henry</p>\r\n        <b>Task:</b> Name Tag Delivered<br>\r\n        <b>Marked Completed By:</b> Jessica Hastings</br>\r\n        ', '84', '', '', 1),
(566, '21', 'Onboarding Task Completed for Your Employee | Jackson Henry', '<p>An onboarding task for one of your employees has been marked completed for Jackson Henry</p>\r\n        <b>Task:</b> Payroll Data<br>\r\n        <b>Marked Completed By:</b> Jessica Hastings</br>\r\n        ', '84', '', '', 1),
(567, '21', 'Onboarding Task Completed for Your Employee | Jackson Henry', '<p>An onboarding task for one of your employees has been marked completed for Jackson Henry</p>\r\n        <b>Task:</b> Level 1 Training<br>\r\n        <b>Marked Completed By:</b> Jessica Hastings</br>\r\n        ', '84', '', '', 1),
(568, '21', 'Onboarding Task Completed for Your Employee | Jackson Henry', '<p>An onboarding task for one of your employees has been marked completed for Jackson Henry</p>\r\n        <b>Task:</b> Level 2 Training<br>\r\n        <b>Marked Completed By:</b> Jessica Hastings</br>\r\n        ', '84', '', '', 1),
(569, '22', 'Onboarding 100% | Jackson Henry', '<p>All onboarding task have been marked completed for Jackson Henry.</p>', '84', '', '', 1),
(570, '21', 'Onboarding Task Completed for Your Employee | Robert Halbert', '<p>An onboarding task for one of your employees has been marked completed for Robert Halbert</p>\r\n        <b>Task:</b> Background Check<br>\r\n        <b>Marked Completed By:</b> Jessica Hastings</br>\r\n        ', '84', '', '', 1),
(571, '21', 'Onboarding Task Completed for Your Employee | Robert Halbert', '<p>An onboarding task for one of your employees has been marked completed for Robert Halbert</p>\r\n        <b>Task:</b> I-9 Verification<br>\r\n        <b>Marked Completed By:</b> Jessica Hastings</br>\r\n        ', '84', '', '', 1),
(572, '21', 'Onboarding Task Completed for Your Employee | Robert Halbert', '<p>An onboarding task for one of your employees has been marked completed for Robert Halbert</p>\r\n        <b>Task:</b> Payroll Data<br>\r\n        <b>Marked Completed By:</b> Jessica Hastings</br>\r\n        ', '84', '', '', 1),
(573, '21', 'Onboarding Task Completed for Your Employee | Tasneem Kausar', '<p>An onboarding task for one of your employees has been marked completed for Tasneem Kausar</p>\r\n        <b>Task:</b> Background Check<br>\r\n        <b>Marked Completed By:</b> Jessica Hastings</br>\r\n        ', '84', '', '', 1),
(574, '21', 'Onboarding Task Completed for Your Employee | Tasneem Kausar', '<p>An onboarding task for one of your employees has been marked completed for Tasneem Kausar</p>\r\n        <b>Task:</b> Shirts Ordered<br>\r\n        <b>Marked Completed By:</b> Jessica Hastings</br>\r\n        ', '84', '', '', 1),
(575, '21', 'Onboarding Task Completed for Your Employee | Tasneem Kausar', '<p>An onboarding task for one of your employees has been marked completed for Tasneem Kausar</p>\r\n        <b>Task:</b> Name Tag Ordered<br>\r\n        <b>Marked Completed By:</b> Jessica Hastings</br>\r\n        ', '84', '', '', 1),
(576, '21', 'Onboarding Task Completed for Your Employee | Tasneem Kausar', '<p>An onboarding task for one of your employees has been marked completed for Tasneem Kausar</p>\r\n        <b>Task:</b> I-9 Verification<br>\r\n        <b>Marked Completed By:</b> Jessica Hastings</br>\r\n        ', '84', '', '', 1),
(577, '21', 'Onboarding Task Completed for Your Employee | Tasneem Kausar', '<p>An onboarding task for one of your employees has been marked completed for Tasneem Kausar</p>\r\n        <b>Task:</b> Shirts Delivered<br>\r\n        <b>Marked Completed By:</b> Jessica Hastings</br>\r\n        ', '84', '', '', 1),
(578, '21', 'Onboarding Task Completed for Your Employee | Tasneem Kausar', '<p>An onboarding task for one of your employees has been marked completed for Tasneem Kausar</p>\r\n        <b>Task:</b> Name Tag Delivered<br>\r\n        <b>Marked Completed By:</b> Jessica Hastings</br>\r\n        ', '84', '', '', 1),
(579, '21', 'Onboarding Task Completed for Your Employee | Tasneem Kausar', '<p>An onboarding task for one of your employees has been marked completed for Tasneem Kausar</p>\r\n        <b>Task:</b> Payroll Data<br>\r\n        <b>Marked Completed By:</b> Jessica Hastings</br>\r\n        ', '84', '', '', 1),
(580, '21', 'Onboarding Task Completed for Your Employee | Tasneem Kausar', '<p>An onboarding task for one of your employees has been marked completed for Tasneem Kausar</p>\r\n        <b>Task:</b> Level 1 Training<br>\r\n        <b>Marked Completed By:</b> Jessica Hastings</br>\r\n        ', '84', '', '', 1),
(581, '21', 'Onboarding Task Completed for Your Employee | Tasneem Kausar', '<p>An onboarding task for one of your employees has been marked completed for Tasneem Kausar</p>\r\n        <b>Task:</b> Level 2 Training<br>\r\n        <b>Marked Completed By:</b> Jessica Hastings</br>\r\n        ', '84', '', '', 1),
(582, '22', 'Onboarding 100% | Tasneem Kausar', '<p>All onboarding task have been marked completed for Tasneem Kausar.</p>', '84', '', '', 1),
(583, '21', 'Onboarding Task Completed for Your Employee | Reddie Saritha Nandaluri', '<p>An onboarding task for one of your employees has been marked completed for Reddie Saritha Nandaluri</p>\r\n        <b>Task:</b> Background Check<br>\r\n        <b>Marked Completed By:</b> Jessica Hastings</br>\r\n        ', '84', '', '', 1),
(584, '21', 'Onboarding Task Completed for Your Employee | Reddie Saritha Nandaluri', '<p>An onboarding task for one of your employees has been marked completed for Reddie Saritha Nandaluri</p>\r\n        <b>Task:</b> Shirts Ordered<br>\r\n        <b>Marked Completed By:</b> Jessica Hastings</br>\r\n        ', '84', '', '', 1),
(585, '21', 'Onboarding Task Completed for Your Employee | Reddie Saritha Nandaluri', '<p>An onboarding task for one of your employees has been marked completed for Reddie Saritha Nandaluri</p>\r\n        <b>Task:</b> Name Tag Ordered<br>\r\n        <b>Marked Completed By:</b> Jessica Hastings</br>\r\n        ', '84', '', '', 1),
(586, '21', 'Onboarding Task Completed for Your Employee | Reddie Saritha Nandaluri', '<p>An onboarding task for one of your employees has been marked completed for Reddie Saritha Nandaluri</p>\r\n        <b>Task:</b> I-9 Verification<br>\r\n        <b>Marked Completed By:</b> Jessica Hastings</br>\r\n        ', '84', '', '', 1),
(587, '21', 'Onboarding Task Completed for Your Employee | Reddie Saritha Nandaluri', '<p>An onboarding task for one of your employees has been marked completed for Reddie Saritha Nandaluri</p>\r\n        <b>Task:</b> Name Tag Delivered<br>\r\n        <b>Marked Completed By:</b> Jessica Hastings</br>\r\n        ', '84', '', '', 1),
(588, '21', 'Onboarding Task Completed for Your Employee | Reddie Saritha Nandaluri', '<p>An onboarding task for one of your employees has been marked completed for Reddie Saritha Nandaluri</p>\r\n        <b>Task:</b> Payroll Data<br>\r\n        <b>Marked Completed By:</b> Jessica Hastings</br>\r\n        ', '84', '', '', 1),
(589, '21', 'Onboarding Task Completed for Your Employee | Reddie Saritha Nandaluri', '<p>An onboarding task for one of your employees has been marked completed for Reddie Saritha Nandaluri</p>\r\n        <b>Task:</b> Level 1 Training<br>\r\n        <b>Marked Completed By:</b> Jessica Hastings</br>\r\n        ', '84', '', '', 1),
(590, '21', 'Onboarding Task Completed for Your Employee | Alyssa Miller', '<p>An onboarding task for one of your employees has been marked completed for Alyssa Miller</p>\r\n        <b>Task:</b> Background Check<br>\r\n        <b>Marked Completed By:</b> Jessica Hastings</br>\r\n        ', '84', '', '', 1),
(591, '21', 'Onboarding Task Completed for Your Employee | Alyssa Miller', '<p>An onboarding task for one of your employees has been marked completed for Alyssa Miller</p>\r\n        <b>Task:</b> Shirts Ordered<br>\r\n        <b>Marked Completed By:</b> Jessica Hastings</br>\r\n        ', '84', '', '', 1),
(592, '21', 'Onboarding Task Completed for Your Employee | Alyssa Miller', '<p>An onboarding task for one of your employees has been marked completed for Alyssa Miller</p>\r\n        <b>Task:</b> Name Tag Ordered<br>\r\n        <b>Marked Completed By:</b> Jessica Hastings</br>\r\n        ', '84', '', '', 1),
(593, '21', 'Onboarding Task Completed for Your Employee | Alyssa Miller', '<p>An onboarding task for one of your employees has been marked completed for Alyssa Miller</p>\r\n        <b>Task:</b> I-9 Verification<br>\r\n        <b>Marked Completed By:</b> Jessica Hastings</br>\r\n        ', '84', '', '', 1),
(594, '21', 'Onboarding Task Completed for Your Employee | Alyssa Miller', '<p>An onboarding task for one of your employees has been marked completed for Alyssa Miller</p>\r\n        <b>Task:</b> Payroll Data<br>\r\n        <b>Marked Completed By:</b> Jessica Hastings</br>\r\n        ', '84', '', '', 1),
(595, '21', 'Onboarding Task Completed for Your Employee | Alyssa Miller', '<p>An onboarding task for one of your employees has been marked completed for Alyssa Miller</p>\r\n        <b>Task:</b> Level 1 Training<br>\r\n        <b>Marked Completed By:</b> Jessica Hastings</br>\r\n        ', '84', '', '', 1),
(596, '21', 'Onboarding Task Completed for Your Employee | Alyssa Miller', '<p>An onboarding task for one of your employees has been marked completed for Alyssa Miller</p>\r\n        <b>Task:</b> Level 2 Training<br>\r\n        <b>Marked Completed By:</b> Jessica Hastings</br>\r\n        ', '84', '', '', 1),
(597, '21', 'Onboarding Task Completed for Your Employee | Gabriel  Simon', '<p>An onboarding task for one of your employees has been marked completed for Gabriel  Simon</p>\r\n        <b>Task:</b> Background Check<br>\r\n        <b>Marked Completed By:</b> Jessica Hastings</br>\r\n        ', '84', '', '', 1),
(598, '21', 'Onboarding Task Completed for Your Employee | Gabriel  Simon', '<p>An onboarding task for one of your employees has been marked completed for Gabriel  Simon</p>\r\n        <b>Task:</b> Shirts Ordered<br>\r\n        <b>Marked Completed By:</b> Jessica Hastings</br>\r\n        ', '84', '', '', 1),
(599, '21', 'Onboarding Task Completed for Your Employee | Gabriel  Simon', '<p>An onboarding task for one of your employees has been marked completed for Gabriel  Simon</p>\r\n        <b>Task:</b> Name Tag Ordered<br>\r\n        <b>Marked Completed By:</b> Jessica Hastings</br>\r\n        ', '84', '', '', 1),
(600, '21', 'Onboarding Task Completed for Your Employee | Gabriel  Simon', '<p>An onboarding task for one of your employees has been marked completed for Gabriel  Simon</p>\r\n        <b>Task:</b> I-9 Verification<br>\r\n        <b>Marked Completed By:</b> Jessica Hastings</br>\r\n        ', '84', '', '', 1),
(601, '21', 'Onboarding Task Completed for Your Employee | Gabriel  Simon', '<p>An onboarding task for one of your employees has been marked completed for Gabriel  Simon</p>\r\n        <b>Task:</b> Shirts Delivered<br>\r\n        <b>Marked Completed By:</b> Jessica Hastings</br>\r\n        ', '84', '', '', 1),
(602, '21', 'Onboarding Task Completed for Your Employee | Gabriel  Simon', '<p>An onboarding task for one of your employees has been marked completed for Gabriel  Simon</p>\r\n        <b>Task:</b> Name Tag Delivered<br>\r\n        <b>Marked Completed By:</b> Jessica Hastings</br>\r\n        ', '84', '', '', 1),
(603, '21', 'Onboarding Task Completed for Your Employee | Gabriel  Simon', '<p>An onboarding task for one of your employees has been marked completed for Gabriel  Simon</p>\r\n        <b>Task:</b> Payroll Data<br>\r\n        <b>Marked Completed By:</b> Jessica Hastings</br>\r\n        ', '84', '', '', 1),
(604, '21', 'Onboarding Task Completed for Your Employee | Gabriel  Simon', '<p>An onboarding task for one of your employees has been marked completed for Gabriel  Simon</p>\r\n        <b>Task:</b> Level 1 Training<br>\r\n        <b>Marked Completed By:</b> Jessica Hastings</br>\r\n        ', '84', '', '', 1),
(605, '21', 'Onboarding Task Completed for Your Employee | Gabriel  Simon', '<p>An onboarding task for one of your employees has been marked completed for Gabriel  Simon</p>\r\n        <b>Task:</b> Level 2 Training<br>\r\n        <b>Marked Completed By:</b> Jessica Hastings</br>\r\n        ', '84', '', '', 1),
(606, '22', 'Onboarding 100% | Gabriel  Simon', '<p>All onboarding task have been marked completed for Gabriel  Simon.</p>', '84', '', '', 1),
(607, '21', 'Onboarding Task Completed for Your Employee | Belana Simon', '<p>An onboarding task for one of your employees has been marked completed for Belana Simon</p>\r\n        <b>Task:</b> Background Check<br>\r\n        <b>Marked Completed By:</b> Jessica Hastings</br>\r\n        ', '84', '', '', 1),
(608, '21', 'Onboarding Task Completed for Your Employee | Belana Simon', '<p>An onboarding task for one of your employees has been marked completed for Belana Simon</p>\r\n        <b>Task:</b> Shirts Ordered<br>\r\n        <b>Marked Completed By:</b> Jessica Hastings</br>\r\n        ', '84', '', '', 1),
(609, '21', 'Onboarding Task Completed for Your Employee | Belana Simon', '<p>An onboarding task for one of your employees has been marked completed for Belana Simon</p>\r\n        <b>Task:</b> Name Tag Ordered<br>\r\n        <b>Marked Completed By:</b> Jessica Hastings</br>\r\n        ', '84', '', '', 1),
(610, '21', 'Onboarding Task Completed for Your Employee | Belana Simon', '<p>An onboarding task for one of your employees has been marked completed for Belana Simon</p>\r\n        <b>Task:</b> I-9 Verification<br>\r\n        <b>Marked Completed By:</b> Jessica Hastings</br>\r\n        ', '84', '', '', 1),
(611, '21', 'Onboarding Task Completed for Your Employee | Belana Simon', '<p>An onboarding task for one of your employees has been marked completed for Belana Simon</p>\r\n        <b>Task:</b> Payroll Data<br>\r\n        <b>Marked Completed By:</b> Jessica Hastings</br>\r\n        ', '84', '', '', 1),
(612, '21', 'Onboarding Task Completed for Your Employee | Belana Simon', '<p>An onboarding task for one of your employees has been marked completed for Belana Simon</p>\r\n        <b>Task:</b> Level 1 Training<br>\r\n        <b>Marked Completed By:</b> Jessica Hastings</br>\r\n        ', '84', '', '', 1),
(613, '21', 'Onboarding Task Completed for Your Employee | Aaroh Mamidi', '<p>An onboarding task for one of your employees has been marked completed for Aaroh Mamidi</p>\r\n        <b>Task:</b> Background Check<br>\r\n        <b>Marked Completed By:</b> Jessica Hastings</br>\r\n        ', '84', '', '', 1),
(614, '21', 'Onboarding Task Completed for Your Employee | Aaroh Mamidi', '<p>An onboarding task for one of your employees has been marked completed for Aaroh Mamidi</p>\r\n        <b>Task:</b> Shirts Ordered<br>\r\n        <b>Marked Completed By:</b> Jessica Hastings</br>\r\n        ', '84', '', '', 1),
(615, '21', 'Onboarding Task Completed for Your Employee | Aaroh Mamidi', '<p>An onboarding task for one of your employees has been marked completed for Aaroh Mamidi</p>\r\n        <b>Task:</b> Name Tag Ordered<br>\r\n        <b>Marked Completed By:</b> Jessica Hastings</br>\r\n        ', '84', '', '', 1),
(616, '21', 'Onboarding Task Completed for Your Employee | Aaroh Mamidi', '<p>An onboarding task for one of your employees has been marked completed for Aaroh Mamidi</p>\r\n        <b>Task:</b> I-9 Verification<br>\r\n        <b>Marked Completed By:</b> Jessica Hastings</br>\r\n        ', '84', '', '', 1),
(617, '21', 'Onboarding Task Completed for Your Employee | Aaroh Mamidi', '<p>An onboarding task for one of your employees has been marked completed for Aaroh Mamidi</p>\r\n        <b>Task:</b> Name Tag Delivered<br>\r\n        <b>Marked Completed By:</b> Jessica Hastings</br>\r\n        ', '84', '', '', 1),
(618, '21', 'Onboarding Task Completed for Your Employee | Aaroh Mamidi', '<p>An onboarding task for one of your employees has been marked completed for Aaroh Mamidi</p>\r\n        <b>Task:</b> Payroll Data<br>\r\n        <b>Marked Completed By:</b> Jessica Hastings</br>\r\n        ', '84', '', '', 1),
(619, '21', 'Onboarding Task Completed for Your Employee | Aaroh Mamidi', '<p>An onboarding task for one of your employees has been marked completed for Aaroh Mamidi</p>\r\n        <b>Task:</b> Level 1 Training<br>\r\n        <b>Marked Completed By:</b> Jessica Hastings</br>\r\n        ', '84', '', '', 1),
(620, '21', 'Onboarding Task Completed for Your Employee | Aaroh Mamidi', '<p>An onboarding task for one of your employees has been marked completed for Aaroh Mamidi</p>\r\n        <b>Task:</b> Level 2 Training<br>\r\n        <b>Marked Completed By:</b> Jessica Hastings</br>\r\n        ', '84', '', '', 1),
(621, '21', 'Onboarding Task Completed for Your Employee | Daniel Park', '<p>An onboarding task for one of your employees has been marked completed for Daniel Park</p>\r\n        <b>Task:</b> Background Check<br>\r\n        <b>Marked Completed By:</b> Jessica Hastings</br>\r\n        ', '84', '', '', 1),
(622, '21', 'Onboarding Task Completed for Your Employee | Daniel Park', '<p>An onboarding task for one of your employees has been marked completed for Daniel Park</p>\r\n        <b>Task:</b> Shirts Ordered<br>\r\n        <b>Marked Completed By:</b> Jessica Hastings</br>\r\n        ', '84', '', '', 1),
(623, '21', 'Onboarding Task Completed for Your Employee | Daniel Park', '<p>An onboarding task for one of your employees has been marked completed for Daniel Park</p>\r\n        <b>Task:</b> Name Tag Ordered<br>\r\n        <b>Marked Completed By:</b> Jessica Hastings</br>\r\n        ', '84', '', '', 1),
(624, '21', 'Onboarding Task Completed for Your Employee | Daniel Park', '<p>An onboarding task for one of your employees has been marked completed for Daniel Park</p>\r\n        <b>Task:</b> I-9 Verification<br>\r\n        <b>Marked Completed By:</b> Jessica Hastings</br>\r\n        ', '84', '', '', 1),
(625, '21', 'Onboarding Task Completed for Your Employee | Daniel Park', '<p>An onboarding task for one of your employees has been marked completed for Daniel Park</p>\r\n        <b>Task:</b> Shirts Delivered<br>\r\n        <b>Marked Completed By:</b> Jessica Hastings</br>\r\n        ', '84', '', '', 1),
(626, '21', 'Onboarding Task Completed for Your Employee | Daniel Park', '<p>An onboarding task for one of your employees has been marked completed for Daniel Park</p>\r\n        <b>Task:</b> Name Tag Delivered<br>\r\n        <b>Marked Completed By:</b> Jessica Hastings</br>\r\n        ', '84', '', '', 1),
(627, '21', 'Onboarding Task Completed for Your Employee | Daniel Park', '<p>An onboarding task for one of your employees has been marked completed for Daniel Park</p>\r\n        <b>Task:</b> Payroll Data<br>\r\n        <b>Marked Completed By:</b> Jessica Hastings</br>\r\n        ', '84', '', '', 1),
(628, '21', 'Onboarding Task Completed for Your Employee | Daniel Park', '<p>An onboarding task for one of your employees has been marked completed for Daniel Park</p>\r\n        <b>Task:</b> Level 1 Training<br>\r\n        <b>Marked Completed By:</b> Jessica Hastings</br>\r\n        ', '84', '', '', 1),
(629, '21', 'Onboarding Task Completed for Your Employee | Daniel Park', '<p>An onboarding task for one of your employees has been marked completed for Daniel Park</p>\r\n        <b>Task:</b> Level 2 Training<br>\r\n        <b>Marked Completed By:</b> Jessica Hastings</br>\r\n        ', '84', '', '', 1),
(630, '22', 'Onboarding 100% | Daniel Park', '<p>All onboarding task have been marked completed for Daniel Park.</p>', '84', '', '', 1),
(631, '21', 'Onboarding Task Completed for Your Employee | Mason Menchaca', '<p>An onboarding task for one of your employees has been marked completed for Mason Menchaca</p>\r\n        <b>Task:</b> Background Check<br>\r\n        <b>Marked Completed By:</b> Jessica Hastings</br>\r\n        ', '84', '', '', 1),
(632, '21', 'Onboarding Task Completed for Your Employee | Mason Menchaca', '<p>An onboarding task for one of your employees has been marked completed for Mason Menchaca</p>\r\n        <b>Task:</b> Shirts Ordered<br>\r\n        <b>Marked Completed By:</b> Jessica Hastings</br>\r\n        ', '84', '', '', 1),
(633, '21', 'Onboarding Task Completed for Your Employee | Mason Menchaca', '<p>An onboarding task for one of your employees has been marked completed for Mason Menchaca</p>\r\n        <b>Task:</b> Name Tag Ordered<br>\r\n        <b>Marked Completed By:</b> Jessica Hastings</br>\r\n        ', '84', '', '', 1),
(634, '21', 'Onboarding Task Completed for Your Employee | Mason Menchaca', '<p>An onboarding task for one of your employees has been marked completed for Mason Menchaca</p>\r\n        <b>Task:</b> I-9 Verification<br>\r\n        <b>Marked Completed By:</b> Jessica Hastings</br>\r\n        ', '84', '', '', 1),
(635, '21', 'Onboarding Task Completed for Your Employee | Mason Menchaca', '<p>An onboarding task for one of your employees has been marked completed for Mason Menchaca</p>\r\n        <b>Task:</b> Shirts Delivered<br>\r\n        <b>Marked Completed By:</b> Jessica Hastings</br>\r\n        ', '84', '', '', 1),
(636, '21', 'Onboarding Task Completed for Your Employee | Mason Menchaca', '<p>An onboarding task for one of your employees has been marked completed for Mason Menchaca</p>\r\n        <b>Task:</b> Name Tag Delivered<br>\r\n        <b>Marked Completed By:</b> Jessica Hastings</br>\r\n        ', '84', '', '', 1),
(637, '21', 'Onboarding Task Completed for Your Employee | Mason Menchaca', '<p>An onboarding task for one of your employees has been marked completed for Mason Menchaca</p>\r\n        <b>Task:</b> Payroll Data<br>\r\n        <b>Marked Completed By:</b> Jessica Hastings</br>\r\n        ', '84', '', '', 1),
(638, '21', 'Onboarding Task Completed for Your Employee | Mason Menchaca', '<p>An onboarding task for one of your employees has been marked completed for Mason Menchaca</p>\r\n        <b>Task:</b> Level 1 Training<br>\r\n        <b>Marked Completed By:</b> Jessica Hastings</br>\r\n        ', '84', '', '', 1),
(639, '21', 'Onboarding Task Completed for Your Employee | Mason Menchaca', '<p>An onboarding task for one of your employees has been marked completed for Mason Menchaca</p>\r\n        <b>Task:</b> Level 2 Training<br>\r\n        <b>Marked Completed By:</b> Jessica Hastings</br>\r\n        ', '84', '', '', 1),
(640, '22', 'Onboarding 100% | Mason Menchaca', '<p>All onboarding task have been marked completed for Mason Menchaca.</p>', '84', '', '', 1),
(641, '21', 'Onboarding Task Completed for Your Employee | Dhruv Guda', '<p>An onboarding task for one of your employees has been marked completed for Dhruv Guda</p>\r\n        <b>Task:</b> Background Check<br>\r\n        <b>Marked Completed By:</b> Jessica Hastings</br>\r\n        ', '84', '', '', 1),
(642, '21', 'Onboarding Task Completed for Your Employee | Dhruv Guda', '<p>An onboarding task for one of your employees has been marked completed for Dhruv Guda</p>\r\n        <b>Task:</b> Shirts Ordered<br>\r\n        <b>Marked Completed By:</b> Jessica Hastings</br>\r\n        ', '84', '', '', 1),
(643, '21', 'Onboarding Task Completed for Your Employee | Dhruv Guda', '<p>An onboarding task for one of your employees has been marked completed for Dhruv Guda</p>\r\n        <b>Task:</b> Name Tag Ordered<br>\r\n        <b>Marked Completed By:</b> Jessica Hastings</br>\r\n        ', '84', '', '', 1),
(644, '21', 'Onboarding Task Completed for Your Employee | Dhruv Guda', '<p>An onboarding task for one of your employees has been marked completed for Dhruv Guda</p>\r\n        <b>Task:</b> I-9 Verification<br>\r\n        <b>Marked Completed By:</b> Jessica Hastings</br>\r\n        ', '84', '', '', 1),
(645, '21', 'Onboarding Task Completed for Your Employee | Dhruv Guda', '<p>An onboarding task for one of your employees has been marked completed for Dhruv Guda</p>\r\n        <b>Task:</b> Shirts Delivered<br>\r\n        <b>Marked Completed By:</b> Jessica Hastings</br>\r\n        ', '84', '', '', 1),
(646, '21', 'Onboarding Task Completed for Your Employee | Dhruv Guda', '<p>An onboarding task for one of your employees has been marked completed for Dhruv Guda</p>\r\n        <b>Task:</b> Name Tag Delivered<br>\r\n        <b>Marked Completed By:</b> Jessica Hastings</br>\r\n        ', '84', '', '', 1),
(647, '21', 'Onboarding Task Completed for Your Employee | Dhruv Guda', '<p>An onboarding task for one of your employees has been marked completed for Dhruv Guda</p>\r\n        <b>Task:</b> Payroll Data<br>\r\n        <b>Marked Completed By:</b> Jessica Hastings</br>\r\n        ', '84', '', '', 1),
(648, '21', 'Onboarding Task Completed for Your Employee | Andrea Murray', '<p>An onboarding task for one of your employees has been marked completed for Andrea Murray</p>\r\n        <b>Task:</b> Background Check<br>\r\n        <b>Marked Completed By:</b> Jessica Hastings</br>\r\n        ', '84', '', '', 1),
(649, '21', 'Onboarding Task Completed for Your Employee | Andrea Murray', '<p>An onboarding task for one of your employees has been marked completed for Andrea Murray</p>\r\n        <b>Task:</b> I-9 Verification<br>\r\n        <b>Marked Completed By:</b> Jessica Hastings</br>\r\n        ', '84', '', '', 1),
(650, '21', 'Onboarding Task Completed for Your Employee | Andrea Murray', '<p>An onboarding task for one of your employees has been marked completed for Andrea Murray</p>\r\n        <b>Task:</b> Payroll Data<br>\r\n        <b>Marked Completed By:</b> Jessica Hastings</br>\r\n        ', '84', '', '', 1),
(651, '21', 'Onboarding Task Completed for Your Employee | Aditya Madhan', '<p>An onboarding task for one of your employees has been marked completed for Aditya Madhan</p>\r\n        <b>Task:</b> Background Check<br>\r\n        <b>Marked Completed By:</b> Jessica Hastings</br>\r\n        ', '84', '', '', 1),
(652, '21', 'Onboarding Task Completed for Your Employee | Aditya Madhan', '<p>An onboarding task for one of your employees has been marked completed for Aditya Madhan</p>\r\n        <b>Task:</b> I-9 Verification<br>\r\n        <b>Marked Completed By:</b> Jessica Hastings</br>\r\n        ', '84', '', '', 1),
(653, '21', 'Onboarding Task Completed for Your Employee | Aditya Madhan', '<p>An onboarding task for one of your employees has been marked completed for Aditya Madhan</p>\r\n        <b>Task:</b> Payroll Data<br>\r\n        <b>Marked Completed By:</b> Jessica Hastings</br>\r\n        ', '84', '', '', 1),
(654, '21', 'Onboarding Task Completed for Your Employee | Aditya Madhan', '<p>An onboarding task for one of your employees has been marked completed for Aditya Madhan</p>\r\n        <b>Task:</b> Level 1 Training<br>\r\n        <b>Marked Completed By:</b> Jessica Hastings</br>\r\n        ', '84', '', '', 1),
(655, '21', 'Onboarding Task Completed for Your Employee | Aditya Madhan', '<p>An onboarding task for one of your employees has been marked completed for Aditya Madhan</p>\r\n        <b>Task:</b> Shirts Ordered<br>\r\n        <b>Marked Completed By:</b> Jessica Hastings</br>\r\n        ', '84', '', '', 1),
(656, '21', 'Onboarding Task Completed for Your Employee | Aditya Madhan', '<p>An onboarding task for one of your employees has been marked completed for Aditya Madhan</p>\r\n        <b>Task:</b> Name Tag Ordered<br>\r\n        <b>Marked Completed By:</b> Jessica Hastings</br>\r\n        ', '84', '', '', 1),
(657, '21', 'Onboarding Task Completed for Your Employee | Aditya Madhan', '<p>An onboarding task for one of your employees has been marked completed for Aditya Madhan</p>\r\n        <b>Task:</b> Shirts Delivered<br>\r\n        <b>Marked Completed By:</b> Jessica Hastings</br>\r\n        ', '84', '', '', 1),
(658, '21', 'Onboarding Task Completed for Your Employee | Aditya Madhan', '<p>An onboarding task for one of your employees has been marked completed for Aditya Madhan</p>\r\n        <b>Task:</b> Name Tag Delivered<br>\r\n        <b>Marked Completed By:</b> Jessica Hastings</br>\r\n        ', '84', '', '', 1),
(659, '21', 'Onboarding Task Completed for Your Employee | Dominik Djajadi', '<p>An onboarding task for one of your employees has been marked completed for Dominik Djajadi</p>\r\n        <b>Task:</b> Background Check<br>\r\n        <b>Marked Completed By:</b> Jessica Hastings</br>\r\n        ', '84', '', '', 1),
(660, '21', 'Onboarding Task Completed for Your Employee | Dominik Djajadi', '<p>An onboarding task for one of your employees has been marked completed for Dominik Djajadi</p>\r\n        <b>Task:</b> Shirts Ordered<br>\r\n        <b>Marked Completed By:</b> Jessica Hastings</br>\r\n        ', '84', '', '', 1),
(661, '21', 'Onboarding Task Completed for Your Employee | Dominik Djajadi', '<p>An onboarding task for one of your employees has been marked completed for Dominik Djajadi</p>\r\n        <b>Task:</b> Name Tag Ordered<br>\r\n        <b>Marked Completed By:</b> Jessica Hastings</br>\r\n        ', '84', '', '', 1),
(662, '21', 'Onboarding Task Completed for Your Employee | Dominik Djajadi', '<p>An onboarding task for one of your employees has been marked completed for Dominik Djajadi</p>\r\n        <b>Task:</b> I-9 Verification<br>\r\n        <b>Marked Completed By:</b> Jessica Hastings</br>\r\n        ', '84', '', '', 1),
(663, '21', 'Onboarding Task Completed for Your Employee | Dominik Djajadi', '<p>An onboarding task for one of your employees has been marked completed for Dominik Djajadi</p>\r\n        <b>Task:</b> Shirts Delivered<br>\r\n        <b>Marked Completed By:</b> Jessica Hastings</br>\r\n        ', '84', '', '', 1),
(664, '21', 'Onboarding Task Completed for Your Employee | Dominik Djajadi', '<p>An onboarding task for one of your employees has been marked completed for Dominik Djajadi</p>\r\n        <b>Task:</b> Name Tag Delivered<br>\r\n        <b>Marked Completed By:</b> Jessica Hastings</br>\r\n        ', '84', '', '', 1),
(665, '21', 'Onboarding Task Completed for Your Employee | Dominik Djajadi', '<p>An onboarding task for one of your employees has been marked completed for Dominik Djajadi</p>\r\n        <b>Task:</b> Payroll Data<br>\r\n        <b>Marked Completed By:</b> Jessica Hastings</br>\r\n        ', '84', '', '', 1),
(666, '21', 'Onboarding Task Completed for Your Employee | Dominik Djajadi', '<p>An onboarding task for one of your employees has been marked completed for Dominik Djajadi</p>\r\n        <b>Task:</b> Level 1 Training<br>\r\n        <b>Marked Completed By:</b> Jessica Hastings</br>\r\n        ', '84', '', '', 1),
(667, '21', 'Onboarding Task Completed for Your Employee | Havalah Simon', '<p>An onboarding task for one of your employees has been marked completed for Havalah Simon</p>\r\n        <b>Task:</b> Background Check<br>\r\n        <b>Marked Completed By:</b> Jessica Hastings</br>\r\n        ', '84', '', '', 1),
(668, '21', 'Onboarding Task Completed for Your Employee | Havalah Simon', '<p>An onboarding task for one of your employees has been marked completed for Havalah Simon</p>\r\n        <b>Task:</b> Shirts Ordered<br>\r\n        <b>Marked Completed By:</b> Jessica Hastings</br>\r\n        ', '84', '', '', 1),
(669, '21', 'Onboarding Task Completed for Your Employee | Havalah Simon', '<p>An onboarding task for one of your employees has been marked completed for Havalah Simon</p>\r\n        <b>Task:</b> Name Tag Ordered<br>\r\n        <b>Marked Completed By:</b> Jessica Hastings</br>\r\n        ', '84', '', '', 1),
(670, '21', 'Onboarding Task Completed for Your Employee | Havalah Simon', '<p>An onboarding task for one of your employees has been marked completed for Havalah Simon</p>\r\n        <b>Task:</b> I-9 Verification<br>\r\n        <b>Marked Completed By:</b> Jessica Hastings</br>\r\n        ', '84', '', '', 1),
(671, '21', 'Onboarding Task Completed for Your Employee | Havalah Simon', '<p>An onboarding task for one of your employees has been marked completed for Havalah Simon</p>\r\n        <b>Task:</b> Shirts Delivered<br>\r\n        <b>Marked Completed By:</b> Jessica Hastings</br>\r\n        ', '84', '', '', 1),
(672, '21', 'Onboarding Task Completed for Your Employee | Havalah Simon', '<p>An onboarding task for one of your employees has been marked completed for Havalah Simon</p>\r\n        <b>Task:</b> Name Tag Delivered<br>\r\n        <b>Marked Completed By:</b> Jessica Hastings</br>\r\n        ', '84', '', '', 1),
(673, '21', 'Onboarding Task Completed for Your Employee | Havalah Simon', '<p>An onboarding task for one of your employees has been marked completed for Havalah Simon</p>\r\n        <b>Task:</b> Payroll Data<br>\r\n        <b>Marked Completed By:</b> Jessica Hastings</br>\r\n        ', '84', '', '', 1),
(674, '21', 'Onboarding Task Completed for Your Employee | Havalah Simon', '<p>An onboarding task for one of your employees has been marked completed for Havalah Simon</p>\r\n        <b>Task:</b> Level 1 Training<br>\r\n        <b>Marked Completed By:</b> Jessica Hastings</br>\r\n        ', '84', '', '', 1),
(675, '21', 'Onboarding Task Completed for Your Employee | Geeta Dudam', '<p>An onboarding task for one of your employees has been marked completed for Geeta Dudam</p>\r\n        <b>Task:</b> Background Check<br>\r\n        <b>Marked Completed By:</b> Jessica Hastings</br>\r\n        ', '84', '', '', 1),
(676, '21', 'Onboarding Task Completed for Your Employee | Geeta Dudam', '<p>An onboarding task for one of your employees has been marked completed for Geeta Dudam</p>\r\n        <b>Task:</b> Name Tag Ordered<br>\r\n        <b>Marked Completed By:</b> Jessica Hastings</br>\r\n        ', '84', '', '', 1),
(677, '21', 'Onboarding Task Completed for Your Employee | Geeta Dudam', '<p>An onboarding task for one of your employees has been marked completed for Geeta Dudam</p>\r\n        <b>Task:</b> I-9 Verification<br>\r\n        <b>Marked Completed By:</b> Jessica Hastings</br>\r\n        ', '84', '', '', 1),
(678, '21', 'Onboarding Task Completed for Your Employee | Geeta Dudam', '<p>An onboarding task for one of your employees has been marked completed for Geeta Dudam</p>\r\n        <b>Task:</b> Name Tag Delivered<br>\r\n        <b>Marked Completed By:</b> Jessica Hastings</br>\r\n        ', '84', '', '', 1),
(679, '21', 'Onboarding Task Completed for Your Employee | Geeta Dudam', '<p>An onboarding task for one of your employees has been marked completed for Geeta Dudam</p>\r\n        <b>Task:</b> Payroll Data<br>\r\n        <b>Marked Completed By:</b> Jessica Hastings</br>\r\n        ', '84', '', '', 1),
(680, '21', 'Onboarding Task Completed for Your Employee | Geeta Dudam', '<p>An onboarding task for one of your employees has been marked completed for Geeta Dudam</p>\r\n        <b>Task:</b> Level 1 Training<br>\r\n        <b>Marked Completed By:</b> Jessica Hastings</br>\r\n        ', '84', '', '', 1),
(681, '21', 'Onboarding Task Completed for Your Employee | Geeta Dudam', '<p>An onboarding task for one of your employees has been marked completed for Geeta Dudam</p>\r\n        <b>Task:</b> Level 2 Training<br>\r\n        <b>Marked Completed By:</b> Jessica Hastings</br>\r\n        ', '84', '', '', 1),
(682, '1', 'Signature Requested | Employee Status Change Form', '<p>Sign the <a href=\'https://mathmsllc.com/dashboard/public/users/sign/74846e5ca63c0600\'>document</a>.</p>', '100', '', '', 1),
(683, '21', 'Onboarding Task Completed for Your Employee | Jessica Hastings', '<p>An onboarding task for one of your employees has been marked completed for Jessica Hastings</p>\r\n        <b>Task:</b> Background Check<br>\r\n        <b>Marked Completed By:</b> Jessica Hastings</br>\r\n        ', '17', '', '', 1),
(684, '21', 'Onboarding Task Completed for Your Employee | Jessica Hastings', '<p>An onboarding task for one of your employees has been marked completed for Jessica Hastings</p>\r\n        <b>Task:</b> Shirts Ordered<br>\r\n        <b>Marked Completed By:</b> Jessica Hastings</br>\r\n        ', '17', '', '', 1);
INSERT INTO `email_table` (`id`, `type`, `subject`, `body`, `to_email`, `cc_email`, `bcc_email`, `sent`) VALUES
(685, '21', 'Onboarding Task Completed for Your Employee | Jessica Hastings', '<p>An onboarding task for one of your employees has been marked completed for Jessica Hastings</p>\r\n        <b>Task:</b> Name Tag Ordered<br>\r\n        <b>Marked Completed By:</b> Jessica Hastings</br>\r\n        ', '17', '', '', 1),
(686, '21', 'Onboarding Task Completed for Your Employee | Jessica Hastings', '<p>An onboarding task for one of your employees has been marked completed for Jessica Hastings</p>\r\n        <b>Task:</b> I-9 Verification<br>\r\n        <b>Marked Completed By:</b> Jessica Hastings</br>\r\n        ', '17', '', '', 1),
(687, '21', 'Onboarding Task Completed for Your Employee | Jessica Hastings', '<p>An onboarding task for one of your employees has been marked completed for Jessica Hastings</p>\r\n        <b>Task:</b> Shirts Delivered<br>\r\n        <b>Marked Completed By:</b> Jessica Hastings</br>\r\n        ', '17', '', '', 1),
(688, '21', 'Onboarding Task Completed for Your Employee | Jessica Hastings', '<p>An onboarding task for one of your employees has been marked completed for Jessica Hastings</p>\r\n        <b>Task:</b> Name Tag Delivered<br>\r\n        <b>Marked Completed By:</b> Jessica Hastings</br>\r\n        ', '17', '', '', 1),
(689, '21', 'Onboarding Task Completed for Your Employee | Jessica Hastings', '<p>An onboarding task for one of your employees has been marked completed for Jessica Hastings</p>\r\n        <b>Task:</b> Payroll Data<br>\r\n        <b>Marked Completed By:</b> Jessica Hastings</br>\r\n        ', '17', '', '', 1),
(690, '21', 'Onboarding Task Completed for Your Employee | Jessica Hastings', '<p>An onboarding task for one of your employees has been marked completed for Jessica Hastings</p>\r\n        <b>Task:</b> Level 1 Training<br>\r\n        <b>Marked Completed By:</b> Jessica Hastings</br>\r\n        ', '17', '', '', 1),
(691, '21', 'Onboarding Task Completed for Your Employee | Jessica Hastings', '<p>An onboarding task for one of your employees has been marked completed for Jessica Hastings</p>\r\n        <b>Task:</b> Level 2 Training<br>\r\n        <b>Marked Completed By:</b> Jessica Hastings</br>\r\n        ', '17', '', '', 1),
(692, '22', 'Onboarding 100% | Jessica Hastings', '<p>All onboarding task have been marked completed for Jessica Hastings.</p>', '17', '', '', 1),
(693, '1', 'Signature Requested | Employee Status Change Form', '<p>Sign the <a href=\'https://mathmsllc.com/dashboard/public/users/sign/58037d756b674065\'>document</a>.</p>', '90', '', '', 1),
(694, '26', 'Auto Clock Out Notification', '<p>Employee Alexa Russell has been automatically clocked out. Make sure to correct this entry asap.</p><p>The employee & manager are on this email</p>', '74', NULL, NULL, 1),
(695, '27', 'Auto Clock Out Notification', '<p>You did not clock out for your last shift. Your manager has been made aware of this. Ensure this gets fixed to make sure you get paid.', '80', NULL, NULL, 1),
(696, '24', 'New Expense Submitted', 'New expense submitted by Tess on behalf of Tess for Alamo Heights<br> Paper Towels and Water Refill - 17.64 <br> View expense details: <a href=\'https://mathmsllc.com/dashboard/public/expenses/view/137\'>https://mathmsllc.com/dashboard/public/expenses/view/137</a>', '43', '', '', 1),
(697, '23', 'New Expense Submitted For One of Your Employees | Tess', 'New expense submitted by Tess on behalf of Tess for Alamo Heights<br> Paper Towels and Water Refill - 17.64 <br> View expense details: <a href=\'https://mathmsllc.com/dashboard/public/expenses/view/137\'>https://mathmsllc.com/dashboard/public/expenses/view/137</a>', '17', '', '', 1),
(698, '24', 'New Expense Submitted', 'New expense submitted by Tess on behalf of Tess for Alamo Heights<br> April Prizes - 72.46 <br> View expense details: <a href=\'https://mathmsllc.com/dashboard/public/expenses/view/138\'>https://mathmsllc.com/dashboard/public/expenses/view/138</a>', '43', '', '', 1),
(699, '23', 'New Expense Submitted For One of Your Employees | Tess', 'New expense submitted by Tess on behalf of Tess for Alamo Heights<br> April Prizes - 72.46 <br> View expense details: <a href=\'https://mathmsllc.com/dashboard/public/expenses/view/138\'>https://mathmsllc.com/dashboard/public/expenses/view/138</a>', '17', '', '', 1),
(700, '24', 'New Expense Submitted', 'New expense submitted by Alexandria on behalf of Alexandria for Belterra<br> Screws for Bathroom Door - 2.92 <br> View expense details: <a href=\'https://mathmsllc.com/dashboard/public/expenses/view/139\'>https://mathmsllc.com/dashboard/public/expenses/view/139</a>', '44', '', '', 1),
(701, '23', 'New Expense Submitted For One of Your Employees | Alexandria', 'New expense submitted by Alexandria on behalf of Alexandria for Belterra<br> Screws for Bathroom Door - 2.92 <br> View expense details: <a href=\'https://mathmsllc.com/dashboard/public/expenses/view/139\'>https://mathmsllc.com/dashboard/public/expenses/view/139</a>', '17', '', '', 1),
(702, '24', 'New Expense Submitted', 'New expense submitted by Alexandria on behalf of Alexandria for Belterra<br> Clorox Wipes - 3.77 <br> View expense details: <a href=\'https://mathmsllc.com/dashboard/public/expenses/view/140\'>https://mathmsllc.com/dashboard/public/expenses/view/140</a>', '44', '', '', 1),
(703, '23', 'New Expense Submitted For One of Your Employees | Alexandria', 'New expense submitted by Alexandria on behalf of Alexandria for Belterra<br> Clorox Wipes - 3.77 <br> View expense details: <a href=\'https://mathmsllc.com/dashboard/public/expenses/view/140\'>https://mathmsllc.com/dashboard/public/expenses/view/140</a>', '17', '', '', 1),
(704, '24', 'New Expense Submitted', 'New expense submitted by Robbie on behalf of Robbie for Cedar Park<br> Mathnasium Pencils - 421.21 <br> View expense details: <a href=\'https://mathmsllc.com/dashboard/public/expenses/view/141\'>https://mathmsllc.com/dashboard/public/expenses/view/141</a>', '17', '', '', 1),
(705, '23', 'New Expense Submitted For One of Your Employees | Robbie', 'New expense submitted by Robbie on behalf of Robbie for Cedar Park<br> Mathnasium Pencils - 421.21 <br> View expense details: <a href=\'https://mathmsllc.com/dashboard/public/expenses/view/141\'>https://mathmsllc.com/dashboard/public/expenses/view/141</a>', '1', '', '', 1),
(706, '24', 'New Expense Submitted', 'New expense submitted by Robbie on behalf of Robbie for League City<br> Window Art - 662.19 <br> View expense details: <a href=\'https://mathmsllc.com/dashboard/public/expenses/view/142\'>https://mathmsllc.com/dashboard/public/expenses/view/142</a>', '17', '', '', 1),
(707, '23', 'New Expense Submitted For One of Your Employees | Robbie', 'New expense submitted by Robbie on behalf of Robbie for League City<br> Window Art - 662.19 <br> View expense details: <a href=\'https://mathmsllc.com/dashboard/public/expenses/view/142\'>https://mathmsllc.com/dashboard/public/expenses/view/142</a>', '1', '', '', 1),
(708, '24', 'New Expense Submitted', 'New expense submitted by Robbie on behalf of Robbie for Leander<br> Leander Window Decal Deposit - 100 <br> View expense details: <a href=\'https://mathmsllc.com/dashboard/public/expenses/view/143\'>https://mathmsllc.com/dashboard/public/expenses/view/143</a>', '17', '', '', 1),
(709, '23', 'New Expense Submitted For One of Your Employees | Robbie', 'New expense submitted by Robbie on behalf of Robbie for Leander<br> Leander Window Decal Deposit - 100 <br> View expense details: <a href=\'https://mathmsllc.com/dashboard/public/expenses/view/143\'>https://mathmsllc.com/dashboard/public/expenses/view/143</a>', '1', '', '', 1),
(710, '24', 'New Expense Submitted', 'New expense submitted by Robbie on behalf of Robbie for Round Rock<br> RR - Polos - 579.71 <br> View expense details: <a href=\'https://mathmsllc.com/dashboard/public/expenses/view/144\'>https://mathmsllc.com/dashboard/public/expenses/view/144</a>', '17', '', '', 1),
(711, '23', 'New Expense Submitted For One of Your Employees | Robbie', 'New expense submitted by Robbie on behalf of Robbie for Round Rock<br> RR - Polos - 579.71 <br> View expense details: <a href=\'https://mathmsllc.com/dashboard/public/expenses/view/144\'>https://mathmsllc.com/dashboard/public/expenses/view/144</a>', '1', '', '', 1);

-- --------------------------------------------------------

--
-- Table structure for table `email_templates`
--

CREATE TABLE `email_templates` (
  `id` int NOT NULL,
  `name` text NOT NULL,
  `code` text NOT NULL,
  `data` text NOT NULL,
  `created_at` timestamp NOT NULL DEFAULT CURRENT_TIMESTAMP
) ENGINE=InnoDB DEFAULT CHARSET=latin1;

--
-- Dumping data for table `email_templates`
--

INSERT INTO `email_templates` (`id`, `name`, `code`, `data`, `created_at`) VALUES
(1, 'Reset Password Template', 'reset_password', '<h1><strong>{company_name}</strong></h1>\n\n<h3>Click on Reset Link to Proceed : <a href=\"{reset_link}\">Reset Now</a></h3>\n', '2020-01-03 10:40:14');

-- --------------------------------------------------------

--
-- Table structure for table `employee_status_change_form`
--

CREATE TABLE `employee_status_change_form` (
  `id` int NOT NULL,
  `employee_id` int NOT NULL,
  `date` date NOT NULL,
  `date_effective` date NOT NULL,
  `location_change` tinyint(1) NOT NULL,
  `salary_change` tinyint(1) NOT NULL,
  `old_location` int DEFAULT NULL,
  `new_location` int DEFAULT NULL,
  `promotion` tinyint(1) DEFAULT '0',
  `demotion` tinyint(1) DEFAULT '0',
  `old_role` int DEFAULT NULL,
  `new_role` int DEFAULT NULL,
  `old_salary` decimal(10,2) DEFAULT NULL,
  `old_salary_type` varchar(255) COLLATE utf8mb3_unicode_ci DEFAULT NULL,
  `new_salary` decimal(10,2) DEFAULT NULL,
  `new_salary_type` varchar(255) COLLATE utf8mb3_unicode_ci DEFAULT NULL,
  `supervisor_remarks` text COLLATE utf8mb3_unicode_ci,
  `hash` varchar(16) COLLATE utf8mb3_unicode_ci NOT NULL,
  `sign_hash` varchar(16) COLLATE utf8mb3_unicode_ci NOT NULL,
  `termination` tinyint(1) DEFAULT '0',
  `signature` varchar(255) COLLATE utf8mb3_unicode_ci DEFAULT NULL,
  `sent` tinyint(1) DEFAULT '0',
  `sig_ip_address` varchar(45) COLLATE utf8mb3_unicode_ci DEFAULT NULL,
  `sig_timestamp` datetime DEFAULT NULL,
  `sig_user_agent` varchar(255) COLLATE utf8mb3_unicode_ci DEFAULT NULL,
  `sig_referrer` varchar(255) COLLATE utf8mb3_unicode_ci DEFAULT NULL,
  `sig_request_uri` varchar(255) COLLATE utf8mb3_unicode_ci DEFAULT NULL
) ENGINE=InnoDB DEFAULT CHARSET=utf8mb3 COLLATE=utf8mb3_unicode_ci;

--
-- Dumping data for table `employee_status_change_form`
--

INSERT INTO `employee_status_change_form` (`id`, `employee_id`, `date`, `date_effective`, `location_change`, `salary_change`, `old_location`, `new_location`, `promotion`, `demotion`, `old_role`, `new_role`, `old_salary`, `old_salary_type`, `new_salary`, `new_salary_type`, `supervisor_remarks`, `hash`, `sign_hash`, `termination`, `signature`, `sent`, `sig_ip_address`, `sig_timestamp`, `sig_user_agent`, `sig_referrer`, `sig_request_uri`) VALUES
(66, 15, '2024-04-01', '2024-03-31', 1, 1, 28, 14, 0, 0, 2, 1, 15.00, 'hour', 16.00, 'hour', 'because greg likes to test', 'f805bcce540c4421', '5ef132c29d7a41e1', 0, NULL, 0, NULL, NULL, NULL, NULL, NULL),
(67, 15, '2024-04-01', '2024-03-31', 1, 0, 29, 40, 0, 0, 2, 1, 0.00, '', 0.00, '', 'Moving to bigger center.', 'b061a044b70cf92a', '0bf8be29a13dff37', 0, NULL, 0, '108.220.103.186', '2024-04-01 04:32:29', 'Mozilla/5.0 (Windows NT 10.0; Win64; x64) AppleWebKit/537.36 (KHTML, like Gecko) Chrome/123.0.0.0 Safari/537.36 Edg/123.0.0.0', 'https://mathmsllc.com/dashboard/public/users/sign/0bf8be29a13dff37', '/dashboard/public/users/saveSignature'),
(68, 1, '2024-04-01', '0000-00-00', 0, 0, 14, 14, 0, 0, 1, 1, 0.00, '', 0.00, '', '', 'bdeec976a99ecbed', '37ee2bb6bd8e0b6a', 0, '6609f8ec9d605.png', 0, '108.220.103.186', '2024-04-01 05:29:40', 'Mozilla/5.0 (Windows NT 10.0; Win64; x64) AppleWebKit/537.36 (KHTML, like Gecko) Chrome/123.0.0.0 Safari/537.36', 'https://mathmsllc.com/dashboard/public/users/success/bdeec976a99ecbed', '/dashboard/public/users/saveSignature'),
(69, 1, '2024-04-01', '0000-00-00', 0, 0, 14, 14, 0, 0, 1, 1, 0.00, '', 0.00, '', '', 'af5270ea4b1ce159', 'a97b0bb31713949c', 0, '6609fa26d41cd.png', 0, '108.220.103.186', '2024-04-01 05:34:54', 'Mozilla/5.0 (Windows NT 10.0; Win64; x64) AppleWebKit/537.36 (KHTML, like Gecko) Chrome/123.0.0.0 Safari/537.36', 'https://mathmsllc.com/dashboard/public/users/success/af5270ea4b1ce159', '/dashboard/public/users/saveSignature'),
(70, 1, '2024-04-01', '0000-00-00', 0, 0, 14, 14, 0, 0, 1, 1, 0.00, '', 0.00, '', 'greg doing the ultimate', '56f3d699d4e6f053', '51d24bcde2667b5c', 0, '6609fa4eb322b.png', 0, '108.220.103.186', '2024-04-01 05:35:34', 'Mozilla/5.0 (Windows NT 10.0; Win64; x64) AppleWebKit/537.36 (KHTML, like Gecko) Chrome/123.0.0.0 Safari/537.36', 'https://mathmsllc.com/dashboard/public/users/success/56f3d699d4e6f053', '/dashboard/public/users/saveSignature'),
(71, 1, '2024-04-01', '0000-00-00', 0, 0, 14, 14, 0, 0, 1, 1, 0.00, '', 0.00, '', '', 'be1573253b6bffb4', '833fd7d37636fdcc', 0, NULL, 0, NULL, NULL, NULL, NULL, NULL),
(72, 1, '2024-04-01', '0000-00-00', 0, 0, 14, 14, 0, 0, 1, 1, 0.00, '', 0.00, '', '', 'a04e7d15cd86a450', '39c17fae3202d83d', 0, '660a01245dc8a.png', 0, '108.220.103.186', '2024-04-01 06:04:44', 'Mozilla/5.0 (Windows NT 10.0; Win64; x64) AppleWebKit/537.36 (KHTML, like Gecko) Chrome/123.0.0.0 Safari/537.36', 'https://mathmsllc.com/dashboard/public/users/sign/39c17fae3202d83d', '/dashboard/public/users/saveSignature'),
(73, 15, '2024-04-01', '2024-03-11', 0, 0, 14, 14, 0, 0, 2, 1, 0.00, '', 0.00, '', 'Greg is testing a lot of things.', '6217c2cb8092949b', '917012af82a38825', 0, '660a0249ecdcd.png', 0, '108.220.103.186', '2024-04-01 06:09:37', 'Mozilla/5.0 (Windows NT 10.0; Win64; x64) AppleWebKit/537.36 (KHTML, like Gecko) Chrome/123.0.0.0 Safari/537.36 Edg/123.0.0.0', 'https://mathmsllc.com/dashboard/public/users/sign/917012af82a38825', '/dashboard/public/users/saveSignature'),
(74, 1, '2024-04-01', '0000-00-00', 0, 0, 14, 14, 0, 0, 1, 1, 0.00, '', 0.00, '', '', '9375752f7f83c561', '5034d33c0820387e', 0, '660a14ebe0712.png', 0, '108.220.103.186', '2024-04-01 07:29:07', 'Mozilla/5.0 (iPhone; CPU iPhone OS 17_3 like Mac OS X) AppleWebKit/605.1.15 (KHTML, like Gecko) CriOS/123.0.6312.52 Mobile/15E148 Safari/604.1', 'https://mathmsllc.com/dashboard/public/users/sign/5034d33c0820387e', '/dashboard/public/users/saveSignature'),
(75, 15, '2024-04-01', '2024-03-31', 1, 1, 14, 28, 0, 0, 2, 1, 0.00, 'Hour', 0.00, 'Hour', 'Greg is testing to Tiffany.', 'e07fdef9e1adac59', 'ec939698d2f15093', 0, NULL, 0, NULL, NULL, NULL, NULL, NULL),
(76, 15, '2024-04-01', '2024-03-31', 1, 1, 14, 28, 0, 0, 2, 1, 20.00, 'Hour', 25.00, 'Hour', 'Greg is testing to Tiffany.', '5a16f3373915229e', '87cca3bdb98e35cd', 0, '660a1764e7eeb.png', 0, '108.220.103.186', '2024-04-01 07:39:40', 'Mozilla/5.0 (Windows NT 10.0; Win64; x64) AppleWebKit/537.36 (KHTML, like Gecko) Chrome/123.0.0.0 Safari/537.36', 'https://mathmsllc.com/dashboard/public/users/sign/87cca3bdb98e35cd', '/dashboard/public/users/saveSignature'),
(77, 1, '2024-04-01', '2024-03-18', 0, 0, 14, 14, 1, 0, 1, 2, 0.00, '', 0.00, '', 'Great job guy', '7070440f6b45ad04', 'b9c6ef6a6389f0ba', 0, '660ad233dab74.png', 0, '108.220.103.186', '2024-04-01 20:56:43', 'Mozilla/5.0 (iPhone; CPU iPhone OS 17_3 like Mac OS X) AppleWebKit/605.1.15 (KHTML, like Gecko) CriOS/123.0.6312.52 Mobile/15E148 Safari/604.1', 'https://mathmsllc.com/dashboard/public/users/sign/b9c6ef6a6389f0ba', '/dashboard/public/users/saveSignature'),
(79, 1, '2024-04-02', '2024-04-01', 0, 0, 14, 14, 0, 0, 1, 1, 0.00, '', 0.00, '', '', 'cfbeee89f463fc0e', 'c7bf4992f91bf7c6', 0, NULL, 0, NULL, NULL, NULL, NULL, NULL),
(80, 15, '2024-04-02', '2024-03-31', 0, 0, 14, 14, 0, 0, 2, 1, 0.00, '', 0.00, '', '', '9a130a17c34f7041', '75e021bb0d41f9eb', 0, '660b4cebbd501.png', 0, '52.40.100.95', '2024-04-02 05:40:19', 'Mozilla/5.0 (Windows NT 10.0; Win64; x64) AppleWebKit/537.36 (KHTML, like Gecko) Chrome/123.0.0.0 Safari/537.36', 'https://mathmsllc.com/dashboard/public/users/sign/75e021bb0d41f9eb', '/dashboard/public/users/saveSignature'),
(81, 15, '2024-04-02', '2024-04-01', 0, 1, 14, 14, 0, 0, 2, 1, 10.00, 'hour', 11.00, 'hour', 'Because you have a cute butt', 'd7804f183498fa5c', '75cc829a3a30752d', 0, '660b4e31a27d1.png', 0, '108.220.103.186', '2024-04-02 05:45:45', 'Mozilla/5.0 (iPhone; CPU iPhone OS 17_3_1 like Mac OS X) AppleWebKit/605.1.15 (KHTML, like Gecko) Version/17.3.1 Mobile/15E148 Safari/604.1', 'https://mathmsllc.com/dashboard/public/users/sign/75cc829a3a30752d', '/dashboard/public/users/saveSignature'),
(82, 41, '2024-04-02', '2024-04-01', 0, 1, 14, 14, 1, 0, 6, 4, 17.00, 'Hourly', 40000.00, 'Year', 'Promoting Lead Instructor to Center Director for Round Rock location', 'd164793272dc6ed0', 'b90e3efc439bc258', 0, '660c4ae9e5660.png', 0, '97.139.72.50', '2024-04-02 23:44:02', 'Mozilla/5.0 (Windows NT 10.0; Win64; x64) AppleWebKit/537.36 (KHTML, like Gecko) Chrome/123.0.0.0 Safari/537.36', 'https://mathmsllc.com/dashboard/public/users/sign/b90e3efc439bc258', '/dashboard/public/users/saveSignature'),
(89, 86, '2024-04-24', '0000-00-00', 0, 0, 14, 14, 1, 0, 7, 6, 0.00, '', 0.00, '', 'I hit the wrong selection when entering his information. He has been a lead instructor the whole time. ', 'bedacf44ed53924a', '1a2e0cb50ab2d898', 0, NULL, 0, NULL, NULL, NULL, NULL, NULL),
(90, 100, '2024-04-24', '0000-00-00', 0, 0, 14, 14, 1, 0, 7, 6, 0.00, '', 0.00, '', 'I put in the wrong title. She has completed lead instructor training', 'b222fbbb2c69380e', '74846e5ca63c0600', 0, NULL, 0, NULL, NULL, NULL, NULL, NULL),
(91, 90, '2024-04-24', '2024-04-21', 0, 1, 14, 14, 0, 0, 7, 1, 14.00, 'Hourly', 14.50, 'Hourly', '', 'd924aa3cb6479cfe', '58037d756b674065', 0, NULL, 0, NULL, NULL, NULL, NULL, NULL);

-- --------------------------------------------------------

--
-- Table structure for table `expenses`
--

CREATE TABLE `expenses` (
  `id` bigint UNSIGNED NOT NULL,
  `item_name` varchar(255) COLLATE utf8mb3_unicode_ci NOT NULL,
  `price` decimal(10,2) NOT NULL,
  `purchase_date` date NOT NULL,
  `employee_id` int NOT NULL,
  `purchased_from` varchar(255) COLLATE utf8mb3_unicode_ci DEFAULT NULL,
  `description` text COLLATE utf8mb3_unicode_ci,
  `payment_method` varchar(50) COLLATE utf8mb3_unicode_ci DEFAULT NULL,
  `bill` varchar(255) COLLATE utf8mb3_unicode_ci DEFAULT NULL,
  `status` varchar(50) COLLATE utf8mb3_unicode_ci DEFAULT NULL,
  `added_by` int NOT NULL,
  `last_updated_by` int NOT NULL,
  `approver_id` int DEFAULT NULL,
  `created_at` timestamp NULL DEFAULT CURRENT_TIMESTAMP,
  `updated_at` timestamp NULL DEFAULT CURRENT_TIMESTAMP ON UPDATE CURRENT_TIMESTAMP,
  `location_id` int DEFAULT NULL
) ENGINE=InnoDB DEFAULT CHARSET=utf8mb3 COLLATE=utf8mb3_unicode_ci;

--
-- Dumping data for table `expenses`
--

INSERT INTO `expenses` (`id`, `item_name`, `price`, `purchase_date`, `employee_id`, `purchased_from`, `description`, `payment_method`, `bill`, `status`, `added_by`, `last_updated_by`, `approver_id`, `created_at`, `updated_at`, `location_id`) VALUES
(113, 'RR - Water Dispenser & 2 jugs', 206.79, '2024-03-28', 17, 'Sam\'s Club', 'Water for Round Rock location.\r\n\r\nUSED SONJIA\'S CC (League City) FOR PURCHASE ', 'Company Card', '1711987045_1cba5af5d81f68fde9e4.pdf', 'Approved', 17, 17, NULL, '2024-04-02 01:27:25', '2024-04-18 14:13:22', 30),
(115, 'Center Essentials', 63.66, '2024-04-07', 43, 'Walmart', 'Cleaning Supplies, Snacks, scent refills ', 'Company Card', '1712703130_2310aa86f0dede4e2165.pdf', 'Approved', 43, 43, NULL, '2024-04-10 02:52:10', '2024-04-18 13:40:03', 28),
(116, 'Water & Hand Soap', 11.04, '2024-03-26', 17, 'HEB', '$4.70 for Water (RR)\r\n$5.97 for Hand Soap (CP)\r\n\r\nUSED SONJIA\'S CC (League City) FOR PURCHASE', 'Company Card', '1712882769_ed295eeb2b10805d0f5d.pdf', 'Approved', 17, 17, NULL, '2024-04-12 04:46:09', '2024-04-16 16:50:54', 30),
(117, 'Tablet', 63.87, '2024-03-22', 17, 'Walmart', 'Tablet for PiDay Raffle - CP\r\n\r\nUsed the OLD company cc', 'Company Card', '1712882953_9e61c23e64a845c6c7cf.pdf', 'Approved', 17, 17, NULL, '2024-04-12 04:49:13', '2024-04-16 16:13:47', 40),
(118, 'RR - Name Tags', 166.50, '2024-04-04', 17, 'TagUrIt', 'Name Tags for Round Rock Employees\r\n\r\nUSED SONJIA\'S CC (League City) FOR PURCHASE', 'Company Card', '1712883684_79e1008596a96627b040.pdf', 'Approved', 17, 17, NULL, '2024-04-12 05:01:24', '2024-04-18 13:40:37', 30),
(119, 'Shirts', 125.23, '2024-04-03', 17, 'Wild Impact', '6 Polos for Round Rock - $74.70\r\n5 Tshirts for Belterra - $41.25 ', 'Company Card', '1712886988_6ab589af68f5829feb36.pdf', 'Approved', 17, 17, NULL, '2024-04-12 05:56:28', '2024-04-18 14:14:12', 30),
(120, 'Fire Alarm Monitoring Contract Invoiced Quarterly.', 149.85, '2024-04-08', 17, 'ABC Fire Systems', 'Does not include service or inspection contract.\r\nService for the months of March, April and May for Cedar Park', 'Company Card', '1712887254_33ffe210bd4d24970f4c.pdf', 'Approved', 17, 17, NULL, '2024-04-12 06:00:54', '2024-04-18 13:41:32', 40),
(127, 'Prize Request', 30.59, '2024-04-15', 44, 'HEB', '', 'Company Card', '1713210406_0974b577e4de1daaf3c9.pdf', 'Approved', 44, 44, NULL, '2024-04-15 23:46:46', '2024-04-18 13:41:55', 14),
(129, 'Center items, catering event essentials etc...', 41.55, '2024-04-16', 43, 'Walmart', '', 'Company Card', '1713393863_bc8510e5da0835463f42.pdf', 'Approved', 43, 43, NULL, '2024-04-18 02:44:23', '2024-04-18 13:42:16', 28),
(130, 'Plastic Cups', 6.77, '2024-04-17', 43, 'Dollar Tree', '', 'Company Card', '1713393912_9cd635cf161d58a6eb76.pdf', 'Pending', 43, 43, NULL, '2024-04-18 02:45:12', '2024-04-18 02:45:12', 28),
(131, 'April Prizes', 79.72, '2024-04-11', 43, '5 Below', '', 'Company Card', '1713394000_d4cddcbf9069c7ee7375.pdf', 'Approved', 43, 43, NULL, '2024-04-18 02:46:40', '2024-04-18 13:43:04', 28),
(132, 'Sandwiches', 93.07, '2024-04-16', 43, 'Jimmy John\'s', 'Catering for Cambridge Elementary', 'Company Card', '1713394127_4747a878a7fb56689fd5.jpg', 'Pending', 43, 43, NULL, '2024-04-18 02:48:47', '2024-04-18 02:48:47', 28),
(133, 'Pizza for Friday Event', 55.96, '2024-04-19', 44, 'Dominoes', '', 'Company Card', '1713723393_d9628186d46cb0d46e72.pdf', 'Pending', 44, 44, NULL, '2024-04-21 22:16:33', '2024-04-21 22:16:33', 14),
(134, 'Snacks/ Supplies for Event', 58.34, '2024-04-19', 44, 'Walmart', '', 'Company Card', '1713723541_7fffe5f62cb249ed1dd1.pdf', 'Pending', 44, 44, NULL, '2024-04-21 22:19:01', '2024-04-21 22:19:01', 14),
(135, 'Fun Friday-April', 14.28, '2024-04-19', 43, '5 Below', '', 'Company Card', '1713732964_a749128f18e51801361e.jpg', 'Pending', 43, 43, NULL, '2024-04-22 00:56:04', '2024-04-22 00:56:04', 28),
(136, 'Fun Friday Pizza-April', 18.00, '2024-04-19', 43, 'Marco\'s', '', 'Company Card', '1713733083_d28f05bdfd0de8e246fc.jpg', 'Pending', 43, 43, NULL, '2024-04-22 00:58:03', '2024-04-22 00:58:03', 28),
(137, 'Paper Towels and Water Refill', 18.95, '2024-04-23', 43, 'Walmart', '', 'Company Card', '1714063563_7d1923490dacd31e2a29.pdf', 'Pending', 43, 43, NULL, '2024-04-25 20:46:03', '2024-04-25 18:45:56', 28),
(138, 'April Prizes', 72.46, '2024-04-23', 43, '5 Below', '', 'Company Card', '1714063639_01ac9b2756e5fe96fc00.pdf', 'Pending', 43, 43, NULL, '2024-04-25 20:47:19', '2024-04-25 20:47:19', 28),
(139, 'Screws for Bathroom Door', 2.92, '2024-04-24', 44, 'Breed and Co', '', 'Company Card', '1714079708_cdeee143c868e160014d.pdf', 'Pending', 44, 44, NULL, '2024-04-26 01:15:08', '2024-04-26 01:15:08', 14),
(140, 'Clorox Wipes', 3.77, '2024-04-23', 44, 'H-E-B', '', 'Company Card', '1714079750_3a906615799b27e698af.pdf', 'Pending', 44, 44, NULL, '2024-04-26 01:15:50', '2024-04-26 01:15:50', 14),
(141, 'Mathnasium Pencils', 421.21, '2024-02-29', 17, 'Wild Impact', '4 boxes of 500 Mathnasium Pencils for CP', 'Company Card', '1714084030_073415b6bbbbb6c0ff14.pdf', 'Pending', 17, 17, NULL, '2024-04-26 02:27:10', '2024-04-26 02:27:10', 40),
(142, 'Window Art', 662.19, '2024-03-04', 17, 'Accolade', 'Accolade\'s window art for LC. \r\n\r\nOld CC for Robbie', 'Company Card', '1714109489_823701a8efce3a6cf1b3.pdf', 'Pending', 17, 17, NULL, '2024-04-26 09:31:29', '2024-04-26 09:31:29', 29),
(143, 'Leander Window Decal Deposit', 100.00, '2024-03-08', 17, 'Accolade', 'Window Decal Deposit for Leander', 'Company Card', '1714109797_521cbc5e9a89ae95f861.pdf', 'Pending', 17, 17, NULL, '2024-04-26 09:36:37', '2024-04-26 09:36:37', 37),
(144, 'RR - Polos', 579.71, '2024-04-18', 17, 'Look Smart Apparel', 'ROUND ROCK - Polos for staff\r\nAlso could come up as Scout International (make sure we aren\'t charged by both)', 'Company Card', '1714110175_b2490f8e905e2fc3250d.pdf', 'Pending', 17, 17, NULL, '2024-04-26 09:42:55', '2024-04-26 09:42:55', 30);

-- --------------------------------------------------------

--
-- Table structure for table `expense_status`
--

CREATE TABLE `expense_status` (
  `id` int NOT NULL,
  `name` varchar(50) COLLATE utf8mb3_unicode_ci NOT NULL
) ENGINE=InnoDB DEFAULT CHARSET=utf8mb3 COLLATE=utf8mb3_unicode_ci;

--
-- Dumping data for table `expense_status`
--

INSERT INTO `expense_status` (`id`, `name`) VALUES
(1, 'Pending'),
(2, 'Rejected'),
(3, 'Approved'),
(4, 'Approved and Paid');

-- --------------------------------------------------------

--
-- Table structure for table `JobInterviewRounds`
--

CREATE TABLE `JobInterviewRounds` (
  `job_id` int NOT NULL,
  `role_id` int NOT NULL
) ENGINE=InnoDB DEFAULT CHARSET=utf8mb3 COLLATE=utf8mb3_unicode_ci;

-- --------------------------------------------------------

--
-- Table structure for table `jobs`
--

CREATE TABLE `jobs` (
  `id` int NOT NULL,
  `title` varchar(255) COLLATE utf8mb3_unicode_ci NOT NULL,
  `location_id` int DEFAULT NULL,
  `start_date` date DEFAULT NULL,
  `end_date` date DEFAULT NULL,
  `total_openings` int DEFAULT NULL,
  `status` varchar(50) COLLATE utf8mb3_unicode_ci DEFAULT NULL,
  `hiring_manager_id` int DEFAULT NULL,
  `job_type` varchar(50) COLLATE utf8mb3_unicode_ci DEFAULT NULL,
  `experience` varchar(255) COLLATE utf8mb3_unicode_ci DEFAULT NULL,
  `salary_display_type` enum('Range','Exact') COLLATE utf8mb3_unicode_ci DEFAULT NULL,
  `min_pay` decimal(10,2) DEFAULT NULL,
  `max_pay` decimal(10,2) DEFAULT NULL,
  `exact_amount` decimal(10,2) DEFAULT NULL,
  `rate` varchar(50) COLLATE utf8mb3_unicode_ci DEFAULT NULL,
  `disclose_salary` tinyint(1) DEFAULT NULL,
  `job_description` text COLLATE utf8mb3_unicode_ci,
  `resume_required` tinyint(1) DEFAULT NULL,
  `dob_required` tinyint(1) DEFAULT NULL
) ENGINE=InnoDB DEFAULT CHARSET=utf8mb3 COLLATE=utf8mb3_unicode_ci;

-- --------------------------------------------------------

--
-- Table structure for table `leave_approvals`
--

CREATE TABLE `leave_approvals` (
  `id` int NOT NULL,
  `leave_type_id` int DEFAULT NULL,
  `role` int DEFAULT NULL,
  `approver_role` int DEFAULT NULL,
  `level` int DEFAULT NULL
) ENGINE=InnoDB DEFAULT CHARSET=utf8mb3 COLLATE=utf8mb3_unicode_ci;

-- --------------------------------------------------------

--
-- Table structure for table `leave_steps`
--

CREATE TABLE `leave_steps` (
  `id` int NOT NULL,
  `leave_type_id` int DEFAULT NULL,
  `years` int DEFAULT NULL,
  `leave_days` int DEFAULT NULL
) ENGINE=InnoDB DEFAULT CHARSET=utf8mb3 COLLATE=utf8mb3_unicode_ci;

-- --------------------------------------------------------

--
-- Table structure for table `leave_types`
--

CREATE TABLE `leave_types` (
  `id` int NOT NULL,
  `type_name` varchar(255) COLLATE utf8mb3_unicode_ci DEFAULT NULL,
  `accumulates_after` int DEFAULT NULL,
  `effective_type` enum('days','months','years') COLLATE utf8mb3_unicode_ci DEFAULT NULL,
  `unused_leave` enum('paid','expires','rollover') COLLATE utf8mb3_unicode_ci DEFAULT NULL,
  `expires_after` int DEFAULT NULL,
  `leave_expires_type` enum('days','months','years') COLLATE utf8mb3_unicode_ci DEFAULT NULL,
  `accumulation_type` enum('weekly','monthly','yearly') COLLATE utf8mb3_unicode_ci DEFAULT NULL,
  `expiration` enum('anniversary','1st of year') COLLATE utf8mb3_unicode_ci DEFAULT NULL,
  `effective_after` int DEFAULT NULL
) ENGINE=InnoDB DEFAULT CHARSET=utf8mb3 COLLATE=utf8mb3_unicode_ci;

--
-- Dumping data for table `leave_types`
--

INSERT INTO `leave_types` (`id`, `type_name`, `accumulates_after`, `effective_type`, `unused_leave`, `expires_after`, `leave_expires_type`, `accumulation_type`, `expiration`, `effective_after`) VALUES
(1, 'PTO', 10, 'days', 'expires', 10, 'months', 'weekly', '1st of year', 10),
(2, 'PTO', 10, 'days', 'expires', 10, 'months', 'weekly', '1st of year', 10),
(3, 'PTO', 10, 'days', 'expires', 10, 'months', 'weekly', '1st of year', 10),
(4, 'PTO', 10, 'days', 'expires', 10, 'months', 'weekly', '1st of year', 10),
(5, 'PTO', 10, 'days', 'paid', 10, 'days', 'weekly', 'anniversary', 10);

-- --------------------------------------------------------

--
-- Table structure for table `location`
--

CREATE TABLE `location` (
  `location_id` int NOT NULL,
  `location_name` varchar(255) NOT NULL,
  `address_street` varchar(255) NOT NULL,
  `address_suite` varchar(10) DEFAULT NULL,
  `address_city` varchar(255) NOT NULL,
  `address_state` varchar(2) NOT NULL,
  `address_zip` varchar(10) NOT NULL,
  `address_country` varchar(255) NOT NULL,
  `timezone` varchar(40) NOT NULL,
  `phone` text,
  `manager_id` int DEFAULT NULL,
  `status` tinyint(1) DEFAULT NULL
) ENGINE=InnoDB DEFAULT CHARSET=utf8mb4 COLLATE=utf8mb4_general_ci;

--
-- Dumping data for table `location`
--

INSERT INTO `location` (`location_id`, `location_name`, `address_street`, `address_suite`, `address_city`, `address_state`, `address_zip`, `address_country`, `timezone`, `phone`, `manager_id`, `status`) VALUES
(14, 'Belterra', '165 Hargraves Dr', 'P400', 'Austin', 'TX', '78737', 'United States', 'America/Chicago', '7379007890', 44, 1),
(28, 'Alamo Heights', '1455 Austin Hwy', '107', 'San Antonio', 'TX', '78209', 'United States', 'America/Chicago', '2102682011', 43, 1),
(29, 'League City', '1600 W League City Pkwy', 'Suite K', 'League City', 'TX', '78603', 'United States', 'America/Chicago', '2813064455', 1, 1),
(30, 'Round Rock', '110 N Interstate Hwy 35', '#350', 'Round Rock', 'TX', '78681', 'United States', 'America/Chicago', '5124023207', 41, 1),
(37, 'Leander', '2906 S Bagdad Rd,', ' #240', 'Leander', 'TX', '78641', 'United States', 'America/Chicago', '5126663464', 1, 1),
(40, 'Cedar Park', '13010 W Parmer Lane', '#100', 'Cedar Park', 'TX', '78613', 'United States', 'America/Chicago', '5128696284', 1, 1);

-- --------------------------------------------------------

--
-- Table structure for table `location_logins`
--

CREATE TABLE `location_logins` (
  `id` int NOT NULL,
  `location_id` int NOT NULL,
  `url` varchar(255) DEFAULT NULL,
  `username` varchar(255) DEFAULT NULL,
  `password` varchar(255) DEFAULT NULL,
  `notes` text,
  `description` text,
  `added_by` int DEFAULT NULL,
  `added_at` timestamp NOT NULL,
  `last_edit_at` timestamp NULL DEFAULT NULL,
  `edited_by` int DEFAULT NULL
) ENGINE=InnoDB DEFAULT CHARSET=utf8mb4 COLLATE=utf8mb4_general_ci;

--
-- Dumping data for table `location_logins`
--

INSERT INTO `location_logins` (`id`, `location_id`, `url`, `username`, `password`, `notes`, `description`, `added_by`, `added_at`, `last_edit_at`, `edited_by`) VALUES
(1, 14, 'mathmsllc.com', 'gregpratt86aaaa', 'IhTnT4QimDqLU5DrYJW6Gg==', 'this is a test case', 'this is a test description asdfasfd asdf sad', NULL, '2024-04-14 00:42:21', '2024-04-14 00:53:36', NULL),
(5, 14, 'abc', 'emma prattasf', 'nhQ3KPogyhemDDnEiPssXg==', 'abcv', 'abc', NULL, '2024-04-14 00:42:21', '2024-04-14 00:41:30', NULL),
(6, 14, 'greg', 'adsf', 'kjpK3d74pgunercJ33Zs3A==', 'adf', 'adf', NULL, '2024-04-14 00:42:21', '2024-04-14 01:00:07', 1),
(7, 14, 'asdf', 'aasdf', 'M11/DCKYUEZYRSeks8umGA==', 'asdf', 'asdf', NULL, '2024-04-14 00:53:57', '2024-04-14 00:53:57', NULL),
(8, 14, 'asdf', 'asdf', 'M11/DCKYUEZYRSeks8umGA==', 'asdf', 'asdf', NULL, '2024-04-14 00:54:44', '2024-04-14 00:54:44', NULL),
(9, 14, 'a', 'a', 'u76Jp9JjKPlYXQ3h6KUn6A==', 'a', 'a', NULL, '2024-04-14 00:56:24', '2024-04-14 00:56:24', NULL),
(10, 14, 'asdf', 'adsf', 'M11/DCKYUEZYRSeks8umGA==', 'asdf', 'asdf', NULL, '2024-04-14 00:57:08', '2024-04-14 00:57:08', 1),
(11, 14, 'asdf', 'adsf', 'M11/DCKYUEZYRSeks8umGA==', 'asdf', 'adsf', 1, '2024-04-14 01:00:23', '2024-04-14 01:00:23', NULL);

-- --------------------------------------------------------

--
-- Table structure for table `manager_user`
--

CREATE TABLE `manager_user` (
  `id` int NOT NULL,
  `employee_id` int NOT NULL,
  `manager_id` int NOT NULL
) ;

--
-- Dumping data for table `manager_user`
--

INSERT INTO `manager_user` (`id`, `employee_id`, `manager_id`) VALUES
(1, 15, 1),
(2, 16, 15),
(3, 17, 1),
(26, 41, 17),
(28, 43, 17),
(29, 44, 17),
(32, 59, 44),
(33, 60, 44),
(34, 61, 44),
(35, 62, 44),
(36, 63, 44),
(37, 64, 44),
(38, 65, 44),
(39, 66, 44),
(40, 67, 44),
(41, 68, 43),
(42, 69, 43),
(43, 70, 43),
(44, 71, 43),
(45, 72, 43),
(46, 73, 43),
(47, 74, 17),
(48, 75, 74),
(49, 76, 74),
(50, 77, 74),
(51, 78, 74),
(52, 79, 74),
(53, 80, 74),
(54, 81, 74),
(56, 83, 74),
(57, 84, 17),
(58, 85, 84),
(59, 86, 84),
(60, 87, 84),
(61, 88, 84),
(62, 89, 84),
(63, 90, 84),
(64, 91, 84),
(65, 92, 84),
(66, 93, 84),
(67, 94, 84),
(68, 95, 84),
(69, 96, 84),
(70, 97, 84),
(71, 98, 84),
(72, 99, 84),
(73, 100, 84);

--
-- Triggers `manager_user`
--
DELIMITER $$
CREATE TRIGGER `check_employee_manager_different_before_insert` BEFORE INSERT ON `manager_user` FOR EACH ROW BEGIN
    IF NEW.employee_id = NEW.manager_id THEN
        SIGNAL SQLSTATE '45000' SET MESSAGE_TEXT = 'Employee ID and Manager ID cannot be the same';
    END IF;
END
$$
DELIMITER ;
DELIMITER $$
CREATE TRIGGER `check_employee_manager_different_before_update` BEFORE UPDATE ON `manager_user` FOR EACH ROW BEGIN
    IF NEW.employee_id = NEW.manager_id THEN
        SIGNAL SQLSTATE '45000' SET MESSAGE_TEXT = 'Employee ID and Manager ID cannot be the same';
    END IF;
END
$$
DELIMITER ;

-- --------------------------------------------------------

--
-- Table structure for table `notification_types`
--

CREATE TABLE `notification_types` (
  `id` int NOT NULL,
  `type` varchar(255) NOT NULL,
  `description` text
) ENGINE=InnoDB DEFAULT CHARSET=utf8mb4 COLLATE=utf8mb4_general_ci;

--
-- Dumping data for table `notification_types`
--

INSERT INTO `notification_types` (`id`, `type`, `description`) VALUES
(19, 'Expense Updated', 'Get a notification when your expense is updated.'),
(20, 'User Added', 'Get notification when a user is added underneath you.'),
(21, 'User Onboarding Step Completed', 'Get a notification when a user you manage has an onboarding step completed.'),
(22, 'Onboarding is 100%', 'Get a notification when a user you manage is 100% onboarded.	'),
(23, 'Expense Added - Manager', 'Get a notification when a user underneath you adds an expense.'),
(24, 'Expense Added - Self', 'Get a confirmation email when an expense is added under your name.'),
(25, 'Signed Employee Status Change Forms', 'Gets a notification when one of your employees signs an employee status change form.'),
(26, 'Employee Auto Punch Out', 'Get an email when one of your employees has an auto clock out event.'),
(27, 'Self Auto Clock Out Notification', 'Get a notification when you are clocked out automatically.');

-- --------------------------------------------------------

--
-- Table structure for table `onboarding_stages`
--

CREATE TABLE `onboarding_stages` (
  `id` int NOT NULL,
  `stage_name` varchar(255) COLLATE utf8mb3_unicode_ci NOT NULL,
  `stage_order` int NOT NULL,
  `is_active` tinyint(1) NOT NULL
) ENGINE=InnoDB DEFAULT CHARSET=utf8mb3 COLLATE=utf8mb3_unicode_ci;

--
-- Dumping data for table `onboarding_stages`
--

INSERT INTO `onboarding_stages` (`id`, `stage_name`, `stage_order`, `is_active`) VALUES
(1, 'Level 1 Training', 15, 1),
(2, 'Background Check', 1, 1),
(3, 'I-9 Verification', 5, 1),
(4, 'Payroll Data', 10, 1),
(5, 'Level 2 Training', 20, 1),
(6, 'Shirts Ordered', 2, 1),
(7, 'Shirts Delivered', 6, 1),
(8, 'Name Tag Ordered', 3, 1),
(9, 'Name Tag Delivered', 7, 1);

-- --------------------------------------------------------

--
-- Table structure for table `parents`
--

CREATE TABLE `parents` (
  `id` int NOT NULL,
  `first_name` varchar(50) COLLATE utf8mb3_unicode_ci NOT NULL,
  `last_name` varchar(50) COLLATE utf8mb3_unicode_ci NOT NULL,
  `email_address` varchar(100) COLLATE utf8mb3_unicode_ci NOT NULL,
  `phone_number` varchar(20) COLLATE utf8mb3_unicode_ci NOT NULL,
  `location_id` int NOT NULL,
  `status` tinyint(1) NOT NULL DEFAULT '1',
  `created_date` timestamp NULL DEFAULT CURRENT_TIMESTAMP,
  `created_by` int NOT NULL,
  `updated_date` timestamp NULL DEFAULT CURRENT_TIMESTAMP ON UPDATE CURRENT_TIMESTAMP,
  `last_updated_by` int NOT NULL,
  `password` varchar(255) COLLATE utf8mb3_unicode_ci DEFAULT NULL
) ENGINE=InnoDB DEFAULT CHARSET=utf8mb3 COLLATE=utf8mb3_unicode_ci;

--
-- Dumping data for table `parents`
--

INSERT INTO `parents` (`id`, `first_name`, `last_name`, `email_address`, `phone_number`, `location_id`, `status`, `created_date`, `created_by`, `updated_date`, `last_updated_by`, `password`) VALUES
(1, 'Dana', 'Bynum', 'admin', '2108870128', 28, 1, '2024-03-21 14:39:37', 1, '2024-04-11 03:43:20', 1, 'ef797c8118f02dfb649607dd5d3f8c7623048c9c063d532cc95c5ed7a898a64f'),
(2, 'afasdf', 'aasdf', 'asdf', '8888888888', 28, 1, '2024-03-22 06:36:27', 1, '2024-04-11 03:43:59', 1, '$2y$10$xZNq5vRKFJ4zw659XM0.AO6qnQDRyVkVHYkEpHskU1OtomguSKmVS'),
(3, 'doug', 'will', 'lkasdfl@lkassdjf.com', '4567894561', 28, 1, '2024-03-22 06:37:04', 1, '2024-03-22 06:37:04', 1, '$2y$10$AqHTC80AOPEgiAF7u7ZoKufiptOOOKO4ghfKCzkR5vooaW8OQXXkS'),
(4, 'asdf', 'asdf', 'adfasdjf@klasjdkfj.com', '4444444444', 28, 1, '2024-03-22 07:45:34', 1, '2024-03-22 07:45:34', 1, '$2y$10$FLEnRJEfQXAuMTSP.lSJfOwc7pPWHvWijdeipz1y6RZ4IP.gb0sx.'),
(5, 'aaa', 'bbb', 'asdfasd@akldslfj.com', '8787878787', 28, 1, '2024-03-22 07:46:06', 1, '2024-03-22 07:46:06', 1, '$2y$10$ZUz/ggf74ds6xmOG/q3aNe8aZStY8p867Khd5wPACbB3I0P5ve53C'),
(6, 'aaa', 'bbb', 'asdfasd@akldslfj.com', '8787878787', 28, 1, '2024-03-22 07:47:16', 1, '2024-03-22 07:47:16', 1, '$2y$10$w/hYlBwFpaFlgf9Wg1hy0.6jsO0DtpRVbQQPhVWeO9lDhYuKoMRJe');

-- --------------------------------------------------------

--
-- Table structure for table `parent_student`
--

CREATE TABLE `parent_student` (
  `id` int NOT NULL,
  `student_id` int DEFAULT NULL,
  `parent_id` int DEFAULT NULL,
  `created_by` int DEFAULT NULL,
  `created_at` datetime DEFAULT CURRENT_TIMESTAMP,
  `updated_by` int DEFAULT NULL,
  `updated_at` datetime DEFAULT NULL ON UPDATE CURRENT_TIMESTAMP
) ENGINE=InnoDB DEFAULT CHARSET=utf8mb3 COLLATE=utf8mb3_unicode_ci;

--
-- Dumping data for table `parent_student`
--

INSERT INTO `parent_student` (`id`, `student_id`, `parent_id`, `created_by`, `created_at`, `updated_by`, `updated_at`) VALUES
(3, 54, 48, 1, '2024-04-14 10:29:38', NULL, '2024-04-14 10:29:38'),
(4, 55, 48, 1, '2024-04-14 10:36:15', NULL, '2024-04-14 10:36:15'),
(5, 56, 48, 1, '2024-04-14 10:41:32', NULL, '2024-04-14 10:41:32'),
(6, 57, 48, 1, '2024-04-14 10:43:41', NULL, '2024-04-14 10:43:41');

-- --------------------------------------------------------

--
-- Table structure for table `payment_options`
--

CREATE TABLE `payment_options` (
  `id` int NOT NULL,
  `option_name` varchar(50) COLLATE utf8mb3_unicode_ci NOT NULL
) ENGINE=InnoDB DEFAULT CHARSET=utf8mb3 COLLATE=utf8mb3_unicode_ci;

--
-- Dumping data for table `payment_options`
--

INSERT INTO `payment_options` (`id`, `option_name`) VALUES
(1, 'Personal Card'),
(2, 'Personal Cash'),
(3, 'Company Card'),
(4, 'Company Cash');

-- --------------------------------------------------------

--
-- Table structure for table `payroll_Settings`
--

CREATE TABLE `payroll_Settings` (
  `id` int NOT NULL,
  `provider` varchar(50) COLLATE utf8mb3_unicode_ci DEFAULT NULL,
  `pay_cycle` enum('weekly','biweekly','monthly','semi-monthly') COLLATE utf8mb3_unicode_ci NOT NULL,
  `next_pay_cycle_end_date` date NOT NULL,
  `next_pay_date` date NOT NULL,
  `day_of_pay` enum('Monday','Tuesday','Wednesday','Thursday','Friday','Saturday','Sunday') COLLATE utf8mb3_unicode_ci DEFAULT NULL,
  `pay_period_start_date` date DEFAULT NULL,
  `pay_period_end_date` date DEFAULT NULL
) ENGINE=InnoDB DEFAULT CHARSET=utf8mb3 COLLATE=utf8mb3_unicode_ci;

-- --------------------------------------------------------

--
-- Table structure for table `permissions`
--

CREATE TABLE `permissions` (
  `id` int NOT NULL,
  `title` text NOT NULL,
  `code` text,
  `module` varchar(25) DEFAULT NULL,
  `description` varchar(150) DEFAULT NULL
) ENGINE=InnoDB DEFAULT CHARSET=latin1;

--
-- Dumping data for table `permissions`
--

INSERT INTO `permissions` (`id`, `title`, `code`, `module`, `description`) VALUES
(1, 'Users List', 'users_list', 'Users', 'Allows a user to view the users module.'),
(2, 'Add Users', 'users_add', 'Users', 'Allows a user to add another user.'),
(3, 'Edit Users', 'users_edit', 'Users', 'Allows a user to edit another user.'),
(4, 'Delete Users', 'users_delete', 'Users', 'Allows a user to delete another user.'),
(5, 'Users View', 'users_view', 'Users', 'Allows a user to view another users profile.'),
(6, 'Activity Logs List', 'activity_log_list', NULL, NULL),
(7, 'Acivity Log View', 'activity_log_view', 'asdfadsfasdfasdf', 'this is a test asdf ads fads fadsf asd f asd f asd'),
(8, 'Roles List', 'roles_list', 'Roles', 'Allows a user to view the list of existing roles.'),
(9, 'Add Roles', 'roles_add', 'Roles', 'Allows a user to add a new user Role.'),
(10, 'Edit Roles', 'roles_edit', 'Roles', 'Allows a user to edit an existing user role.'),
(11, 'Permissions List', 'permissions_list', NULL, NULL),
(12, 'Add Permissions', 'permissions_add', 'Settings', 'Allows a user to edit the system permissions.'),
(13, 'Permissions Edit', 'permissions_edit', NULL, NULL),
(14, 'Delete Permissions', 'permissions_delete', NULL, NULL),
(15, 'Company Settings', 'company_settings', 'Settings', 'Allows a user to edit the company settings.'),
(16, 'Backup', 'backup_db', 'Settings', 'Allows a user to export an sql database backup.'),
(17, 'Manage Email Templates', 'email_templates', NULL, NULL),
(18, 'General Settings', 'general_settings', NULL, NULL),
(21, 'Add Location', 'add_location', 'Location', 'Allows a user to add a location to the system.'),
(22, 'Edit Location', 'edit_location', 'Location', 'Allows a user to edit an existing location.'),
(23, 'View Locations', 'view_location', NULL, NULL),
(24, 'Change User Status', 'deactivate_user', 'Users', 'Allows a user to deactivate or reactivate another user.'),
(25, 'View All Expenses', 'view_all_expenses', 'Expense', 'Allows a user to view all expenses in system.'),
(26, 'Add Expense', 'add_expense', 'Expense', 'Allows a user to add an expense.'),
(27, 'View Expense', 'view_expense', 'Expense', 'Allows a user to view, but not edit an expense.'),
(28, 'Edit Expense', 'edit_expense', 'Expense', 'Allows a user to edit an expense while in a pending status.'),
(29, 'Delete Expense', 'delete_expense', 'Expense', 'Allows a user to delete an expense, while in a pending status.'),
(30, 'Update Expense Status', 'update_expense_status', 'Expense', 'Allows a user to update the status of an expense, while it is in pending status.'),
(31, 'View Expense Module - Home Page Only', 'view_expense_module', 'Expense', 'Allows a user to view the main expense page. Default view of own expenses.'),
(32, 'Create Schedule', 'create_schedule', 'Schedule', 'Allows a user to create an employee schedule.'),
(33, 'View Onboarding Steps', 'view_onboarding_steps', NULL, NULL),
(34, 'Add Onboarding Steps', 'add_onboarding_steps', 'Settings', 'Can add onboarding steps to system.'),
(35, 'Edit Onboarding Steps', 'edit_onboarding_steps', 'Settigns', 'Can edit existing onboarding steps.'),
(36, 'Dashboard View', 'dashboard_view', NULL, NULL),
(37, 'View Onboarding Overview', 'view_onboarding_overview', 'Onboarding', 'Can view onboarding overview for all users managed by user.'),
(38, 'Update User Onboard Status', 'update_user_onboard_status', 'Onboarding', 'Can update a users onboarding status.'),
(40, 'View All Users', 'view_all_users', 'Users', 'Either This or View Only Assigned Users (Not BOth)'),
(41, 'View Only Assigned Users', 'view_only_assigned_users', NULL, NULL),
(42, 'Change Roles Status', 'roles_toggle_status', 'Roles', 'Allows a user to make a role active or inactive.'),
(43, 'Edit Expense While Not Pending', 'edit_after_pending', 'Expense', 'Allows a user to edit an expense even after it is no longer pending.'),
(44, 'Delete Expense After Pending', 'delete_after_pending', 'Expense', 'Allows a user to delete an expense, even if it is no longer pending.'),
(45, 'View Managed Employees Expenses', 'view_managed_employee_expenses', 'Expense', 'Allows a user to view all expenses for employees they manage, both directly and indirectly.'),
(46, 'View Own Schedule', 'view_own_schedule', 'Schedule', ''),
(47, 'View Assigned Location Schedule', 'view_asssied_location_schedule', NULL, NULL),
(48, 'View Parents Page', 'view_parents_page', 'Parents', 'Allows user to view the parents page.'),
(49, 'View All Parents', 'view_all_parents', 'Parents', 'Must also click View Parents Page'),
(50, 'Add Parent', 'add_parent', 'Parents', 'Allows a user to add a parent to the system.'),
(51, 'Delete Location', 'delete_location', 'Location', 'Allows a user to delete a location from the system.'),
(52, 'Edit Location Status', 'edit_location_status', 'Location', 'Allows a user to change a location from active to inactive and vice versa.'),
(53, 'Manage SMTP Settings', 'smtp_settings', 'Settings', 'Allows a user to change the systemwide SMTP settings.'),
(55, 'View Email Notification Settings', 'view_email_notification_settings', 'Notification Settings', 'View the list of different email notificaitons.'),
(56, 'Add Email NotificationType', 'add_email_notification_settings', 'Notification Settings', 'Add New Email Notification Types'),
(57, 'Edit Email Notification Types', 'edit_email_notification_settings', 'Notification Settings', 'Edit Existing Email Notification Types'),
(58, 'Delete Email Notification Types', 'delete_email_notification_settings', 'Notification Settings', 'Edit Existing Email Notification Types'),
(59, 'Send For Signature', 'send_for_signature', 'Employee Status Change', 'Allows an employee to send document out for signature on employee status change form.'),
(60, 'Create Employee Status Change', 'create_employee_status_change', 'Employee Status Change	', 'Allows a user to create an employee status change form.'),
(61, 'View Signed Employee Forms', 'view_signed_employee_forms', 'Users', 'Allows a user to view signed forms in the employee profile page. '),
(62, 'Use Time Clock', 'use_time_clock', 'Time Clock', 'Allows a user to clock in and out.'),
(63, 'Bypass IP Timeclock Restriction', 'ip_timeclock', 'Time Clock', 'Allows a user to log in and out without IP restrictions.'),
(64, 'View Timeclock Report', 'view_timeclock_report', 'Reports - Timeclock', 'Allows user to view the timeclock report.'),
(65, 'Manage Allowed IP Addresses', 'manage_ip_address', 'Settings', 'Allows a user to edit/view/delete allowed IP addresses, mainly for timeclock.'),
(66, 'View Timeclock Report - All Users', 'view_timeclock_report_all', 'Reports - Timeclock	', 'Allows a user to view all other users timeclock records.'),
(67, 'View Timeclock Report - Subbordiantes', 'view_timeclock_report_subordinates', 'Reports - Timeclock', 'Allows a user to view the timeclock reports for all users they manage'),
(68, 'View All Users Onboarding Info', 'view_all_users_onboarding', 'Onboarding', 'Can view onboarding information for all users in system.'),
(69, 'View User Timeclock Records', 'view_user_timeclock_records', 'Reports - Timeclock', 'Allows user to view the detailed records of the timeclock.'),
(70, 'Edit User Timeclock Record', 'edit_user_timeclock_record', 'Reports - Timeclock', 'Allows a user to edit the clock in and clock out time for another user.'),
(71, 'View Timeclock Edit History', 'view_timeclock_edit_history', 'Reports - Timeclock', 'Allows a user to view the timeclock edit history.'),
(72, 'Approve Timeclock Entry', 'approve_timeclock_entry', 'Reports - Timeclock', 'Allows a user to approve another users time.'),
(73, 'Unapprove Timeclock Entry', 'unapprove_timeclock_entry', 'Reports - Timeclock', 'Allows a user to change a timeclock entry to unapproved after it has already been approved.'),
(74, 'Force Clockout', 'force_clockout', 'Reports - Timeclock', 'Force a user to clock out.'),
(75, 'Change Parent Status', 'change_parent_status', 'Parents', 'Allows a user to deactivate or reactivate a parent account.'),
(76, 'Delete Parent', 'delete_parent', 'Parents', 'Allows a user to delete a parent account.'),
(77, 'Edit Parent', 'edit_parent', 'Parents', 'Allows a user to edit a parent account.'),
(78, 'View Parent', 'view_parent', 'Parents', 'Allows a user to view a parent account.'),
(79, 'Add Student', 'add_student', 'Students', 'Allows a user to add a student to the system.'),
(80, 'Change Student Status', 'change_student_status', 'Students', 'Allows a user to deactivate or reactivate a student account.'),
(81, 'Delete Student', 'delete_student', 'Students', 'Allows a user to delete a student account.'),
(82, 'Edit Student', 'edit_student', 'Students', 'Allows a user to edit a student account.'),
(83, 'View All Students', 'view_all_students', 'Students', 'Must also click View Students Page'),
(84, 'View Student', 'view_student', 'Students', 'Allows a user to view a student account.'),
(85, 'View Students Page', 'view_students_page', 'Students', 'Allows user to view the students page.	'),
(86, 'View Clocked In Users Report', 'view_clocked_in_users_report', 'Reports', 'Allows a user to view clocked in users.'),
(87, 'Manage Task Categories', 'task_categories_manage', 'Settings', 'Allows a user to manage (add/edit/delete) task categories.'),
(88, 'Manage Task Statuses', 'task_statuses_manage', 'Settings', 'Allows an employee to manage task statuses. (add/delete/edit)'),
(89, 'View Tasks Page', 'view_tasks', 'Tasks', 'Allows a user to view the main tasks page.');

-- --------------------------------------------------------

--
-- Table structure for table `roles`
--

CREATE TABLE `roles` (
  `id` int NOT NULL,
  `title` text NOT NULL,
  `parent_role_id` int DEFAULT NULL,
  `is_active` tinyint(1) DEFAULT '1'
) ENGINE=InnoDB DEFAULT CHARSET=latin1;

--
-- Dumping data for table `roles`
--

INSERT INTO `roles` (`id`, `title`, `parent_role_id`, `is_active`) VALUES
(1, 'Owner', NULL, 1),
(2, 'District Manager', 1, 1),
(4, 'Center Director', 2, 1),
(5, 'Assistant Center Director', 4, 1),
(6, 'Lead Instructor', 5, 1),
(7, 'Instructor', 6, 1),
(99, 'Parent', 4, 1),
(100, 'Student', 99, 1);

-- --------------------------------------------------------

--
-- Table structure for table `role_permissions`
--

CREATE TABLE `role_permissions` (
  `id` int NOT NULL,
  `role` int NOT NULL,
  `permission` text NOT NULL
) ENGINE=InnoDB DEFAULT CHARSET=latin1;

--
-- Dumping data for table `role_permissions`
--

INSERT INTO `role_permissions` (`id`, `role`, `permission`) VALUES
(19, 2, 'users_list'),
(20, 2, 'users_add'),
(21, 2, 'users_edit'),
(22, 2, 'users_delete'),
(23, 2, 'users_view'),
(24, 2, 'roles_list'),
(25, 2, 'roles_add'),
(26, 2, 'roles_edit'),
(27, 2, 'permissions_list'),
(28, 2, 'permissions_add'),
(29, 2, 'permissions_edit'),
(30, 2, 'permissions_delete'),
(40, 3, 'users_list'),
(41, 3, 'users_add'),
(42, 3, 'users_edit'),
(43, 3, 'users_delete'),
(44, 3, 'users_view'),
(51, 1, 'roles_add'),
(52, 1, 'roles_edit'),
(56, 1, 'roles_add'),
(57, 1, 'roles_edit'),
(61, 1, 'permissions_add'),
(62, 1, 'permissions_edit'),
(63, 1, 'permissions_delete'),
(64, 1, 'company_settings'),
(65, 1, 'backup_db'),
(66, 1, 'email_templates'),
(67, 1, 'general_settings'),
(68, 3, 'roles_list'),
(69, 3, 'roles_add'),
(70, 3, 'roles_edit'),
(71, 6, 'general_settings'),
(85, 1, 'add_location'),
(86, 1, 'view_location'),
(114, 1, 'view_all_expenses'),
(121, 1, 'add_expense'),
(127, 1, 'view_expense_module'),
(135, 1, 'view_onboarding_steps'),
(136, 1, 'add_onboarding_steps'),
(140, 1, 'edit_onboarding_steps'),
(141, 1, 'dashboard_view'),
(149, 2, 'add_expense'),
(151, 2, 'edit_expense'),
(155, 2, 'view_expense_module'),
(157, 2, 'delete_expense'),
(158, 2, 'update_expense_status'),
(162, 2, 'view_expense'),
(177, 1, 'activity_log_list'),
(180, 1, 'permissions_list'),
(181, 1, 'activity_log_view'),
(182, 1, 'roles_list'),
(184, 1, 'view_managed_employee_expenses'),
(188, 1, 'view_parents_page'),
(193, 2, 'view_parents_page'),
(195, 1, 'add_parent'),
(197, 1, 'roles_toggle_status'),
(201, 1, 'edit_location'),
(202, 1, 'view_onboarding_overview'),
(204, 1, 'view_all_parents'),
(205, 1, 'delete_location'),
(207, 2, 'create_schedule'),
(208, 2, 'view_location'),
(209, 2, 'view_onboarding_steps'),
(210, 2, 'edit_onboarding_steps'),
(211, 2, 'view_onboarding_overview'),
(212, 2, 'update_user_onboard_status'),
(214, 2, 'edit_location_status'),
(215, 2, 'view_only_assigned_users'),
(219, 1, 'view_only_assigned_users'),
(221, 1, 'users_add'),
(222, 1, 'users_edit'),
(223, 1, 'users_delete'),
(232, 1, 'edit_location_status'),
(233, 1, 'smtp_settings'),
(238, 1, 'users_list'),
(268, 1, 'deactivate_user'),
(269, 1, 'update_user_onboard_status'),
(270, 1, 'view_email_notification_settings'),
(271, 1, 'add_email_notification_settings'),
(275, 1, 'view_own_schedule'),
(279, 1, 'delete_email_notification_settings'),
(281, 1, 'edit_expense'),
(282, 1, 'delete_expense'),
(284, 1, 'delete_after_pending'),
(287, 1, 'view_expense'),
(288, 1, 'edit_after_pending'),
(289, 1, 'update_expense_status'),
(290, 1, 'edit_email_notification_settings'),
(291, 1, 'users_view'),
(292, 1, 'send_for_signature'),
(293, 1, 'create_employee_status_change'),
(296, 2, 'send_for_signature'),
(297, 2, 'create_employee_status_change'),
(300, 2, 'view_all_expenses'),
(301, 2, 'view_managed_employee_expenses'),
(302, 1, 'view_all_users'),
(303, 1, 'view_signed_employee_forms'),
(306, 1, 'use_time_clock'),
(308, 1, 'ip_timeclock'),
(310, 1, 'manage_ip_address'),
(311, 2, 'view_own_schedule'),
(312, 4, 'users_view'),
(313, 4, 'view_location'),
(314, 4, 'add_expense'),
(315, 4, 'view_expense'),
(316, 4, 'edit_expense'),
(317, 4, 'delete_expense'),
(318, 4, 'view_expense_module'),
(319, 4, 'view_only_assigned_users'),
(320, 4, 'view_managed_employee_expenses'),
(329, 1, 'view_timeclock_report'),
(330, 1, 'view_timeclock_report_all'),
(333, 2, 'view_timeclock_report'),
(346, 2, 'view_timeclock_report_subordinates'),
(348, 2, 'view_user_timeclock_records'),
(352, 2, 'edit_user_timeclock_record'),
(353, 2, 'view_timeclock_edit_history'),
(360, 2, 'approve_timeclock_entry'),
(361, 2, 'unapprove_timeclock_entry'),
(362, 1, 'view_timeclock_report_subordinates'),
(363, 1, 'view_all_users_onboarding'),
(364, 1, 'view_user_timeclock_records'),
(365, 1, 'edit_user_timeclock_record'),
(366, 1, 'view_timeclock_edit_history'),
(367, 1, 'approve_timeclock_entry'),
(368, 1, 'unapprove_timeclock_entry'),
(371, 1, 'change_parent_status'),
(372, 1, 'delete_parent'),
(373, 1, 'edit_parent'),
(374, 1, 'view_parent'),
(375, 2, 'view_parent'),
(376, 2, 'view_all_parents'),
(377, 2, 'edit_parent'),
(378, 1, 'add_student'),
(379, 1, 'change_student_status'),
(380, 1, 'delete_student'),
(381, 1, 'edit_student'),
(382, 1, 'view_all_students'),
(383, 1, 'view_student'),
(384, 1, 'view_students_page'),
(386, 2, 'edit_location'),
(387, 2, 'view_students_page'),
(388, 2, 'view_all_students'),
(389, 2, 'view_student'),
(391, 2, 'add_student'),
(392, 4, 'users_add'),
(393, 4, 'users_edit'),
(394, 4, 'deactivate_user'),
(395, 4, 'create_schedule'),
(396, 4, 'dashboard_view'),
(397, 4, 'view_onboarding_overview'),
(398, 4, 'view_own_schedule'),
(399, 4, 'view_asssied_location_schedule'),
(400, 4, 'use_time_clock'),
(401, 4, 'ip_timeclock'),
(402, 4, 'view_timeclock_report'),
(403, 4, 'view_timeclock_report_subordinates'),
(404, 4, 'view_user_timeclock_records'),
(405, 4, 'edit_user_timeclock_record'),
(406, 4, 'view_timeclock_edit_history'),
(407, 4, 'approve_timeclock_entry'),
(408, 4, 'force_clockout'),
(409, 7, 'view_own_schedule'),
(410, 7, 'view_asssied_location_schedule'),
(411, 7, 'use_time_clock'),
(412, 7, 'ip_timeclock'),
(413, 7, 'view_timeclock_report'),
(414, 7, 'view_user_timeclock_records'),
(415, 7, 'view_timeclock_edit_history'),
(416, 4, 'users_list'),
(417, 4, 'view_parents_page'),
(418, 4, 'add_parent'),
(420, 4, 'update_user_onboard_status'),
(421, 4, 'send_for_signature'),
(422, 4, 'create_employee_status_change'),
(423, 4, 'view_signed_employee_forms'),
(426, 2, 'view_clocked_in_users_report'),
(427, 4, 'view_clocked_in_users_report'),
(428, 1, 'force_clockout'),
(429, 1, 'view_clocked_in_users_report'),
(430, 2, 'use_time_clock'),
(431, 5, 'use_time_clock'),
(509, 2, 'ip_timeclock'),
(510, 1, 'task_categories_manage'),
(511, 1, 'task_statuses_manage'),
(512, 1, 'view_tasks'),
(514, 1, 'create_schedule'),
(515, 5, 'view_tasks'),
(516, 6, 'use_time_clock'),
(517, 5, 'ip_timeclock'),
(518, 1, 'view_asssied_location_schedule');

-- --------------------------------------------------------

--
-- Table structure for table `schedules`
--

CREATE TABLE `schedules` (
  `schedule_id` int NOT NULL,
  `employee_id` int DEFAULT NULL,
  `location_id` int DEFAULT NULL,
  `date` date DEFAULT NULL,
  `start_time` time DEFAULT NULL,
  `end_time` time DEFAULT NULL,
  `total_time` int DEFAULT NULL
) ENGINE=InnoDB DEFAULT CHARSET=utf8mb3 COLLATE=utf8mb3_unicode_ci;

--
-- Dumping data for table `schedules`
--

INSERT INTO `schedules` (`schedule_id`, `employee_id`, `location_id`, `date`, `start_time`, `end_time`, `total_time`) VALUES
(90, 16, NULL, '2024-02-21', '01:00:00', '13:05:00', 1),
(101, 16, NULL, '2024-02-21', '01:00:00', '13:05:00', 4),
(102, 16, NULL, '2024-02-21', '01:00:00', '13:05:00', 1),
(103, 16, NULL, '2024-02-21', '01:00:00', '13:05:00', 1),
(104, 16, NULL, '2024-02-21', '01:00:00', '13:05:00', 1),
(105, 16, NULL, '2024-02-21', '01:00:00', '13:05:00', 721);

-- --------------------------------------------------------

--
-- Table structure for table `settings`
--

CREATE TABLE `settings` (
  `id` int NOT NULL,
  `key` text NOT NULL,
  `value` text NOT NULL,
  `created_at` timestamp NOT NULL DEFAULT CURRENT_TIMESTAMP
) ENGINE=InnoDB DEFAULT CHARSET=latin1;

--
-- Dumping data for table `settings`
--

INSERT INTO `settings` (`id`, `key`, `value`, `created_at`) VALUES
(1, 'company_name', 'Math Made Simple', '2018-06-21 10:37:59'),
(2, 'company_email', 'greg.pratt@mathnasium.com', '2018-07-11 04:09:58'),
(3, 'timezone', 'America/Cayman', '2018-07-15 12:54:17'),
(4, 'login_theme', '1', '2019-06-06 07:04:28'),
(5, 'date_format', 'm/d/Y', '2020-01-03 19:31:45'),
(6, 'datetime_format', 'm/d/Y h:i:s A', '2020-01-03 19:32:24'),
(7, 'google_recaptcha_enabled', '0', '2020-01-04 18:44:03'),
(8, 'google_recaptcha_sitekey', '', '2020-01-04 18:44:17'),
(9, 'google_recaptcha_secretkey', '', '2020-01-04 18:44:40'),
(10, 'bg_img_type', 'jpeg', '2020-01-06 17:53:33'),
(11, 'default_lang', 'en', '2021-04-12 08:53:06'),
(12, 'version', 'v2.0', '2022-03-19 19:26:05'),
(13, 'week_starts_on', 'Monday', '2022-03-19 19:26:05'),
(15, 'time_format', 'h:i:s A', '2024-04-06 13:37:11'),
(16, 'employee_timeclock_detail', 'h:i:s A', '2024-04-06 14:46:38'),
(17, 'datetime_format_no_seconds_no_ampm', 'm/d/Y h:i', '2024-04-07 02:02:21'),
(18, 'event_time_format', '12 Hour', '2022-03-19 19:26:05'),
(19, 'overtime_hours', '40', '2024-04-18 01:12:18');

-- --------------------------------------------------------

--
-- Table structure for table `smtp_config`
--

CREATE TABLE `smtp_config` (
  `id` int NOT NULL,
  `hostname` varchar(255) COLLATE utf8mb3_unicode_ci NOT NULL,
  `username` varchar(255) COLLATE utf8mb3_unicode_ci NOT NULL,
  `password` varchar(255) COLLATE utf8mb3_unicode_ci NOT NULL,
  `port` int NOT NULL,
  `encryption` varchar(50) COLLATE utf8mb3_unicode_ci NOT NULL,
  `default_sender_email` varchar(255) COLLATE utf8mb3_unicode_ci NOT NULL
) ENGINE=InnoDB DEFAULT CHARSET=utf8mb3 COLLATE=utf8mb3_unicode_ci;

--
-- Dumping data for table `smtp_config`
--

INSERT INTO `smtp_config` (`id`, `hostname`, `username`, `password`, `port`, `encryption`, `default_sender_email`) VALUES
(1, 'smtp-relay.brevo.com', 'gregpratt86@gmail.com', 'xsmtpsib-67ec699a8240cbb090b05a228c95a193b5767592eb4a378839f2d3244ec67849-qc2Z5CDJpAaQbg04', 587, 'starttls', 'system@mathmslls.com');

-- --------------------------------------------------------

--
-- Table structure for table `states`
--

CREATE TABLE `states` (
  `state_name` varchar(50) COLLATE utf8mb3_unicode_ci DEFAULT NULL,
  `abbreviation` char(2) COLLATE utf8mb3_unicode_ci DEFAULT NULL
) ENGINE=InnoDB DEFAULT CHARSET=utf8mb3 COLLATE=utf8mb3_unicode_ci;

--
-- Dumping data for table `states`
--

INSERT INTO `states` (`state_name`, `abbreviation`) VALUES
('Alabama', 'AL'),
('Alaska', 'AK'),
('Arizona', 'AZ'),
('Arkansas', 'AR'),
('California', 'CA'),
('Colorado', 'CO'),
('Connecticut', 'CT'),
('Delaware', 'DE'),
('Florida', 'FL'),
('Georgia', 'GA'),
('Hawaii', 'HI'),
('Idaho', 'ID'),
('Illinois', 'IL'),
('Indiana', 'IN'),
('Iowa', 'IA'),
('Kansas', 'KS'),
('Kentucky', 'KY'),
('Louisiana', 'LA'),
('Maine', 'ME'),
('Maryland', 'MD'),
('Massachusetts', 'MA'),
('Michigan', 'MI'),
('Minnesota', 'MN'),
('Mississippi', 'MS'),
('Missouri', 'MO'),
('Montana', 'MT'),
('Nebraska', 'NE'),
('Nevada', 'NV'),
('New Hampshire', 'NH'),
('New Jersey', 'NJ'),
('New Mexico', 'NM'),
('New York', 'NY'),
('North Carolina', 'NC'),
('North Dakota', 'ND'),
('Ohio', 'OH'),
('Oklahoma', 'OK'),
('Oregon', 'OR'),
('Pennsylvania', 'PA'),
('Rhode Island', 'RI'),
('South Carolina', 'SC'),
('South Dakota', 'SD'),
('Tennessee', 'TN'),
('Texas', 'TX'),
('Utah', 'UT'),
('Vermont', 'VT'),
('Virginia', 'VA'),
('Washington', 'WA'),
('West Virginia', 'WV'),
('Wisconsin', 'WI'),
('Wyoming', 'WY');

-- --------------------------------------------------------

--
-- Table structure for table `task`
--

CREATE TABLE `task` (
  `id` int NOT NULL,
  `title` varchar(255) COLLATE utf8mb3_unicode_ci NOT NULL,
  `description` text COLLATE utf8mb3_unicode_ci,
  `category` int DEFAULT NULL,
  `priority` varchar(20) CHARACTER SET utf8mb3 COLLATE utf8mb3_unicode_ci DEFAULT NULL,
  `start_date` date DEFAULT NULL,
  `due_date` date DEFAULT NULL,
  `assigned_to` int DEFAULT NULL,
  `repeating` tinyint(1) DEFAULT '0',
  `deleted_at` datetime DEFAULT NULL,
  `deleted_by` int DEFAULT NULL,
  `created_on` datetime DEFAULT CURRENT_TIMESTAMP,
  `created_by` int DEFAULT NULL,
  `updated_on` datetime DEFAULT NULL ON UPDATE CURRENT_TIMESTAMP,
  `updated_by` int DEFAULT NULL,
  `status` int DEFAULT NULL,
  `completed_on` timestamp NULL DEFAULT NULL
) ENGINE=InnoDB DEFAULT CHARSET=utf8mb3 COLLATE=utf8mb3_unicode_ci;

--
-- Dumping data for table `task`
--

INSERT INTO `task` (`id`, `title`, `description`, `category`, `priority`, `start_date`, `due_date`, `assigned_to`, `repeating`, `deleted_at`, `deleted_by`, `created_on`, `created_by`, `updated_on`, `updated_by`, `status`, `completed_on`) VALUES
(15, 'asfasd', NULL, NULL, '', '2024-04-19', '2024-04-19', 16, 0, '2024-04-19 18:43:07', NULL, '2024-04-19 15:56:22', 1, '2024-04-19 18:43:07', 1, 4, NULL),
(16, ' afdsa fadsf ads', NULL, NULL, '', '2024-04-19', '2024-04-20', 16, 0, '2024-04-19 16:14:43', NULL, '2024-04-19 15:58:01', 1, '2024-04-19 16:14:43', 1, 1, NULL),
(17, ' asdf ads', NULL, NULL, '', '2024-04-19', '2024-04-19', 16, 0, '2024-04-19 16:18:50', NULL, '2024-04-19 16:02:12', 1, '2024-04-19 16:18:50', 1, 1, NULL),
(18, 'afasd', NULL, NULL, 'High', '2024-04-19', '2024-04-19', 16, 0, '2024-04-20 15:53:13', NULL, '2024-04-19 18:30:22', 1, '2024-04-20 15:53:13', 1, 1, NULL),
(19, 'adsfasdfasf', NULL, NULL, 'Medium', '2024-04-24', '2024-04-23', 16, 0, '2024-04-20 15:53:10', NULL, '2024-04-19 18:40:44', 1, '2024-04-20 15:53:10', 1, 1, NULL),
(20, 'asdfasdf fasdfasd', '<p><br></p><table class=\"table table-bordered\"><tbody><tr><td>asfasdf</td><td>adsf</td><td>adfasdf</td></tr><tr><td>adsfad</td><td>adsf</td><td>adsf</td></tr></tbody></table><p><br></p>', NULL, 'High', '2024-04-24', '2024-05-16', 16, 0, '2024-04-19 20:38:04', NULL, '2024-04-19 18:42:40', 1, '2024-04-19 20:38:04', 1, 1, NULL),
(21, 'Hire Derek', '<p>This is just a reminder to Hire Derek Lopez.</p>', NULL, 'High', '2024-04-19', '2024-05-01', 1, 0, NULL, NULL, '2024-04-19 20:39:31', 1, '2024-04-19 20:39:31', 1, 1, NULL),
(22, 'Testing this out', '<p><br></p><table class=\"table table-bordered\"><tbody><tr><td>a</td><td><br></td><td>b</td><td><br></td><td><br></td><td><br></td><td><br></td><td><br></td><td><br></td><td><br></td><td><br></td></tr><tr><td><font color=\"#000000\"><span style=\"background-color: rgb(255, 255, 0);\">asdfsdafdsafsad</span></font></td><td><br></td><td><br></td><td><br></td><td><br></td><td><br></td><td><br></td><td><br></td><td><br></td><td><br></td><td><br></td></tr><tr><td><span style=\"background-color: rgb(255, 156, 0);\">asdfasd</span></td><td><br></td><td><br></td><td><br></td><td><br></td><td><br></td><td><br></td><td><br></td><td><br></td><td><br></td><td><br></td></tr><tr><td><br></td><td><br></td><td><br></td><td><br></td><td><br></td><td><br></td><td><br></td><td><br></td><td><br></td><td><br></td><td><br></td></tr><tr><td><br></td><td><br></td><td><br></td><td><br></td><td><br></td><td><br></td><td><br></td><td><br></td><td><br></td><td><br></td><td><br></td></tr><tr><td>asfsadfsda<font color=\"#000000\"><span style=\"background-color: rgb(231, 99, 99);\">asdfsadfdsafsd</span></font></td><td><br></td><td><br></td><td><br></td><td><br></td><td><br></td><td><br></td><td><br></td><td><br></td><td><br></td><td><br></td></tr><tr><td><br></td><td><br></td><td><br></td><td><br></td><td><br></td><td><br></td><td><br></td><td><br></td><td><br></td><td><br></td><td><br></td></tr><tr><td><br></td><td><br></td><td><br></td><td><br></td><td><br></td><td><br></td><td><br></td><td><br></td><td><br></td><td><br></td><td><br></td></tr><tr><td><br></td><td><br></td><td><br></td><td><br></td><td><br></td><td><br></td><td><br></td><td><br></td><td><br></td><td><br></td><td><br></td></tr></tbody></table><p><br></p>', 10, 'High', '2024-04-21', '2024-04-30', 16, 0, NULL, NULL, '2024-04-20 16:38:02', 1, '2024-04-26 02:00:17', 1, 2, NULL),
(23, 'Doc upload test', '<p>doc upload test</p>', 10, 'Medium', '2024-04-20', '2024-04-20', 16, 0, NULL, NULL, '2024-04-20 16:45:13', 1, '2024-04-20 16:45:13', 1, 1, NULL),
(24, 'sdafadsf', '<p>asdfasdf</p>', 10, 'Medium', '2024-04-26', '2024-04-26', 15, 0, NULL, NULL, '2024-04-20 16:49:59', 1, '2024-04-20 16:49:59', 1, 1, NULL),
(25, 'fasdfadsf', '<p>asdf asdf</p>', 15, 'Medium', '2024-04-25', '2024-04-22', 15, 0, NULL, NULL, '2024-04-20 16:53:06', 1, '2024-04-20 16:53:06', 1, 1, NULL),
(26, 'asdfasdfasd', '<p>asdfadsf</p>', 16, 'High', '2024-04-20', '2024-04-23', 15, 0, NULL, NULL, '2024-04-20 17:02:29', 1, '2024-04-20 17:02:29', 1, 1, NULL);

-- --------------------------------------------------------

--
-- Table structure for table `tasks_status`
--

CREATE TABLE `tasks_status` (
  `id` int NOT NULL,
  `name` varchar(255) COLLATE utf8mb3_unicode_ci NOT NULL,
  `created_on` datetime DEFAULT CURRENT_TIMESTAMP,
  `created_by` int DEFAULT NULL,
  `updated_on` datetime DEFAULT NULL ON UPDATE CURRENT_TIMESTAMP,
  `updated_by` int DEFAULT NULL,
  `deleted_at` datetime DEFAULT NULL,
  `completed_status` int DEFAULT NULL
) ENGINE=InnoDB DEFAULT CHARSET=utf8mb3 COLLATE=utf8mb3_unicode_ci;

--
-- Dumping data for table `tasks_status`
--

INSERT INTO `tasks_status` (`id`, `name`, `created_on`, `created_by`, `updated_on`, `updated_by`, `deleted_at`, `completed_status`) VALUES
(1, 'Not Started', '2024-04-19 03:39:04', 1, '2024-04-19 13:48:31', 1, NULL, 0),
(2, 'Started', '2024-04-19 03:40:27', 1, '2024-04-19 12:54:59', 1, NULL, 0),
(3, 'Completed', '2024-04-19 04:53:05', 1, '2024-04-19 18:01:48', 1, NULL, 1),
(4, 'Past Due / Not Started', '2024-04-19 04:53:11', 1, '2024-04-19 13:56:20', 1, NULL, 0),
(5, 'Past Due / Started', '2024-04-19 04:53:32', 1, '2024-04-19 12:54:59', 1, NULL, 0);

-- --------------------------------------------------------

--
-- Table structure for table `task_category`
--

CREATE TABLE `task_category` (
  `id` int NOT NULL,
  `name` varchar(255) COLLATE utf8mb3_unicode_ci NOT NULL,
  `created_on` datetime DEFAULT CURRENT_TIMESTAMP,
  `created_by` int DEFAULT NULL,
  `updated_on` datetime DEFAULT NULL ON UPDATE CURRENT_TIMESTAMP,
  `updated_by` int DEFAULT NULL,
  `deleted_at` datetime DEFAULT NULL
) ENGINE=InnoDB DEFAULT CHARSET=utf8mb3 COLLATE=utf8mb3_unicode_ci;

--
-- Dumping data for table `task_category`
--

INSERT INTO `task_category` (`id`, `name`, `created_on`, `created_by`, `updated_on`, `updated_by`, `deleted_at`) VALUES
(10, 'greg', '2024-04-19 00:42:26', 1, '2024-04-19 01:56:41', 1, NULL),
(11, 'asfasdfsadfadsf', '2024-04-19 00:43:12', 1, '2024-04-19 01:10:43', 1, '2024-04-19 01:10:43'),
(12, 'doug', '2024-04-19 00:59:01', 1, '2024-04-19 00:59:11', 1, '2024-04-19 00:59:11'),
(13, 'doug', '2024-04-19 00:59:18', 1, '2024-04-19 01:01:30', 1, '2024-04-19 01:01:30'),
(14, 'doug', '2024-04-19 00:59:23', 1, '2024-04-19 00:59:26', 1, '2024-04-19 00:59:26'),
(15, 'tiff', '2024-04-19 01:10:46', 1, '2024-04-19 01:56:41', 1, NULL),
(16, 'Billing Issue', '2024-04-19 01:10:48', 1, '2024-04-20 17:09:14', 1, NULL),
(17, 'geas', '2024-04-19 01:10:51', 1, '2024-04-19 01:11:05', 1, '2024-04-19 01:11:05'),
(18, 'adsfa fsad sf', '2024-04-19 01:10:53', 1, '2024-04-19 01:10:59', 1, '2024-04-19 01:10:59'),
(19, 'greg', '2024-04-19 01:11:51', 1, '2024-04-19 01:15:41', 1, '2024-04-19 01:15:41'),
(20, 'tfadf', '2024-04-19 01:11:53', 1, '2024-04-19 01:11:53', 1, NULL),
(21, 'af adsf adfa sd ', '2024-04-19 01:11:56', 1, '2024-04-19 01:11:56', 1, NULL),
(22, 'af adsf adfa sd ', '2024-04-19 01:11:56', 1, '2024-04-19 01:14:06', 1, '2024-04-19 01:14:06');

-- --------------------------------------------------------

--
-- Table structure for table `task_comments`
--

CREATE TABLE `task_comments` (
  `id` int NOT NULL,
  `task_id` int DEFAULT NULL,
  `type` varchar(10) COLLATE utf8mb3_unicode_ci NOT NULL,
  `comment` text COLLATE utf8mb3_unicode_ci,
  `deleted_at` datetime DEFAULT NULL,
  `deleted_by` int DEFAULT NULL,
  `created_on` datetime DEFAULT CURRENT_TIMESTAMP,
  `created_by` int DEFAULT NULL,
  `updated_on` datetime DEFAULT NULL ON UPDATE CURRENT_TIMESTAMP,
  `updated_by` int DEFAULT NULL
) ENGINE=InnoDB DEFAULT CHARSET=utf8mb3 COLLATE=utf8mb3_unicode_ci;

--
-- Dumping data for table `task_comments`
--

INSERT INTO `task_comments` (`id`, `task_id`, `type`, `comment`, `deleted_at`, `deleted_by`, `created_on`, `created_by`, `updated_on`, `updated_by`) VALUES
(1, 21, 'note', 'asdfasd', '2024-04-20 15:41:26', NULL, '2024-04-20 14:53:30', 1, '2024-04-20 15:41:26', 1),
(2, 21, 'note', 'greg doing work', '2024-04-20 15:51:23', 1, '2024-04-20 15:51:23', 1, '2024-04-20 15:51:23', NULL),
(3, 21, 'comment', 'asdfads', '2024-04-20 15:41:15', NULL, '2024-04-20 15:04:13', 1, '2024-04-20 15:41:15', NULL),
(4, 21, 'comment', 'this is a test comment', '2024-04-20 15:48:19', 1, '2024-04-20 15:48:19', 1, '2024-04-20 15:48:19', NULL),
(5, 21, 'note', 'This is a test note', '2024-04-20 15:49:32', 1, '2024-04-20 15:49:32', 1, '2024-04-20 15:49:32', NULL),
(6, 21, 'comment', 'This is another test comment', '2024-04-20 15:49:05', 1, '2024-04-20 15:49:05', 1, '2024-04-20 15:49:05', NULL),
(7, 21, 'comment', 'Test comment', NULL, NULL, '2024-04-20 15:52:06', 1, '2024-04-20 15:52:06', NULL);

-- --------------------------------------------------------

--
-- Table structure for table `task_documents`
--

CREATE TABLE `task_documents` (
  `id` int NOT NULL,
  `task_id` int DEFAULT NULL,
  `document` text COLLATE utf8mb3_unicode_ci,
  `original_name` text COLLATE utf8mb3_unicode_ci NOT NULL,
  `deleted_at` datetime DEFAULT NULL,
  `deleted_by` int DEFAULT NULL,
  `created_on` datetime DEFAULT CURRENT_TIMESTAMP,
  `created_by` int DEFAULT NULL,
  `updated_on` datetime DEFAULT NULL ON UPDATE CURRENT_TIMESTAMP,
  `updated_by` int DEFAULT NULL
) ENGINE=InnoDB DEFAULT CHARSET=utf8mb3 COLLATE=utf8mb3_unicode_ci;

--
-- Dumping data for table `task_documents`
--

INSERT INTO `task_documents` (`id`, `task_id`, `document`, `original_name`, `deleted_at`, `deleted_by`, `created_on`, `created_by`, `updated_on`, `updated_by`) VALUES
(7, 21, '1713582061_ab59e933bba027ef9e3f.docx', '/tmp/phpPFRuio', '2024-04-20 03:26:36', NULL, '2024-04-20 03:01:01', 1, '2024-04-20 03:26:36', 1),
(8, 21, '1713582177_57e8d162b0f3319da7d4.docx', 'Andrew Hollway Offer Letter.docx', '2024-04-20 03:26:31', NULL, '2024-04-20 03:02:57', 1, '2024-04-20 03:26:31', 1),
(9, 21, '1713583147_46eb24037de5d63b2e1a.pdf', 'Employee TimeClock Summary - 04152024 - 04172024.pdf', '2024-04-20 03:26:27', NULL, '2024-04-20 03:19:07', 1, '2024-04-20 03:26:27', 1),
(10, 21, '1713583837_eb9c746927fa7bf3ddb3.pdf', 'Employee TimeClock Summary - 04152024 - 04172024.pdf', '2024-04-20 16:24:42', 1, '2024-04-20 03:30:37', 1, '2024-04-20 16:24:42', 1),
(11, 21, '1713584437_701b48826867d9485df9.xlsx', 'Employee TimeClock Summary - 04152024 - 04172024.xlsx', '2024-04-20 03:40:45', NULL, '2024-04-20 03:40:37', 1, '2024-04-20 03:40:45', 1),
(12, 21, '1713584488_b141a05f6e4af1b978a3.xlsx', 'Employee TimeClock Summary - 04152024 - 04172024 (1).xlsx', '2024-04-20 03:41:51', NULL, '2024-04-20 03:41:28', 1, '2024-04-20 03:41:51', 1),
(13, 21, '1713584488_355a705af9b69f4ffe1e.xlsx', 'Employee TimeClock Summary - 04152024 - 04172024.xlsx', '2024-04-20 03:41:45', NULL, '2024-04-20 03:41:28', 1, '2024-04-20 03:41:45', 1),
(14, 21, '1713584935_711ba96a74a61ca2638d.xlsx', 'Employee TimeClock Summary - 04152024 - 04172024 (1).xlsx', '2024-04-20 16:24:48', 1, '2024-04-20 03:48:55', 1, '2024-04-20 16:24:48', 1),
(15, 21, '1713584949_40377369158b5af4a0b6.pdf', 'Employee TimeClock Summary - 04152024 - 04172024.pdf', '2024-04-20 15:01:54', 1, '2024-04-20 03:49:09', 1, '2024-04-20 15:01:54', 1),
(16, 21, '1713622934_daa99fda693b1d7b8027.xlsx', 'Q1 Harness Mind.xlsx', '2024-04-20 14:22:29', NULL, '2024-04-20 14:22:14', 1, '2024-04-20 14:22:29', 1),
(17, 21, '1713622934_9b0df217c5b264c4d493.xlsx', 'Employee Timesheet Export  4_17_2024.xlsx', '2024-04-20 14:22:24', NULL, '2024-04-20 14:22:14', 1, '2024-04-20 14:22:24', 1),
(18, 23, '1713631780_69fd3a0dc97aa8803154.txt', 'Cpanel Password.txt', '2024-04-20 17:15:08', 1, '2024-04-20 16:49:40', 1, '2024-04-20 17:15:09', 1),
(19, 26, '1713632549_40c0353f58a2591a3ee1.xlsx', 'Q1 Harness Mind.xlsx', '2024-04-20 17:14:22', 1, '2024-04-20 17:02:29', 1, '2024-04-20 17:14:22', 1),
(20, 26, '1713632549_86cd7bb4867b9f54e069.xls', '4049792.xls', '2024-04-20 17:14:18', 1, '2024-04-20 17:02:29', 1, '2024-04-20 17:14:18', 1);

-- --------------------------------------------------------

--
-- Table structure for table `task_history`
--

CREATE TABLE `task_history` (
  `id` int NOT NULL,
  `task_id` int DEFAULT NULL,
  `event` text COLLATE utf8mb3_unicode_ci,
  `created_on` datetime DEFAULT CURRENT_TIMESTAMP,
  `created_by` int DEFAULT NULL,
  `updated_on` datetime DEFAULT NULL ON UPDATE CURRENT_TIMESTAMP,
  `updated_by` int DEFAULT NULL
) ENGINE=InnoDB DEFAULT CHARSET=utf8mb3 COLLATE=utf8mb3_unicode_ci;

-- --------------------------------------------------------

--
-- Table structure for table `task_repeating`
--

CREATE TABLE `task_repeating` (
  `id` int NOT NULL,
  `task_id` int NOT NULL,
  `repeat_every` int NOT NULL,
  `repeat_frequency` varchar(15) NOT NULL,
  `repeat_cycles` int NOT NULL,
  `repeat_cycles_remaining` int NOT NULL,
  `deleted_at` datetime DEFAULT NULL,
  `created_at` datetime DEFAULT CURRENT_TIMESTAMP,
  `updated_at` datetime DEFAULT CURRENT_TIMESTAMP ON UPDATE CURRENT_TIMESTAMP
) ENGINE=InnoDB DEFAULT CHARSET=utf8mb3;

-- --------------------------------------------------------

--
-- Table structure for table `time_entries`
--

CREATE TABLE `time_entries` (
  `id` int NOT NULL,
  `employee_id` int NOT NULL,
  `clockIN_timezone` varchar(25) CHARACTER SET utf8mb3 COLLATE utf8mb3_unicode_ci NOT NULL,
  `clock_in_datetime` datetime NOT NULL,
  `clockOUT_timezone` varchar(25) COLLATE utf8mb3_unicode_ci NOT NULL,
  `clock_out_datetime` datetime DEFAULT NULL,
  `total_time` varchar(7) COLLATE utf8mb3_unicode_ci DEFAULT NULL,
  `ip_address` varchar(45) COLLATE utf8mb3_unicode_ci DEFAULT NULL,
  `user_agent` text COLLATE utf8mb3_unicode_ci,
  `referrer` text COLLATE utf8mb3_unicode_ci,
  `request_uri` text COLLATE utf8mb3_unicode_ci,
  `approved` tinyint(1) NOT NULL DEFAULT '0',
  `approver` int DEFAULT NULL,
  `employee_clock_in_notes` text CHARACTER SET utf8mb3 COLLATE utf8mb3_unicode_ci,
  `employee_clock_out_notes` text CHARACTER SET utf8mb3 COLLATE utf8mb3_unicode_ci,
  `manager_notes` text COLLATE utf8mb3_unicode_ci,
  `auto_clock_out` tinyint(1) DEFAULT NULL,
  `notes_author` int DEFAULT NULL,
  `created_at` timestamp NULL DEFAULT CURRENT_TIMESTAMP,
  `updated_at` timestamp NULL DEFAULT CURRENT_TIMESTAMP ON UPDATE CURRENT_TIMESTAMP,
  `clock_in_local_time` datetime DEFAULT NULL,
  `clock_out_local_time` datetime DEFAULT NULL,
  `location` int DEFAULT NULL
) ENGINE=InnoDB DEFAULT CHARSET=utf8mb3 COLLATE=utf8mb3_unicode_ci;

--
-- Dumping data for table `time_entries`
--

INSERT INTO `time_entries` (`id`, `employee_id`, `clockIN_timezone`, `clock_in_datetime`, `clockOUT_timezone`, `clock_out_datetime`, `total_time`, `ip_address`, `user_agent`, `referrer`, `request_uri`, `approved`, `approver`, `employee_clock_in_notes`, `employee_clock_out_notes`, `manager_notes`, `auto_clock_out`, `notes_author`, `created_at`, `updated_at`, `clock_in_local_time`, `clock_out_local_time`, `location`) VALUES
(118, 44, 'America/Chicago', '2024-04-14 17:29:00', 'America/Chicago', '2024-04-14 17:29:00', '0', NULL, NULL, NULL, NULL, 1, 44, '', '', NULL, NULL, NULL, '2024-04-14 21:29:16', '2024-04-16 05:32:21', '2024-04-14 12:29:00', '2024-04-14 12:29:00', 14),
(119, 60, 'America/Chicago', '2024-04-14 18:03:19', 'America/Chicago', '2024-04-14 22:04:21', '4.02', NULL, NULL, NULL, NULL, 1, 44, '', '', NULL, NULL, NULL, '2024-04-14 22:03:19', '2024-04-16 05:33:37', '2024-04-14 13:03:19', '2024-04-14 17:04:21', 14),
(120, 44, 'America/Chicago', '2024-04-14 18:39:00', 'America/Chicago', '2024-04-14 22:15:00', '3.6', NULL, NULL, NULL, NULL, 1, 44, '', NULL, 'Auto Clock Out', 1, NULL, '2024-04-14 22:39:50', '2024-04-16 05:32:26', '2024-04-14 13:39:00', '2024-04-14 17:15:00', 14),
(121, 65, 'America/Chicago', '2024-04-14 18:41:57', 'America/Chicago', '2024-04-14 21:20:44', '2.65', NULL, NULL, NULL, NULL, 1, 44, '', NULL, 'Force Clock Out', NULL, NULL, '2024-04-14 22:41:57', '2024-04-16 05:33:27', '2024-04-14 13:41:57', '2024-04-14 16:20:44', 14),
(122, 61, 'America/Chicago', '2024-04-14 19:26:00', 'America/Chicago', '2024-04-14 22:00:00', '2.57', NULL, NULL, NULL, NULL, 1, 44, 'mckenziebrown444@gmail.com', NULL, 'Auto Clock Out', 1, NULL, '2024-04-14 23:26:19', '2024-04-16 05:33:34', '2024-04-14 14:26:00', '2024-04-14 17:00:00', 14),
(123, 43, 'America/Los_Angeles', '2024-04-15 16:37:52', 'America/Los_Angeles', '2024-04-15 16:38:17', '0.01', NULL, NULL, NULL, NULL, 1, 43, '', '', NULL, NULL, NULL, '2024-04-15 20:37:52', '2024-04-16 03:19:49', '2024-04-15 09:37:52', '2024-04-15 09:38:17', 28),
(124, 43, 'America/Los_Angeles', '2024-04-15 19:00:00', 'America/Los_Angeles', '2024-04-16 02:45:00', '7.75', NULL, NULL, NULL, NULL, 1, 43, '', '', NULL, NULL, NULL, '2024-04-15 20:39:24', '2024-04-18 00:32:30', '2024-04-15 12:00:00', '2024-04-15 19:45:00', 28),
(125, 44, 'America/Chicago', '2024-04-15 17:27:00', 'America/Chicago', '2024-04-16 00:17:00', '6.83', NULL, NULL, NULL, NULL, 1, 44, '', NULL, 'Auto Clock Out', 1, NULL, '2024-04-15 21:27:48', '2024-04-16 22:29:27', '2024-04-15 12:27:00', '2024-04-15 19:17:00', 14),
(126, 61, 'America/Chicago', '2024-04-15 20:02:43', 'America/Chicago', '2024-04-16 00:10:33', '4.13', NULL, NULL, NULL, NULL, 1, 44, '', '', NULL, NULL, NULL, '2024-04-16 00:02:43', '2024-04-16 05:33:32', '2024-04-15 15:02:43', '2024-04-15 19:10:33', 14),
(127, 68, 'America/Chicago', '2024-04-15 20:14:00', 'America/Chicago', '2024-04-16 01:00:00', '4.77', NULL, NULL, NULL, NULL, 1, 43, '', NULL, 'Auto Clock Out', 1, NULL, '2024-04-16 00:14:44', '2024-04-17 01:26:04', '2024-04-15 15:14:00', '2024-04-15 20:00:00', 28),
(128, 63, 'America/Chicago', '2024-04-15 20:33:51', 'America/Chicago', '2024-04-15 23:51:36', '3.30', NULL, NULL, NULL, NULL, 1, 44, '', 'anr009.ar@gmail.com', NULL, NULL, NULL, '2024-04-16 00:33:51', '2024-04-16 05:33:30', '2024-04-15 15:33:51', '2024-04-15 18:51:36', 14),
(129, 69, 'America/Chicago', '2024-04-15 20:37:00', 'America/Chicago', '2024-04-15 22:55:46', '2.31', NULL, NULL, NULL, NULL, 1, 1, '', '', 'Force Clock Out', NULL, NULL, '2024-04-16 00:37:07', '2024-04-16 05:34:21', '2024-04-15 15:37:00', '2024-04-15 17:55:46', 28),
(131, 70, 'America/Chicago', '2024-04-15 21:03:00', 'America/Chicago', '2024-04-16 00:00:00', '2.95', NULL, NULL, NULL, NULL, 1, 43, '', NULL, 'Auto Clock Out', 1, NULL, '2024-04-16 01:03:17', '2024-04-17 01:26:31', '2024-04-15 16:03:00', '2024-04-15 19:00:00', 28),
(132, 73, 'America/Chicago', '2024-04-15 21:31:00', 'America/Chicago', '2024-04-16 00:45:00', '3.23', NULL, NULL, NULL, NULL, 1, 43, '', NULL, 'Auto Clock Out', 1, NULL, '2024-04-16 01:31:46', '2024-04-17 01:27:20', '2024-04-15 16:31:00', '2024-04-15 19:45:00', 28),
(133, 67, 'America/Chicago', '2024-04-15 22:30:00', 'America/Chicago', '2024-04-16 00:17:00', '1.78', NULL, NULL, NULL, NULL, 1, 44, '', '', NULL, NULL, NULL, '2024-04-16 03:28:38', '2024-04-16 22:30:01', '2024-04-15 17:30:00', '2024-04-15 19:17:00', 14),
(142, 44, 'America/Chicago', '2024-04-16 17:05:00', 'America/Chicago', '2024-04-17 00:18:00', '7.22', NULL, NULL, NULL, NULL, 1, 44, '', NULL, 'Auto Clock Out', 1, NULL, '2024-04-16 21:05:22', '2024-04-18 21:02:03', '2024-04-16 12:05:00', '2024-04-16 19:18:00', 14),
(143, 63, 'America/Chicago', '2024-04-16 19:45:19', 'America/Chicago', '2024-04-16 23:59:22', '4.23', NULL, NULL, NULL, NULL, 1, 44, 'anr009.ar@gmail.com', NULL, 'Force Clock Out', NULL, NULL, '2024-04-16 23:45:19', '2024-04-17 03:59:22', '2024-04-16 14:45:19', '2024-04-16 18:59:22', 14),
(144, 60, 'America/Chicago', '2024-04-16 20:12:03', 'America/Chicago', '2024-04-17 00:09:47', '3.96', NULL, NULL, NULL, NULL, 1, 44, '', NULL, 'Force Clock Out', NULL, NULL, '2024-04-17 00:12:03', '2024-04-17 04:09:47', '2024-04-16 15:12:03', '2024-04-16 19:09:47', 14),
(145, 68, 'America/Chicago', '2024-04-16 20:19:00', 'America/Chicago', '2024-04-16 22:34:00', '2.25', NULL, NULL, NULL, NULL, 1, 43, '', NULL, 'Auto Clock Out', 1, NULL, '2024-04-17 00:19:38', '2024-04-18 00:31:14', '2024-04-16 15:19:00', '2024-04-16 17:34:00', 28),
(146, 69, 'America/Chicago', '2024-04-16 20:28:00', 'America/Chicago', '2024-04-16 22:00:00', '1.53', NULL, NULL, NULL, NULL, 1, 43, '', NULL, 'Auto Clock Out', 1, NULL, '2024-04-17 00:28:22', '2024-04-18 00:31:47', '2024-04-16 15:28:00', '2024-04-16 17:00:00', 28),
(147, 70, 'America/Chicago', '2024-04-16 20:57:00', 'America/Chicago', '2024-04-17 00:15:00', '3.3', NULL, NULL, NULL, NULL, 1, 43, '', NULL, 'Auto Clock Out', 1, NULL, '2024-04-17 00:57:35', '2024-04-18 00:30:34', '2024-04-16 15:57:00', '2024-04-16 19:15:00', 28),
(148, 72, 'America/Chicago', '2024-04-16 21:36:00', 'America/Chicago', '2024-04-17 00:43:00', '3.12', NULL, NULL, NULL, NULL, 1, 43, '', NULL, 'Auto Clock Out', 1, NULL, '2024-04-17 01:36:44', '2024-04-18 00:30:03', '2024-04-16 16:36:00', '2024-04-16 19:43:00', 28),
(149, 62, 'America/Chicago', '2024-04-16 22:18:18', 'America/Chicago', '2024-04-16 23:59:10', '1.68', NULL, NULL, NULL, NULL, 1, 44, 'keira.d.woolley@icloud.com', NULL, 'Force Clock Out', NULL, NULL, '2024-04-17 02:18:18', '2024-04-17 03:59:10', '2024-04-16 17:18:18', '2024-04-16 18:59:10', 14),
(150, 59, 'America/Chicago', '2024-04-16 22:23:19', 'America/Chicago', '2024-04-16 23:58:53', '1.59', NULL, NULL, NULL, NULL, 1, 44, '', NULL, 'Force Clock Out', NULL, NULL, '2024-04-17 02:23:19', '2024-04-17 03:58:53', '2024-04-16 17:23:19', '2024-04-16 18:58:53', 14),
(152, 66, 'America/Chicago', '2024-04-16 22:30:00', 'America/Chicago', '2024-04-17 00:08:00', '1.63', NULL, NULL, NULL, NULL, 1, 44, '', '', NULL, NULL, NULL, '2024-04-17 04:07:52', '2024-04-17 04:08:40', '2024-04-16 17:30:00', '2024-04-16 19:08:00', 14),
(156, 61, 'America/Chicago', '2024-04-17 20:03:58', 'America/Chicago', '2024-04-18 00:19:53', '4.27', NULL, NULL, NULL, NULL, 1, 44, '', '', NULL, NULL, NULL, '2024-04-18 00:03:58', '2024-04-18 21:02:33', '2024-04-17 15:03:58', '2024-04-17 19:19:53', 14),
(157, 63, 'America/Chicago', '2024-04-17 20:04:27', 'America/Chicago', '2024-04-18 00:03:02', '3.98', NULL, NULL, NULL, NULL, 1, 44, 'anr009.ar@gmail.com', 'anr009.ar@gmail.com', NULL, NULL, NULL, '2024-04-18 00:04:27', '2024-04-18 21:02:15', '2024-04-17 15:04:27', '2024-04-17 19:03:02', 14),
(158, 69, 'America/Chicago', '2024-04-17 20:25:10', 'America/Chicago', '2024-04-17 22:00:08', '1.58', NULL, NULL, NULL, NULL, 1, 43, '', '', NULL, NULL, NULL, '2024-04-18 00:25:10', '2024-04-18 04:23:03', '2024-04-17 15:25:10', '2024-04-17 17:00:08', 28),
(159, 70, 'America/Chicago', '2024-04-17 20:56:00', 'America/Chicago', '2024-04-17 23:50:00', '2.9', NULL, NULL, NULL, NULL, 1, 43, '', '', NULL, NULL, NULL, '2024-04-18 00:56:18', '2024-04-18 04:22:38', '2024-04-17 15:56:00', '2024-04-17 18:50:00', 28),
(160, 73, 'America/Chicago', '2024-04-17 21:32:00', 'America/Chicago', '2024-04-18 01:00:00', '3.47', NULL, NULL, NULL, NULL, 1, 43, '', NULL, 'Auto Clock Out', 1, NULL, '2024-04-18 01:32:51', '2024-04-20 05:30:29', '2024-04-17 16:32:00', '2024-04-17 20:00:00', 28),
(161, 67, 'America/Chicago', '2024-04-17 22:25:23', 'America/Chicago', '2024-04-18 00:12:38', '1.79', NULL, NULL, NULL, NULL, 1, 44, '', '', NULL, NULL, NULL, '2024-04-18 02:25:23', '2024-04-18 21:01:16', '2024-04-17 17:25:23', '2024-04-17 19:12:38', 14),
(169, 44, 'America/Chicago', '2024-04-18 17:00:53', 'America/Chicago', '2024-04-19 00:46:01', '7.75', NULL, NULL, NULL, NULL, 1, 44, '', NULL, 'Force Clock Out', NULL, NULL, '2024-04-18 21:00:53', '2024-04-21 21:56:53', '2024-04-18 12:00:53', '2024-04-18 19:46:01', 14),
(170, 1, 'America/Chicago', '2024-04-18 17:23:59', 'America/Chicago', '2024-04-18 17:35:02', '0.18', NULL, NULL, NULL, NULL, 0, NULL, '', '', NULL, NULL, NULL, '2024-04-18 21:23:59', '2024-04-18 21:35:02', '2024-04-18 12:23:59', '2024-04-18 12:35:02', 29),
(171, 15, 'America/Chicago', '2024-04-18 17:36:56', 'America/Chicago', '2024-04-18 17:39:17', '0.04', NULL, NULL, NULL, NULL, 0, NULL, '', '', NULL, NULL, NULL, '2024-04-18 21:36:56', '2024-04-18 21:39:17', '2024-04-18 12:36:56', '2024-04-18 12:39:17', 30),
(172, 15, 'America/Chicago', '2024-04-18 17:40:23', 'America/Chicago', '2024-04-18 17:42:01', '0.03', NULL, NULL, NULL, NULL, 0, NULL, '', '', NULL, NULL, NULL, '2024-04-18 21:40:23', '2024-04-18 21:42:01', '2024-04-18 12:40:23', '2024-04-18 12:42:01', 30),
(173, 17, 'America/Chicago', '2024-04-18 17:42:31', 'America/Chicago', '2024-04-18 18:14:36', '0.53', NULL, NULL, NULL, NULL, 0, NULL, '', NULL, 'Force Clock Out', NULL, NULL, '2024-04-18 21:42:31', '2024-04-18 22:14:36', '2024-04-18 12:42:31', '2024-04-18 13:14:36', 29),
(174, 15, 'America/Chicago', '2024-04-18 17:51:41', 'America/Chicago', '2024-04-18 18:13:35', '0.37', NULL, NULL, NULL, NULL, 0, NULL, NULL, NULL, 'Force Clock Out', NULL, NULL, '2024-04-18 21:51:41', '2024-04-18 22:13:35', '2024-04-18 12:51:41', '2024-04-18 13:13:35', 30),
(175, 60, 'America/Chicago', '2024-04-18 19:00:04', 'America/Chicago', '2024-04-18 19:26:52', '0.45', NULL, NULL, NULL, NULL, 1, 44, NULL, NULL, NULL, NULL, NULL, '2024-04-18 23:00:04', '2024-04-21 21:58:11', '2024-04-18 14:00:04', '2024-04-18 14:26:52', 14),
(176, 74, 'America/Chicago', '2024-04-18 19:26:26', 'America/Chicago', '2024-04-19 01:23:42', '5.95', NULL, NULL, NULL, NULL, 0, NULL, NULL, NULL, 'Force Clock Out', NULL, NULL, '2024-04-18 23:26:26', '2024-04-19 05:23:42', '2024-04-18 14:26:26', '2024-04-18 20:23:42', 29),
(177, 60, 'America/Chicago', '2024-04-18 19:27:10', 'America/Chicago', '2024-04-19 00:29:59', '5.05', NULL, NULL, NULL, NULL, 1, 44, NULL, NULL, NULL, NULL, NULL, '2024-04-18 23:27:10', '2024-04-21 21:58:13', '2024-04-18 14:27:10', '2024-04-18 19:29:59', 14),
(178, 63, 'America/Chicago', '2024-04-18 20:06:43', 'America/Chicago', '2024-04-19 00:39:43', '4.55', NULL, NULL, NULL, NULL, 1, 44, NULL, NULL, NULL, NULL, NULL, '2024-04-19 00:06:43', '2024-04-21 21:57:45', '2024-04-18 15:06:43', '2024-04-18 19:39:43', 14),
(179, 72, 'America/Chicago', '2024-04-18 20:20:55', 'America/Chicago', '2024-04-18 23:25:19', '3.07', NULL, NULL, NULL, NULL, 1, 43, NULL, NULL, NULL, NULL, NULL, '2024-04-19 00:20:55', '2024-04-20 04:15:11', '2024-04-18 15:20:55', '2024-04-18 18:25:19', 28),
(180, 43, 'America/Chicago', '2024-04-18 16:45:00', 'America/Chicago', '2024-04-19 00:45:00', '8', NULL, NULL, NULL, NULL, 1, 43, NULL, NULL, 'Auto Clock Out', 1, NULL, '2024-04-19 00:22:36', '2024-04-20 04:15:45', '2024-04-18 11:45:00', '2024-04-18 19:45:00', 28),
(181, 76, 'America/Chicago', '2024-04-18 20:22:56', 'America/Chicago', '2024-04-19 01:23:22', '5.01', NULL, NULL, NULL, NULL, 0, NULL, NULL, NULL, 'Force Clock Out', NULL, NULL, '2024-04-19 00:22:56', '2024-04-19 05:23:22', '2024-04-18 15:22:56', '2024-04-18 20:23:22', 29),
(182, 71, 'America/Chicago', '2024-04-18 21:33:00', 'America/Chicago', '2024-04-19 00:15:00', '2.7', NULL, NULL, NULL, NULL, 1, 43, NULL, NULL, 'Auto Clock Out', 1, NULL, '2024-04-19 01:33:49', '2024-04-20 04:12:07', '2024-04-18 16:33:00', '2024-04-18 19:15:00', 28),
(183, 62, 'America/Chicago', '2024-04-18 22:10:57', 'America/Chicago', '2024-04-19 00:45:52', '2.58', NULL, NULL, NULL, NULL, 1, 44, NULL, NULL, 'Force Clock Out', NULL, NULL, '2024-04-19 02:10:57', '2024-04-21 21:57:55', '2024-04-18 17:10:57', '2024-04-18 19:45:52', 14),
(184, 67, 'America/Chicago', '2024-04-18 22:27:35', 'America/Chicago', '2024-04-18 22:27:41', '0.00', NULL, NULL, NULL, NULL, 1, 44, NULL, NULL, NULL, NULL, NULL, '2024-04-19 02:27:35', '2024-04-21 21:57:17', '2024-04-18 17:27:35', '2024-04-18 17:27:41', 14),
(185, 67, 'America/Chicago', '2024-04-18 22:27:51', 'America/Chicago', '2024-04-19 00:40:16', '2.21', NULL, NULL, NULL, NULL, 1, 44, NULL, NULL, 'Force Clock Out', NULL, NULL, '2024-04-19 02:27:51', '2024-04-21 21:57:21', '2024-04-18 17:27:51', '2024-04-18 19:40:16', 14),
(186, 59, 'America/Chicago', '2024-04-18 22:30:39', 'America/Chicago', '2024-04-19 00:45:58', '2.26', NULL, NULL, NULL, NULL, 1, 44, NULL, NULL, 'Force Clock Out', NULL, NULL, '2024-04-19 02:30:39', '2024-04-21 21:59:38', '2024-04-18 17:30:39', '2024-04-18 19:45:58', 14),
(187, 63, 'America/Chicago', '2024-04-19 22:28:01', 'America/Chicago', '2024-04-20 01:45:51', '3.30', NULL, NULL, NULL, NULL, 1, 44, NULL, NULL, NULL, NULL, NULL, '2024-04-20 02:28:01', '2024-04-21 21:57:47', '2024-04-19 17:28:01', '2024-04-19 20:45:51', 14),
(188, 43, 'America/Chicago', '2024-04-19 21:16:00', 'America/Chicago', '2024-04-20 01:29:00', '4.22', NULL, NULL, NULL, NULL, 1, 43, NULL, NULL, NULL, NULL, NULL, '2024-04-20 04:16:04', '2024-04-20 05:30:21', '2024-04-19 16:16:00', '2024-04-19 20:29:00', 28),
(189, 68, 'America/Chicago', '2024-04-21 17:43:25', 'America/Chicago', '2024-04-21 22:07:04', '4.39', NULL, NULL, NULL, NULL, 1, 43, NULL, NULL, NULL, NULL, NULL, '2024-04-21 21:43:25', '2024-04-22 21:06:31', '2024-04-21 12:43:25', '2024-04-21 17:07:04', 28),
(190, 44, 'America/Chicago', '2024-04-21 17:56:20', 'America/Chicago', '2024-04-21 22:08:36', '4.20', NULL, NULL, NULL, NULL, 1, 44, NULL, NULL, 'Force Clock Out', NULL, NULL, '2024-04-21 21:56:20', '2024-04-23 21:36:09', '2024-04-21 12:56:20', '2024-04-21 17:08:36', 14),
(191, 81, 'America/Chicago', '2024-04-21 17:59:47', 'America/Chicago', '2024-04-21 22:06:16', '4.11', NULL, NULL, NULL, NULL, 0, NULL, NULL, NULL, NULL, NULL, NULL, '2024-04-21 21:59:47', '2024-04-22 02:06:16', '2024-04-21 12:59:47', '2024-04-21 17:06:16', 29),
(192, 67, 'America/Chicago', '2024-04-21 17:59:48', 'America/Chicago', '2024-04-21 22:06:07', '4.11', NULL, NULL, NULL, NULL, 1, 44, NULL, NULL, NULL, NULL, NULL, '2024-04-21 21:59:48', '2024-04-23 21:36:32', '2024-04-21 12:59:48', '2024-04-21 17:06:07', 14),
(193, 69, 'America/Chicago', '2024-04-21 18:01:00', 'America/Chicago', '2024-04-21 22:06:00', '4.08', NULL, NULL, NULL, NULL, 1, 43, NULL, NULL, 'Auto Clock Out', 1, NULL, '2024-04-21 22:01:37', '2024-04-22 21:07:52', '2024-04-21 13:01:00', '2024-04-21 17:06:00', 28),
(194, 61, 'America/Chicago', '2024-04-21 18:03:26', 'America/Chicago', '2024-04-21 22:04:58', '4.03', NULL, NULL, NULL, NULL, 1, 44, NULL, NULL, NULL, NULL, NULL, '2024-04-21 22:03:26', '2024-04-23 21:37:06', '2024-04-21 13:03:26', '2024-04-21 17:04:58', 14),
(195, 74, 'America/Chicago', '2024-04-21 18:05:29', 'America/Chicago', '2024-04-22 04:59:59', '10.91', NULL, NULL, NULL, NULL, 0, NULL, NULL, NULL, 'Auto Clock Out', 1, NULL, '2024-04-21 22:05:29', '2024-04-22 09:01:02', '2024-04-21 13:05:29', '2024-04-21 23:59:59', 29),
(196, 60, 'America/Chicago', '2024-04-21 18:06:33', 'America/Chicago', '2024-04-21 22:08:11', '4.03', NULL, NULL, NULL, NULL, 1, 44, NULL, NULL, 'Force Clock Out', NULL, NULL, '2024-04-21 22:06:33', '2024-04-23 21:37:20', '2024-04-21 13:06:33', '2024-04-21 17:08:11', 14),
(197, 77, 'America/Chicago', '2024-04-21 18:12:29', 'America/Chicago', '2024-04-21 22:04:56', '3.87', NULL, NULL, NULL, NULL, 0, NULL, NULL, NULL, NULL, NULL, NULL, '2024-04-21 22:12:29', '2024-04-22 02:04:56', '2024-04-21 13:12:29', '2024-04-21 17:04:56', 29),
(198, 43, 'America/Chicago', '2024-04-21 17:00:00', 'America/Chicago', '2024-04-21 22:00:00', '5', NULL, NULL, NULL, NULL, 1, 43, NULL, NULL, 'Auto Clock Out', 1, NULL, '2024-04-22 00:52:35', '2024-04-22 21:07:15', '2024-04-21 12:00:00', '2024-04-21 17:00:00', 28),
(199, 72, 'America/Chicago', '2024-04-21 21:30:00', 'America/Chicago', '2024-04-21 22:30:00', '1', NULL, NULL, NULL, NULL, 1, 43, NULL, NULL, NULL, NULL, NULL, '2024-04-22 01:30:56', '2024-04-22 21:06:13', '2024-04-21 16:30:00', '2024-04-21 17:30:00', 28),
(200, 73, 'America/Chicago', '2024-04-21 21:30:00', 'America/Chicago', '2024-04-21 22:00:00', '0.5', NULL, NULL, NULL, NULL, 1, 43, NULL, NULL, 'Auto Clock Out', 1, NULL, '2024-04-22 01:45:21', '2024-04-22 21:05:27', '2024-04-21 16:30:00', '2024-04-21 17:00:00', 28),
(201, 43, 'America/Chicago', '2024-04-22 17:02:00', 'America/Chicago', '2024-04-23 01:00:00', '7.97', NULL, NULL, NULL, NULL, 1, 43, NULL, NULL, 'Auto Clock Out', 1, NULL, '2024-04-22 21:02:03', '2024-04-24 01:35:47', '2024-04-22 12:02:00', '2024-04-22 20:00:00', 28),
(202, 74, 'America/Chicago', '2024-04-22 19:50:58', 'America/Chicago', '2024-04-22 19:51:12', '0.00', NULL, NULL, NULL, NULL, 0, NULL, NULL, NULL, NULL, NULL, NULL, '2024-04-22 23:50:58', '2024-04-22 23:51:12', '2024-04-22 14:50:58', '2024-04-22 14:51:12', 29),
(203, 74, 'America/Chicago', '2024-04-22 19:51:17', 'America/Chicago', '2024-04-23 04:59:59', '9.15', NULL, NULL, NULL, NULL, 0, NULL, NULL, NULL, 'Auto Clock Out', 1, NULL, '2024-04-22 23:51:17', '2024-04-23 09:01:03', '2024-04-22 14:51:17', '2024-04-22 23:59:59', 29),
(204, 79, 'America/Chicago', '2024-04-22 19:55:34', 'America/Chicago', '2024-04-23 04:59:59', '9.07', NULL, NULL, NULL, NULL, 0, NULL, NULL, NULL, 'Auto Clock Out', 1, NULL, '2024-04-22 23:55:34', '2024-04-23 09:01:03', '2024-04-22 14:55:34', '2024-04-22 23:59:59', 29),
(205, 78, 'America/Chicago', '2024-04-22 20:00:27', 'America/Chicago', '2024-04-23 04:59:59', '8.99', NULL, NULL, NULL, NULL, 0, NULL, NULL, NULL, 'Auto Clock Out', 1, NULL, '2024-04-23 00:00:27', '2024-04-23 09:01:03', '2024-04-22 15:00:27', '2024-04-22 23:59:59', 29),
(206, 63, 'America/Chicago', '2024-04-22 20:02:29', 'America/Chicago', '2024-04-23 00:16:52', '4.24', NULL, NULL, NULL, NULL, 1, 44, NULL, NULL, NULL, NULL, NULL, '2024-04-23 00:02:29', '2024-04-23 21:36:56', '2024-04-22 15:02:29', '2024-04-22 19:16:52', 14),
(207, 80, 'America/Chicago', '2024-04-22 20:08:22', 'America/Chicago', '2024-04-23 04:59:59', '8.86', NULL, NULL, NULL, NULL, 0, NULL, NULL, NULL, 'Auto Clock Out', 1, NULL, '2024-04-23 00:08:22', '2024-04-23 09:01:03', '2024-04-22 15:08:22', '2024-04-22 23:59:59', 29),
(208, 64, 'America/Chicago', '2024-04-22 20:09:24', 'America/Chicago', '2024-04-22 20:09:38', '0.00', NULL, NULL, NULL, NULL, 1, 44, NULL, NULL, NULL, NULL, NULL, '2024-04-23 00:09:24', '2024-04-23 21:35:42', '2024-04-22 15:09:24', '2024-04-22 15:09:38', 14),
(209, 64, 'America/Chicago', '2024-04-22 20:10:04', 'America/Chicago', '2024-04-23 00:22:55', '4.21', NULL, NULL, NULL, NULL, 1, 44, NULL, NULL, 'Force Clock Out', NULL, NULL, '2024-04-23 00:10:04', '2024-04-23 21:35:45', '2024-04-22 15:10:04', '2024-04-22 19:22:55', 14),
(210, 69, 'America/Chicago', '2024-04-22 20:24:52', 'America/Chicago', '2024-04-22 23:28:31', '3.06', NULL, NULL, NULL, NULL, 1, 43, NULL, NULL, NULL, NULL, NULL, '2024-04-23 00:24:52', '2024-04-23 04:22:00', '2024-04-22 15:24:52', '2024-04-22 18:28:31', 28),
(211, 70, 'America/Chicago', '2024-04-22 20:57:09', 'America/Chicago', '2024-04-23 00:09:38', '3.21', NULL, NULL, NULL, NULL, 1, 43, NULL, NULL, NULL, NULL, NULL, '2024-04-23 00:57:09', '2024-04-23 04:31:04', '2024-04-22 15:57:09', '2024-04-22 19:09:38', 28),
(212, 67, 'America/Chicago', '2024-04-22 22:31:26', 'America/Chicago', '2024-04-23 00:22:53', '1.86', NULL, NULL, NULL, NULL, 1, 44, NULL, NULL, 'Force Clock Out', NULL, NULL, '2024-04-23 02:31:26', '2024-04-23 21:36:36', '2024-04-22 17:31:26', '2024-04-22 19:22:53', 14),
(213, 71, 'America/Chicago', '2024-04-22 21:30:00', 'America/Chicago', '2024-04-23 01:00:00', '3.5', NULL, NULL, NULL, NULL, 1, 43, NULL, NULL, 'Auto Clock Out', 1, NULL, '2024-04-23 04:36:49', '2024-04-24 01:35:29', '2024-04-22 16:30:00', '2024-04-22 20:00:00', 28),
(214, 44, 'America/Chicago', '2024-04-23 17:35:26', 'America/Chicago', '2024-04-24 00:43:08', '7.13', NULL, NULL, NULL, NULL, 0, NULL, NULL, NULL, 'Force Clock Out', NULL, NULL, '2024-04-23 21:35:26', '2024-04-24 04:43:08', '2024-04-23 12:35:26', '2024-04-23 19:43:08', 14),
(215, 59, 'America/Chicago', '2024-04-23 19:49:31', 'America/Chicago', '2024-04-23 23:14:29', '3.42', NULL, NULL, NULL, NULL, 0, NULL, NULL, NULL, NULL, NULL, NULL, '2024-04-23 23:49:31', '2024-04-24 03:14:29', '2024-04-23 14:49:31', '2024-04-23 18:14:29', 14),
(216, 41, 'America/Chicago', '2024-04-23 19:49:32', 'America/Chicago', '2024-04-24 04:59:59', '9.17', NULL, NULL, NULL, NULL, 0, NULL, NULL, NULL, 'Auto Clock Out', 1, NULL, '2024-04-23 23:49:32', '2024-04-24 09:01:02', '2024-04-23 14:49:32', '2024-04-23 23:59:59', 30),
(217, 78, 'America/Chicago', '2024-04-23 20:02:52', 'America/Chicago', '2024-04-23 22:58:48', '2.93', NULL, NULL, NULL, NULL, 0, NULL, NULL, NULL, NULL, NULL, NULL, '2024-04-24 00:02:52', '2024-04-24 02:58:48', '2024-04-23 15:02:52', '2024-04-23 17:58:48', 29),
(218, 63, 'America/Chicago', '2024-04-23 20:02:53', 'America/Chicago', '2024-04-24 00:11:49', '4.15', NULL, NULL, NULL, NULL, 0, NULL, NULL, NULL, NULL, NULL, NULL, '2024-04-24 00:02:53', '2024-04-24 04:11:49', '2024-04-23 15:02:53', '2024-04-23 19:11:49', 14),
(219, 76, 'America/Chicago', '2024-04-23 20:03:16', 'America/Chicago', '2024-04-24 04:59:59', '8.95', NULL, NULL, NULL, NULL, 0, NULL, NULL, NULL, 'Auto Clock Out', 1, NULL, '2024-04-24 00:03:16', '2024-04-24 09:01:03', '2024-04-23 15:03:16', '2024-04-23 23:59:59', 29),
(220, 68, 'America/Chicago', '2024-04-23 20:17:20', 'America/Chicago', '2024-04-23 23:56:34', '3.65', NULL, NULL, NULL, NULL, 1, 43, NULL, NULL, NULL, NULL, NULL, '2024-04-24 00:17:20', '2024-04-24 04:36:29', '2024-04-23 15:17:20', '2024-04-23 18:56:34', 28),
(221, 69, 'America/Chicago', '2024-04-23 20:31:16', 'America/Chicago', '2024-04-23 21:48:59', '1.30', NULL, NULL, NULL, NULL, 1, 43, NULL, NULL, NULL, NULL, NULL, '2024-04-24 00:31:16', '2024-04-24 02:16:52', '2024-04-23 15:31:16', '2024-04-23 16:48:59', 28),
(222, 70, 'America/Chicago', '2024-04-23 20:59:46', 'America/Chicago', '2024-04-23 22:37:47', '1.63', NULL, NULL, NULL, NULL, 1, 43, NULL, NULL, NULL, NULL, NULL, '2024-04-24 00:59:46', '2024-04-24 03:27:36', '2024-04-23 15:59:46', '2024-04-23 17:37:47', 28),
(223, 64, 'America/Chicago', '2024-04-23 21:06:14', 'America/Chicago', '2024-04-23 22:41:40', '1.59', NULL, NULL, NULL, NULL, 0, NULL, NULL, NULL, 'Force Clock Out', NULL, NULL, '2024-04-24 01:06:14', '2024-04-24 02:41:40', '2024-04-23 16:06:14', '2024-04-23 17:41:40', 14),
(224, 43, 'America/Chicago', '2024-04-23 17:00:00', 'America/Chicago', '2024-04-24 01:00:00', '8', NULL, NULL, NULL, NULL, 1, 43, NULL, NULL, 'Auto Clock Out', 1, NULL, '2024-04-24 01:33:57', '2024-04-24 23:03:51', '2024-04-23 12:00:00', '2024-04-23 20:00:00', 28),
(225, 72, 'America/Chicago', '2024-04-23 21:38:19', 'America/Chicago', '2024-04-24 01:02:11', '3.40', NULL, NULL, NULL, NULL, 1, 43, NULL, NULL, NULL, NULL, NULL, '2024-04-24 01:38:19', '2024-04-24 23:03:20', '2024-04-23 16:38:19', '2024-04-23 20:02:11', 28),
(226, 79, 'America/Chicago', '2024-04-23 23:37:24', 'America/Chicago', '2024-04-24 04:59:59', '5.38', NULL, NULL, NULL, NULL, 0, NULL, NULL, NULL, 'Auto Clock Out', 1, NULL, '2024-04-24 03:37:24', '2024-04-24 09:01:03', '2024-04-23 18:37:24', '2024-04-23 23:59:59', 29),
(227, 17, 'America/Chicago', '2024-04-23 23:45:55', 'America/Chicago', '2024-04-24 04:59:59', '5.23', NULL, NULL, NULL, NULL, 0, NULL, NULL, NULL, 'Auto Clock Out', 1, NULL, '2024-04-24 03:45:55', '2024-04-24 09:01:04', '2024-04-23 18:45:55', '2024-04-23 23:59:59', 40),
(228, 62, 'America/Chicago', '2024-04-24 00:14:58', 'America/Chicago', '2024-04-24 00:39:09', '0.40', NULL, NULL, NULL, NULL, 0, NULL, NULL, NULL, NULL, NULL, NULL, '2024-04-24 04:14:58', '2024-04-24 04:39:09', '2024-04-23 19:14:58', '2024-04-23 19:39:09', 14),
(229, 43, 'America/Chicago', '2024-04-24 17:08:55', 'America/Chicago', '2024-04-25 00:36:02', '7.45', NULL, NULL, NULL, NULL, 1, 43, NULL, NULL, NULL, NULL, NULL, '2024-04-24 21:08:55', '2024-04-25 04:37:22', '2024-04-24 12:08:55', '2024-04-24 19:36:02', 28),
(230, 41, 'America/Chicago', '2024-04-24 17:37:51', 'America/Chicago', '2024-04-25 00:44:54', '7.12', NULL, NULL, NULL, NULL, 0, NULL, NULL, NULL, NULL, NULL, NULL, '2024-04-24 21:37:51', '2024-04-25 04:44:54', '2024-04-24 12:37:51', '2024-04-24 19:44:54', 30),
(231, 59, 'America/Chicago', '2024-04-24 19:51:30', 'America/Chicago', '2024-04-24 23:38:19', '3.78', NULL, NULL, NULL, NULL, 0, NULL, NULL, NULL, NULL, NULL, NULL, '2024-04-24 23:51:30', '2024-04-25 03:38:19', '2024-04-24 14:51:30', '2024-04-24 18:38:19', 14),
(232, 81, 'America/Chicago', '2024-04-24 19:58:04', 'America/Chicago', '2024-04-24 23:41:56', '3.73', NULL, NULL, NULL, NULL, 0, NULL, NULL, NULL, NULL, NULL, NULL, '2024-04-24 23:58:04', '2024-04-25 03:41:56', '2024-04-24 14:58:04', '2024-04-24 18:41:56', 29),
(233, 80, 'America/Chicago', '2024-04-24 19:58:38', 'America/Chicago', '2024-04-25 04:59:59', '9.02', NULL, NULL, NULL, NULL, 0, NULL, NULL, NULL, 'Auto Clock Out', 1, NULL, '2024-04-24 23:58:38', '2024-04-25 09:01:03', '2024-04-24 14:58:38', '2024-04-24 23:59:59', 29),
(234, 63, 'America/Chicago', '2024-04-24 20:08:47', 'America/Chicago', '2024-04-24 23:48:37', '3.66', NULL, NULL, NULL, NULL, 0, NULL, NULL, NULL, NULL, NULL, NULL, '2024-04-25 00:08:47', '2024-04-25 03:48:37', '2024-04-24 15:08:47', '2024-04-24 18:48:37', 14),
(235, 68, 'America/Chicago', '2024-04-24 20:13:58', 'America/Chicago', '2024-04-24 23:30:24', '3.27', NULL, NULL, NULL, NULL, 1, 43, NULL, NULL, NULL, NULL, NULL, '2024-04-25 00:13:58', '2024-04-25 04:07:13', '2024-04-24 15:13:58', '2024-04-24 18:30:24', 28),
(236, 72, 'America/Chicago', '2024-04-24 20:34:45', 'America/Chicago', '2024-04-24 22:42:38', '2.13', NULL, NULL, NULL, NULL, 1, 43, NULL, NULL, NULL, NULL, NULL, '2024-04-25 00:34:45', '2024-04-25 03:15:44', '2024-04-24 15:34:45', '2024-04-24 17:42:38', 28),
(237, 70, 'America/Chicago', '2024-04-24 20:59:11', 'America/Chicago', '2024-04-25 00:10:40', '3.19', NULL, NULL, NULL, NULL, 1, 43, NULL, NULL, NULL, NULL, NULL, '2024-04-25 00:59:11', '2024-04-25 04:36:12', '2024-04-24 15:59:11', '2024-04-24 19:10:40', 28),
(238, 67, 'America/Chicago', '2024-04-24 22:30:28', 'America/Chicago', '2024-04-25 00:36:40', '2.10', NULL, NULL, NULL, NULL, 0, NULL, NULL, NULL, NULL, NULL, NULL, '2024-04-25 02:30:28', '2024-04-25 04:36:40', '2024-04-24 17:30:28', '2024-04-24 19:36:40', 14),
(239, 73, 'America/Chicago', '2024-04-24 23:17:22', 'America/Chicago', '2024-04-25 00:36:21', '1.32', NULL, NULL, NULL, NULL, 1, 43, NULL, NULL, 'Force Clock Out', NULL, NULL, '2024-04-25 03:17:22', '2024-04-25 04:36:25', '2024-04-24 18:17:22', '2024-04-24 19:36:21', 28),
(240, 1, 'America/Chicago', '2024-04-25 12:39:40', 'America/Chicago', '2024-04-25 12:41:58', '0.04', NULL, NULL, NULL, NULL, 0, NULL, NULL, '', NULL, NULL, NULL, '2024-04-25 16:39:40', '2024-04-25 16:41:58', '2024-04-25 07:39:40', '2024-04-25 07:41:58', 14),
(241, 1, 'America/Chicago', '2024-04-25 12:42:04', 'America/Chicago', '2024-04-25 12:42:10', '0.00', NULL, NULL, NULL, NULL, 0, NULL, '', '', NULL, NULL, NULL, '2024-04-25 16:42:04', '2024-04-25 16:42:10', '2024-04-25 07:42:04', '2024-04-25 07:42:10', NULL),
(242, 1, 'America/Chicago', '2024-04-25 12:50:03', 'America/Chicago', '2024-04-25 12:50:09', '0.00', NULL, NULL, NULL, NULL, 0, NULL, '', '', NULL, NULL, NULL, '2024-04-25 16:50:03', '2024-04-25 16:50:09', '2024-04-25 07:50:03', '2024-04-25 07:50:09', 28),
(243, 15, 'America/Chicago', '2024-04-25 12:52:08', 'America/Chicago', '2024-04-25 18:47:07', '5.92', NULL, NULL, NULL, NULL, 0, NULL, '', NULL, 'Force Clock Out', NULL, NULL, '2024-04-25 16:52:08', '2024-04-25 22:47:07', '2024-04-25 07:52:08', '2024-04-25 13:47:07', 30),
(244, 84, 'America/Chicago', '2024-04-25 16:19:28', 'America/Chicago', '2024-04-26 02:08:35', '9.82', NULL, NULL, NULL, NULL, 0, NULL, '', NULL, 'Force Clock Out', NULL, NULL, '2024-04-25 20:19:28', '2024-04-26 06:08:35', '2024-04-25 11:19:28', '2024-04-25 21:08:35', 40),
(245, 43, 'America/Chicago', '2024-04-25 16:45:30', 'America/Chicago', '2024-04-26 00:41:37', '7.94', NULL, NULL, NULL, NULL, 1, 43, '', '', NULL, NULL, NULL, '2024-04-25 20:45:30', '2024-04-26 04:43:30', '2024-04-25 11:45:30', '2024-04-25 19:41:37', 28),
(246, 41, 'America/Chicago', '2024-04-25 16:56:02', 'America/Chicago', '2024-04-26 00:51:08', '7.92', NULL, NULL, NULL, NULL, 0, NULL, 'christyanderson226@gmail.com', 'christyanderson226@gmail.com', NULL, NULL, NULL, '2024-04-25 20:56:02', '2024-04-26 04:51:08', '2024-04-25 11:56:02', '2024-04-25 19:51:08', 30),
(247, 44, 'America/Chicago', '2024-04-25 17:43:11', 'America/Chicago', '2024-04-26 00:37:16', '6.90', NULL, NULL, NULL, NULL, 0, NULL, '', '', NULL, NULL, NULL, '2024-04-25 21:43:11', '2024-04-26 04:37:16', '2024-04-25 12:43:11', '2024-04-25 19:37:16', 14),
(248, 59, 'America/Chicago', '2024-04-25 20:04:31', 'America/Chicago', '2024-04-25 23:05:51', '3.02', NULL, NULL, NULL, NULL, 0, NULL, '', NULL, 'Force Clock Out', NULL, NULL, '2024-04-26 00:04:31', '2024-04-26 03:05:51', '2024-04-25 15:04:31', '2024-04-25 18:05:51', 14),
(249, 69, 'America/Chicago', '2024-04-25 16:25:00', 'America/Chicago', '2024-04-26 00:45:00', '8.33', NULL, NULL, NULL, NULL, 1, 43, '', '', NULL, NULL, NULL, '2024-04-26 00:22:51', '2024-04-26 04:42:15', '2024-04-25 11:25:00', '2024-04-25 19:45:00', 28),
(250, 60, 'America/Chicago', '2024-04-25 20:00:00', 'America/Chicago', '2024-04-25 23:30:00', '3.5', NULL, NULL, NULL, NULL, 0, NULL, '', NULL, 'Force Clock Out', NULL, NULL, '2024-04-26 01:11:03', '2024-04-26 03:31:45', '2024-04-25 15:00:00', '2024-04-25 18:30:00', 14),
(251, 66, 'America/Chicago', '2024-04-24 22:33:00', 'America/Chicago', '2024-04-25 00:35:00', '2.03', NULL, NULL, NULL, NULL, 1, 44, '', '', NULL, NULL, NULL, '2024-04-26 01:22:31', '2024-04-26 01:23:58', '2024-04-24 17:33:00', '2024-04-24 19:35:00', 14),
(252, 73, 'America/Chicago', '2024-04-25 21:15:00', 'America/Chicago', '2024-04-26 00:42:00', '3.45', NULL, NULL, NULL, NULL, 1, 43, '', NULL, 'Force Clock Out', NULL, NULL, '2024-04-26 01:28:19', '2024-04-26 04:43:20', '2024-04-25 16:15:00', '2024-04-25 19:42:00', 28),
(253, 71, 'America/Chicago', '2024-04-25 21:44:51', 'America/Chicago', '2024-04-25 23:38:04', '1.89', NULL, NULL, NULL, NULL, 1, 43, '', '', NULL, NULL, NULL, '2024-04-26 01:44:51', '2024-04-26 04:42:40', '2024-04-25 16:44:51', '2024-04-25 18:38:04', 28),
(254, 62, 'America/Chicago', '2024-04-25 22:17:27', 'America/Chicago', '2024-04-25 23:52:25', '1.58', NULL, NULL, NULL, NULL, 0, NULL, 'keira.d.woolley@icloud.com', NULL, 'Force Clock Out', NULL, NULL, '2024-04-26 02:17:27', '2024-04-26 03:52:25', '2024-04-25 17:17:27', '2024-04-25 18:52:25', 14),
(255, 67, 'America/Chicago', '2024-04-25 22:29:15', 'America/Chicago', '2024-04-26 00:36:23', '2.12', NULL, NULL, NULL, NULL, 0, NULL, '', '', NULL, NULL, NULL, '2024-04-26 02:29:15', '2024-04-26 04:36:23', '2024-04-25 17:29:15', '2024-04-25 19:36:23', 14);

-- --------------------------------------------------------

--
-- Table structure for table `time_entry_edits`
--

CREATE TABLE `time_entry_edits` (
  `id` int NOT NULL,
  `time_entry_id` int NOT NULL,
  `edit_type` varchar(20) CHARACTER SET utf8mb3 COLLATE utf8mb3_unicode_ci DEFAULT NULL,
  `original_clock_in_local_time` datetime DEFAULT NULL,
  `original_clock_out_local_time` datetime DEFAULT NULL,
  `edited_clock_in_local_time` datetime DEFAULT NULL,
  `edited_clock_out_local_time` datetime DEFAULT NULL,
  `editor_id` int NOT NULL,
  `edit_notes` text COLLATE utf8mb3_unicode_ci NOT NULL,
  `created_at` timestamp NULL DEFAULT CURRENT_TIMESTAMP
) ENGINE=InnoDB DEFAULT CHARSET=utf8mb3 COLLATE=utf8mb3_unicode_ci;

--
-- Dumping data for table `time_entry_edits`
--

INSERT INTO `time_entry_edits` (`id`, `time_entry_id`, `edit_type`, `original_clock_in_local_time`, `original_clock_out_local_time`, `edited_clock_in_local_time`, `edited_clock_out_local_time`, `editor_id`, `edit_notes`, `created_at`) VALUES
(84, 118, 'Manual Edit', '2024-04-14 12:29:16', '2024-04-14 12:29:34', '2024-04-14 12:29:00', '2024-04-14 12:29:00', 44, 'clock in', '2024-04-14 21:30:17'),
(85, 118, 'Manual Edit', '2024-04-14 12:29:00', '2024-04-14 12:29:00', '2024-04-14 12:29:00', '2024-04-14 12:29:00', 44, 'clock in', '2024-04-14 21:30:18'),
(86, 118, 'approve', NULL, NULL, NULL, NULL, 44, 'Time Approved', '2024-04-14 21:30:23'),
(87, 121, 'Force Clock Out', NULL, NULL, NULL, NULL, 44, 'Force Clock Out', '2024-04-15 01:20:44'),
(88, 123, 'approve', NULL, NULL, NULL, NULL, 43, 'Time Approved', '2024-04-15 20:38:57'),
(89, 120, 'Manual Edit', '2024-04-14 13:39:50', '2024-04-14 23:59:59', '2024-04-14 13:39:00', '2024-04-14 17:15:00', 44, 'fixed time', '2024-04-15 21:28:32'),
(90, 120, 'approve', NULL, NULL, NULL, NULL, 44, 'Time Approved', '2024-04-15 21:28:47'),
(91, 122, 'Manual Edit', '2024-04-14 14:26:19', '2024-04-14 23:59:59', '2024-04-14 14:26:00', '2024-04-14 17:00:00', 44, 'fixed time', '2024-04-15 21:29:21'),
(92, 122, 'approve', NULL, NULL, NULL, NULL, 44, 'Time Approved', '2024-04-15 21:29:24'),
(93, 119, 'approve', NULL, NULL, NULL, NULL, 44, 'Time Approved', '2024-04-15 21:29:46'),
(94, 129, 'Manual Edit', '2024-04-15 15:37:07', '2024-04-15 17:46:48', '2024-04-15 15:37:00', '2024-04-15 17:30:00', 43, 'Left early because of low student attendance', '2024-04-16 02:47:04'),
(95, 129, 'approve', NULL, NULL, NULL, NULL, 43, 'Time Approved', '2024-04-16 02:48:14'),
(97, 129, 'Force Clock Out', NULL, NULL, NULL, NULL, 43, 'Force Clock Out', '2024-04-16 02:55:46'),
(102, 128, 'approve', NULL, NULL, NULL, NULL, 44, 'Time Approved', '2024-04-16 03:51:55'),
(103, 126, 'approve', NULL, NULL, NULL, NULL, 44, 'Time Approved', '2024-04-16 04:11:01'),
(115, 125, 'Manual Edit', '2024-04-15 12:27:48', '2024-04-15 23:59:59', '2024-04-15 12:27:00', '2024-04-15 19:17:00', 44, 'Fixed Time', '2024-04-16 22:29:23'),
(116, 125, 'approve', NULL, NULL, NULL, NULL, 44, 'Time Approved', '2024-04-16 22:29:27'),
(117, 133, 'Manual Edit', '2024-04-15 18:28:38', '2024-04-15 19:17:01', '2024-04-15 17:30:00', '2024-04-15 19:17:00', 44, 'Fixed Clock in Time', '2024-04-16 22:29:58'),
(118, 133, 'approve', NULL, NULL, NULL, NULL, 44, 'Time Approved', '2024-04-16 22:30:01'),
(119, 127, 'Manual Edit', '2024-04-15 15:14:44', '2024-04-15 23:59:59', '2024-04-15 15:14:00', '2024-04-15 20:00:00', 43, 'closing!!!!', '2024-04-17 01:25:55'),
(120, 127, 'approve', NULL, NULL, NULL, NULL, 43, 'Time Approved', '2024-04-17 01:26:05'),
(121, 131, 'Manual Edit', '2024-04-15 16:03:17', '2024-04-15 23:59:59', '2024-04-15 16:03:00', '2024-04-15 19:00:00', 43, 'she left!!!!!!!!!!', '2024-04-17 01:26:27'),
(122, 131, 'approve', NULL, NULL, NULL, NULL, 43, 'Time Approved', '2024-04-17 01:26:31'),
(123, 132, 'Manual Edit', '2024-04-15 16:31:46', '2024-04-15 23:59:59', '2024-04-15 16:31:00', '2024-04-15 19:45:00', 43, 'CLOSING!!!!!!!!!!!', '2024-04-17 01:27:18'),
(124, 132, 'approve', NULL, NULL, NULL, NULL, 43, 'Time Approved', '2024-04-17 01:27:20'),
(125, 150, 'Force Clock Out', NULL, NULL, NULL, NULL, 44, 'Force Clock Out', '2024-04-17 03:58:53'),
(126, 149, 'Force Clock Out', NULL, NULL, NULL, NULL, 44, 'Force Clock Out', '2024-04-17 03:59:10'),
(127, 143, 'Force Clock Out', NULL, NULL, NULL, NULL, 44, 'Force Clock Out', '2024-04-17 03:59:22'),
(128, 152, 'Manual Edit', '2024-04-16 19:07:52', '2024-04-16 19:08:03', '2024-04-16 17:30:00', '2024-04-16 19:08:00', 44, 'Fixed Clock In', '2024-04-17 04:08:38'),
(129, 152, 'approve', NULL, NULL, NULL, NULL, 44, 'Time Approved', '2024-04-17 04:08:40'),
(130, 144, 'Force Clock Out', NULL, NULL, NULL, NULL, 44, 'Force Clock Out', '2024-04-17 04:09:47'),
(131, 148, 'Manual Edit', '2024-04-16 16:36:44', '2024-04-16 23:59:59', '2024-04-16 16:36:00', '2024-04-16 20:00:00', 43, 'closing!!!!', '2024-04-18 00:29:48'),
(132, 148, 'Manual Edit', '2024-04-16 16:36:00', '2024-04-16 20:00:00', '2024-04-16 16:36:00', '2024-04-16 19:43:00', 43, 'closing!!!!', '2024-04-18 00:29:59'),
(133, 148, 'approve', NULL, NULL, NULL, NULL, 43, 'Time Approved', '2024-04-18 00:30:03'),
(134, 147, 'Manual Edit', '2024-04-16 15:57:35', '2024-04-16 23:59:59', '2024-04-16 15:57:00', '2024-04-16 19:15:00', 43, 'end of shift', '2024-04-18 00:30:32'),
(135, 147, 'approve', NULL, NULL, NULL, NULL, 43, 'Time Approved', '2024-04-18 00:30:34'),
(136, 145, 'Manual Edit', '2024-04-16 15:19:38', '2024-04-16 23:59:59', '2024-04-16 15:19:00', '2024-04-16 17:34:00', 43, 'Left early', '2024-04-18 00:31:11'),
(137, 145, 'approve', NULL, NULL, NULL, NULL, 43, 'Time Approved', '2024-04-18 00:31:14'),
(138, 146, 'Manual Edit', '2024-04-16 15:28:22', '2024-04-16 23:59:59', '2024-04-16 15:28:00', '2024-04-16 17:00:00', 43, 'end of shift', '2024-04-18 00:31:44'),
(139, 146, 'approve', NULL, NULL, NULL, NULL, 43, 'Time Approved', '2024-04-18 00:31:47'),
(140, 124, 'Manual Edit', '2024-04-15 09:39:00', '2024-04-15 09:39:00', '2024-04-15 12:00:00', '2024-04-15 19:45:00', 43, 'closing!!!!', '2024-04-18 00:32:28'),
(141, 124, 'approve', NULL, NULL, NULL, NULL, 43, 'Time Approved', '2024-04-18 00:32:30'),
(142, 159, 'Manual Edit', '2024-04-17 15:56:18', '2024-04-17 18:50:06', '2024-04-17 15:56:00', '2024-04-17 18:50:00', 43, 'end of shift', '2024-04-18 04:22:35'),
(143, 159, 'approve', NULL, NULL, NULL, NULL, 43, 'Time Approved', '2024-04-18 04:22:38'),
(144, 158, 'approve', NULL, NULL, NULL, NULL, 43, 'Time Approved', '2024-04-18 04:23:03'),
(152, 161, 'approve', NULL, NULL, NULL, NULL, 44, 'Time Approved', '2024-04-18 21:01:16'),
(153, 142, 'Manual Edit', '2024-04-16 12:05:22', '2024-04-16 23:59:59', '2024-04-16 12:05:00', '2024-04-16 19:18:00', 44, 'fixed time', '2024-04-18 21:01:53'),
(154, 142, 'approve', NULL, NULL, NULL, NULL, 44, 'Time Approved', '2024-04-18 21:02:03'),
(155, 157, 'approve', NULL, NULL, NULL, NULL, 44, 'Time Approved', '2024-04-18 21:02:15'),
(156, 156, 'approve', NULL, NULL, NULL, NULL, 44, 'Time Approved', '2024-04-18 21:02:33'),
(157, 174, 'Force Clock Out', NULL, NULL, NULL, NULL, 1, 'Force Clock Out', '2024-04-18 22:13:35'),
(158, 173, 'Force Clock Out', NULL, NULL, NULL, NULL, 1, 'Force Clock Out', '2024-04-18 22:14:36'),
(159, 160, 'Manual Edit', '2024-04-17 16:32:51', '2024-04-17 23:59:59', '2024-04-17 16:32:00', '2024-04-17 20:00:00', 43, 'closing!!!!', '2024-04-19 00:22:13'),
(160, 185, 'Force Clock Out', NULL, NULL, NULL, NULL, 44, 'Force Clock Out', '2024-04-19 04:40:16'),
(161, 183, 'Force Clock Out', NULL, NULL, NULL, NULL, 44, 'Force Clock Out', '2024-04-19 04:45:52'),
(162, 186, 'Force Clock Out', NULL, NULL, NULL, NULL, 44, 'Force Clock Out', '2024-04-19 04:45:58'),
(163, 169, 'Force Clock Out', NULL, NULL, NULL, NULL, 44, 'Force Clock Out', '2024-04-19 04:46:01'),
(164, 181, 'Force Clock Out', NULL, NULL, NULL, NULL, 74, 'Force Clock Out', '2024-04-19 05:23:22'),
(165, 176, 'Force Clock Out', NULL, NULL, NULL, NULL, 74, 'Force Clock Out', '2024-04-19 05:23:42'),
(166, 182, 'Manual Edit', '2024-04-18 16:33:49', '2024-04-18 23:59:59', '2024-04-18 16:33:00', '2024-04-18 19:15:00', 43, 'end of shift', '2024-04-20 04:12:03'),
(167, 182, 'approve', NULL, NULL, NULL, NULL, 43, 'Time Approved', '2024-04-20 04:12:07'),
(168, 179, 'approve', NULL, NULL, NULL, NULL, 43, 'Time Approved', '2024-04-20 04:15:11'),
(169, 180, 'Manual Edit', '2024-04-18 15:22:36', '2024-04-18 23:59:59', '2024-04-18 11:45:00', '2024-04-18 19:45:00', 43, 'closing!!!!', '2024-04-20 04:15:43'),
(170, 180, 'approve', NULL, NULL, NULL, NULL, 43, 'Time Approved', '2024-04-20 04:15:45'),
(171, 188, 'Manual Edit', '2024-04-19 19:16:04', '2024-04-19 20:29:58', '2024-04-19 16:16:00', '2024-04-19 20:29:00', 43, 'closing!!!!', '2024-04-20 05:30:19'),
(172, 188, 'approve', NULL, NULL, NULL, NULL, 43, 'Time Approved', '2024-04-20 05:30:21'),
(173, 160, 'approve', NULL, NULL, NULL, NULL, 43, 'Time Approved', '2024-04-20 05:30:29'),
(174, 169, 'approve', NULL, NULL, NULL, NULL, 44, 'Time Approved', '2024-04-21 21:56:53'),
(175, 184, 'approve', NULL, NULL, NULL, NULL, 44, 'Time Approved', '2024-04-21 21:57:17'),
(176, 185, 'approve', NULL, NULL, NULL, NULL, 44, 'Time Approved', '2024-04-21 21:57:21'),
(177, 178, 'approve', NULL, NULL, NULL, NULL, 44, 'Time Approved', '2024-04-21 21:57:45'),
(178, 187, 'approve', NULL, NULL, NULL, NULL, 44, 'Time Approved', '2024-04-21 21:57:47'),
(179, 183, 'approve', NULL, NULL, NULL, NULL, 44, 'Time Approved', '2024-04-21 21:57:55'),
(180, 175, 'approve', NULL, NULL, NULL, NULL, 44, 'Time Approved', '2024-04-21 21:58:11'),
(181, 177, 'approve', NULL, NULL, NULL, NULL, 44, 'Time Approved', '2024-04-21 21:58:13'),
(182, 186, 'approve', NULL, NULL, NULL, NULL, 44, 'Time Approved', '2024-04-21 21:59:38'),
(183, 196, 'Force Clock Out', NULL, NULL, NULL, NULL, 44, 'Force Clock Out', '2024-04-22 02:08:11'),
(184, 190, 'Force Clock Out', NULL, NULL, NULL, NULL, 44, 'Force Clock Out', '2024-04-22 02:08:36'),
(185, 198, 'Manual Edit', '2024-04-21 15:52:35', '2024-04-21 23:59:59', '2024-04-21 15:52:00', '2024-04-21 17:00:00', 43, 'closing!!!!', '2024-04-22 21:04:07'),
(186, 200, 'Manual Edit', '2024-04-21 16:45:21', '2024-04-21 23:59:59', '2024-04-21 16:30:00', '2024-04-21 17:00:00', 43, 'Staff Meeting', '2024-04-22 21:05:24'),
(187, 200, 'approve', NULL, NULL, NULL, NULL, 43, 'Time Approved', '2024-04-22 21:05:27'),
(188, 199, 'Manual Edit', '2024-04-21 16:30:56', '2024-04-21 16:45:21', '2024-04-21 16:30:00', '2024-04-21 17:30:00', 43, 'staff meeting', '2024-04-22 21:06:10'),
(189, 199, 'approve', NULL, NULL, NULL, NULL, 43, 'Time Approved', '2024-04-22 21:06:13'),
(190, 189, 'approve', NULL, NULL, NULL, NULL, 43, 'Time Approved', '2024-04-22 21:06:31'),
(191, 198, 'Manual Edit', '2024-04-21 15:52:00', '2024-04-21 17:00:00', '2024-04-21 12:00:00', '2024-04-21 17:00:00', 43, 'closing!!!!', '2024-04-22 21:07:10'),
(192, 198, 'approve', NULL, NULL, NULL, NULL, 43, 'Time Approved', '2024-04-22 21:07:15'),
(193, 193, 'Manual Edit', '2024-04-21 13:01:37', '2024-04-21 23:59:59', '2024-04-21 13:01:00', '2024-04-21 17:06:00', 43, 'closing!!!!', '2024-04-22 21:07:49'),
(194, 193, 'approve', NULL, NULL, NULL, NULL, 43, 'Time Approved', '2024-04-22 21:07:52'),
(195, 210, 'approve', NULL, NULL, NULL, NULL, 43, 'Time Approved', '2024-04-23 04:22:00'),
(196, 212, 'Force Clock Out', NULL, NULL, NULL, NULL, 44, 'Force Clock Out', '2024-04-23 04:22:53'),
(197, 209, 'Force Clock Out', NULL, NULL, NULL, NULL, 44, 'Force Clock Out', '2024-04-23 04:22:55'),
(198, 211, 'approve', NULL, NULL, NULL, NULL, 43, 'Time Approved', '2024-04-23 04:31:04'),
(199, 208, 'approve', NULL, NULL, NULL, NULL, 44, 'Time Approved', '2024-04-23 21:35:42'),
(200, 209, 'approve', NULL, NULL, NULL, NULL, 44, 'Time Approved', '2024-04-23 21:35:45'),
(201, 190, 'approve', NULL, NULL, NULL, NULL, 44, 'Time Approved', '2024-04-23 21:36:09'),
(202, 192, 'approve', NULL, NULL, NULL, NULL, 44, 'Time Approved', '2024-04-23 21:36:32'),
(203, 212, 'approve', NULL, NULL, NULL, NULL, 44, 'Time Approved', '2024-04-23 21:36:36'),
(204, 206, 'approve', NULL, NULL, NULL, NULL, 44, 'Time Approved', '2024-04-23 21:36:56'),
(205, 194, 'approve', NULL, NULL, NULL, NULL, 44, 'Time Approved', '2024-04-23 21:37:06'),
(206, 196, 'approve', NULL, NULL, NULL, NULL, 44, 'Time Approved', '2024-04-23 21:37:20'),
(207, 213, 'Manual Edit', '2024-04-22 19:36:49', '2024-04-22 23:59:59', '2024-04-22 16:30:00', '2024-04-22 20:00:00', 43, 'closing!!!!', '2024-04-24 01:35:26'),
(208, 213, 'approve', NULL, NULL, NULL, NULL, 43, 'Time Approved', '2024-04-24 01:35:29'),
(209, 201, 'Manual Edit', '2024-04-22 12:02:03', '2024-04-22 23:59:59', '2024-04-22 12:02:00', '2024-04-22 20:00:00', 43, 'closing!!!!', '2024-04-24 01:35:46'),
(210, 201, 'approve', NULL, NULL, NULL, NULL, 43, 'Time Approved', '2024-04-24 01:35:47'),
(211, 221, 'approve', NULL, NULL, NULL, NULL, 43, 'Time Approved', '2024-04-24 02:16:52'),
(212, 223, 'Force Clock Out', NULL, NULL, NULL, NULL, 44, 'Force Clock Out', '2024-04-24 02:41:40'),
(213, 222, 'approve', NULL, NULL, NULL, NULL, 43, 'Time Approved', '2024-04-24 03:27:36'),
(214, 220, 'approve', NULL, NULL, NULL, NULL, 43, 'Time Approved', '2024-04-24 04:36:29'),
(215, 214, 'Force Clock Out', NULL, NULL, NULL, NULL, 44, 'Force Clock Out', '2024-04-24 04:43:08'),
(216, 225, 'approve', NULL, NULL, NULL, NULL, 43, 'Time Approved', '2024-04-24 23:03:20'),
(217, 224, 'Manual Edit', '2024-04-23 16:33:57', '2024-04-23 23:59:59', '2024-04-23 16:33:00', '2024-04-23 20:00:00', 43, 'closing!!!!', '2024-04-24 23:03:38'),
(218, 224, 'Manual Edit', '2024-04-23 16:33:00', '2024-04-23 20:00:00', '2024-04-23 12:00:00', '2024-04-23 20:00:00', 43, 'closing!!!!', '2024-04-24 23:03:48'),
(219, 224, 'approve', NULL, NULL, NULL, NULL, 43, 'Time Approved', '2024-04-24 23:03:51'),
(220, 236, 'approve', NULL, NULL, NULL, NULL, 43, 'Time Approved', '2024-04-25 03:15:44'),
(221, 235, 'approve', NULL, NULL, NULL, NULL, 43, 'Time Approved', '2024-04-25 04:07:13'),
(222, 237, 'approve', NULL, NULL, NULL, NULL, 43, 'Time Approved', '2024-04-25 04:36:12'),
(223, 239, 'Force Clock Out', NULL, NULL, NULL, NULL, 43, 'Force Clock Out', '2024-04-25 04:36:21'),
(224, 239, 'approve', NULL, NULL, NULL, NULL, 43, 'Time Approved', '2024-04-25 04:36:25'),
(225, 229, 'approve', NULL, NULL, NULL, NULL, 43, 'Time Approved', '2024-04-25 04:37:22'),
(226, 243, 'Force Clock Out', NULL, NULL, NULL, NULL, 1, 'Force Clock Out', '2024-04-25 22:47:07'),
(227, 251, 'Manual Edit', '2024-04-25 16:22:31', '2024-04-25 16:22:41', '2024-04-24 17:33:00', '2024-04-24 19:35:00', 44, 'Didn\'t clock in on here.', '2024-04-26 01:23:53'),
(228, 251, 'approve', NULL, NULL, NULL, NULL, 44, 'Time Approved', '2024-04-26 01:23:58'),
(229, 248, 'Force Clock Out', NULL, NULL, NULL, NULL, 44, 'Force Clock Out', '2024-04-26 03:05:51'),
(230, 250, 'Force Clock Out', NULL, NULL, NULL, NULL, 44, 'Force Clock Out', '2024-04-26 03:30:54'),
(231, 250, 'Manual Edit', '2024-04-25 16:11:03', '2024-04-25 18:30:54', '2024-04-25 15:00:00', '2024-04-25 18:30:00', 44, '/couldn\'t clock in', '2024-04-26 03:31:45'),
(232, 254, 'Force Clock Out', NULL, NULL, NULL, NULL, 44, 'Force Clock Out', '2024-04-26 03:52:25'),
(233, 249, 'Manual Edit', '2024-04-25 15:22:51', '2024-04-25 18:56:47', '2024-04-25 11:25:00', '2024-04-25 19:45:00', 43, 'closing!!!!', '2024-04-26 04:42:12'),
(234, 249, 'approve', NULL, NULL, NULL, NULL, 43, 'Time Approved', '2024-04-26 04:42:15'),
(235, 253, 'approve', NULL, NULL, NULL, NULL, 43, 'Time Approved', '2024-04-26 04:42:40'),
(236, 252, 'Force Clock Out', NULL, NULL, NULL, NULL, 43, 'Force Clock Out', '2024-04-26 04:42:56'),
(237, 252, 'Manual Edit', '2024-04-25 16:28:19', '2024-04-25 19:42:56', '2024-04-25 16:15:00', '2024-04-25 19:42:00', 43, 'closing!!!!', '2024-04-26 04:43:17'),
(238, 252, 'approve', NULL, NULL, NULL, NULL, 43, 'Time Approved', '2024-04-26 04:43:20'),
(239, 245, 'approve', NULL, NULL, NULL, NULL, 43, 'Time Approved', '2024-04-26 04:43:30'),
(240, 244, 'Force Clock Out', NULL, NULL, NULL, NULL, 1, 'Force Clock Out', '2024-04-26 06:08:35');

-- --------------------------------------------------------

--
-- Table structure for table `users`
--

CREATE TABLE `users` (
  `id` int NOT NULL,
  `type` varchar(20) NOT NULL,
  `first_name` varchar(30) NOT NULL,
  `last_name` varchar(30) NOT NULL,
  `name` text CHARACTER SET latin1 COLLATE latin1_swedish_ci,
  `username` text NOT NULL,
  `email` text NOT NULL,
  `password` text NOT NULL,
  `phone` text NOT NULL,
  `address` longtext CHARACTER SET latin1 COLLATE latin1_swedish_ci,
  `last_login` timestamp NOT NULL DEFAULT CURRENT_TIMESTAMP ON UPDATE CURRENT_TIMESTAMP,
  `role` int NOT NULL,
  `reset_token` text NOT NULL,
  `status` int NOT NULL DEFAULT '1',
  `img_type` varchar(3000) NOT NULL DEFAULT 'png',
  `created_at` timestamp NOT NULL DEFAULT CURRENT_TIMESTAMP,
  `updated_at` timestamp NOT NULL DEFAULT CURRENT_TIMESTAMP
) ENGINE=InnoDB DEFAULT CHARSET=latin1;

--
-- Dumping data for table `users`
--

INSERT INTO `users` (`id`, `type`, `first_name`, `last_name`, `name`, `username`, `email`, `password`, `phone`, `address`, `last_login`, `role`, `reset_token`, `status`, `img_type`, `created_at`, `updated_at`) VALUES
(1, 'employee', 'Greg', 'Pratt', 'Gregory Pratt', 'admin', 'greg.pratt@mathnasium.com', 'ef797c8118f02dfb649607dd5d3f8c7623048c9c063d532cc95c5ed7a898a64f', '2107737251', '216 Highland Pl ', '2024-04-26 14:56:11', 1, '', 1, 'png', '2018-06-27 11:30:16', '2024-02-21 05:50:45'),
(15, 'employee', 'Tiffany', 'Pratt', NULL, 'gregpratt86a', 'davistiffany@live.com', '6318c84e6ed69f98a777596826c6db92cc0a8adbc1896d2a1ba41e2a413e6c3b', '12107737252', '216 highland pl', '2024-04-25 22:49:56', 5, '', 1, 'png', '2024-02-21 05:50:45', '2024-02-21 05:50:45'),
(16, 'employee', 'Emma', 'Pratt', NULL, 'emma', 'gregpratt86@gmail.com', '59ad4e3757cc5559239e6ff3c59dbf1d1bd81de8dd635a269baba71413a2b6f8', '12107737251', '216 highland pl', '2024-04-14 20:48:11', 7, '', 1, 'png', '2024-02-21 05:51:31', '2024-02-21 05:51:31'),
(17, 'employee', 'Robbie', 'Mercantel', NULL, 'robbie.mercantel', 'robbie.mercantel@mathnasium.com', '7ba27ae479f472e345a7285d88d523a9f972cc0e25dddfd8de4e8a88f82fdca9', '7137022224', '', '2024-04-26 09:28:21', 2, '', 1, 'png', '2024-02-21 06:55:12', '2024-02-21 06:55:12'),
(18, 'employee', 'Avani', 'Hyvikk', NULL, 'avani', 'avani@hyvikk.com', '8d969eef6ecad3c29a3a629280e686cf0c3f5d5a86aff3ca12020c923adc6c92', '9898989898', '', '2024-04-26 09:20:57', 1, '', 1, 'png', '2024-03-11 07:12:06', '2024-03-11 07:12:06'),
(41, 'employee', 'Diana Christy', 'Anderson', NULL, 'Christy.Anderson', 'christyanderson226@gmail.com', 'ab1573c0a35fefab542870b3dbd9293df8a8f344127f6ceea798aca36f289111', '5125853304', '302 Pulitzer Dr\r\nHutto, TX 78681', '2024-04-26 04:50:56', 4, '', 1, 'png', '2024-04-02 17:53:46', '2024-04-02 17:53:46'),
(43, 'employee', 'Tess', 'Matkin', NULL, 'tess.matkin', 'alamoheights@mathnasium.com', 'ef797c8118f02dfb649607dd5d3f8c7623048c9c063d532cc95c5ed7a898a64f', '2535145628', 'Blank', '2024-04-26 04:41:30', 4, '', 1, 'png', '2024-04-09 16:40:07', '2024-04-09 16:40:07'),
(44, 'employee', 'Alexandria', 'Woodward', NULL, 'alexandria.woodward', 'belterra@mathnasium.com', 'ef797c8118f02dfb649607dd5d3f8c7623048c9c063d532cc95c5ed7a898a64f', '5129657090', 'none', '2024-04-26 04:37:07', 4, '', 1, 'png', '2024-04-09 16:49:35', '2024-04-09 16:49:35'),
(48, 'parent', 'Doug', 'Douasdfasdf', NULL, '11@11.com', '11@11.com', 'ee79976c9380d5e337fc1c095ece8c8f22f91f306ceeb161fa51fecede2c4ba1', '1234567890', '', '2024-04-14 11:23:29', 99, '', 1, 'png', '2024-04-11 16:17:47', '2024-04-11 16:17:47'),
(54, 'student', 'Kylee', 'Pratt', NULL, 'asdfa@klasdjf.com', 'asdfa@klasdjf.com', 'c775e7b757ede630cd0aa1113bd102661ab38829ca52a6422ab782862f268646', '2107737251', '', '2024-04-14 11:40:57', 100, '', 1, 'png', '2024-04-14 10:29:38', '2024-04-14 10:29:38'),
(55, 'student', 'Kierstyn', 'Pratt', NULL, 'asdfadsf@kasdkjf.com', 'asdfadsf@kasdkjf.com', 'ef797c8118f02dfb649607dd5d3f8c7623048c9c063d532cc95c5ed7a898a64f', '2107737251', NULL, '2024-04-14 11:38:10', 100, '', 1, 'png', '2024-04-14 10:36:15', '2024-04-14 10:36:15'),
(56, 'student', 'fkadsjf', 'kladsjf', NULL, 'noemail@mathmsllc.com', 'noemail@mathmsllc.com', 'ed75dcad0f3fe79d573e3ab58c0488642bf44ff19ed4f9bf60a5c324d5f909b8', '1234567890', NULL, '2024-04-14 11:38:10', 100, '', 1, 'png', '2024-04-14 10:41:32', '2024-04-14 10:41:32'),
(57, 'student', 'fkadsjfgf', 'kladsjfsd', NULL, 'student_661bb35dc509b', 'noemail_661bb35dc509e@mathmsllc.com', 'ed75dcad0f3fe79d573e3ab58c0488642bf44ff19ed4f9bf60a5c324d5f909b8', '1234567890', NULL, '2024-04-14 11:38:10', 100, '', 1, 'png', '2024-04-14 10:43:41', '2024-04-14 10:43:41'),
(59, 'employee', 'Wyatt', 'Crowley', NULL, 'wyattcrowley@gmail.com', 'wyattcrowley@gmail.com', 'b5e7316996e99d6b6c7e25d2f6924654246eef1b1deae213d9351c1ef89c7c22', '5128789071', 'NA', '2024-04-26 00:04:17', 7, '', 1, 'png', '2024-04-14 17:28:50', '2024-04-14 17:28:50'),
(60, 'employee', 'Michael', 'O\'Brien', NULL, 'mike.obrien@rolled-ribbon.com', 'mike.obrien@rolled-ribbon.com', '9ff3a91d6b9f80d525973e3f8c67ad9b2951aae32c91f348eadddaca54b151f4', '5858699269', 'NA', '2024-04-26 01:10:40', 7, '', 1, 'png', '2024-04-14 17:52:54', '2024-04-14 17:52:54'),
(61, 'employee', 'McKenzie', 'Brown', NULL, 'mckenziebrown444@gmail.com', 'mckenziebrown444@gmail.com', 'a9991173db090e7627041eeb521da415939a970ecea45c89b3479b8a4fba8098', '9564074946', 'NA', '2024-04-22 02:04:51', 7, '', 1, 'png', '2024-04-14 18:09:01', '2024-04-14 18:09:01'),
(62, 'employee', 'Keira', 'Woolley', NULL, 'keira.d.woolley@icloud.com', 'keira.d.woolley@icloud.com', '5f3e052b318432c446bb25ee22587ce73dd0c7b231775e3959dbf496f880a92a', '9728022900', 'NA', '2024-04-26 02:17:08', 7, '', 1, 'png', '2024-04-14 18:27:29', '2024-04-14 18:27:29'),
(63, 'employee', 'Amy', 'Reynolds', NULL, 'anr009.ar@gmail.com', 'anr009.ar@gmail.com', '4909d7be25a0a6bd4fd5ec28354a223f0d5a1545a22f63ba27a150f43f5bf1dd', '5123005456', 'NA', '2024-04-25 03:48:13', 7, '', 1, 'png', '2024-04-14 18:28:54', '2024-04-14 18:28:54'),
(64, 'employee', 'Vishnu', 'Dubakula', NULL, 'vandanad0214@gmail.com', 'vandanad0214@gmail.com', '9d7cdd12674e12dfdc9b175646593846b85853ea784d609301bd9b3fc2612437', '5127758836', 'NA', '2024-04-24 01:05:58', 7, '', 1, 'png', '2024-04-14 18:30:54', '2024-04-14 18:30:54'),
(65, 'employee', 'Cristian', 'Quinones', NULL, 'sbr74@txstate.edu', 'sbr74@txstate.edu', '4c5d8643451d368602d8f37a1530262948d9404c80fcfd68aabc2bb6d0389909', '3462390289', 'NA', '2024-04-18 07:39:40', 7, '', 1, 'png', '2024-04-14 18:32:47', '2024-04-14 18:32:47'),
(66, 'employee', 'Abir', 'Kulkarni', NULL, 'abirkulkarni@gmail.com', 'abirkulkarni@gmail.com', 'ef797c8118f02dfb649607dd5d3f8c7623048c9c063d532cc95c5ed7a898a64f', '9183508185', 'NA', '2024-04-26 01:22:21', 7, '', 1, 'png', '2024-04-14 18:34:13', '2024-04-14 18:34:13'),
(67, 'employee', 'Alyssa', 'Stradling', NULL, 'aly.stradling@gmail.com', 'aly.stradling@gmail.com', 'ef797c8118f02dfb649607dd5d3f8c7623048c9c063d532cc95c5ed7a898a64f', '7205262403', 'NA', '2024-04-26 04:44:40', 7, '$2y$10$UsL6M9B/FD53KqVNl4FoguJzs0UCjYfDJykgVOuo9uHfaCVJp.cYK', 1, 'png', '2024-04-14 18:35:36', '2024-04-14 18:35:36'),
(68, 'employee', 'Maya', 'Stroud', NULL, 'mayaelaine@gmail.com', 'mayaelaine@gmail.com', 'f728942d125cf58e0818cb0f6526fdaf6866b08f434c36a0a596d6581d18bafd', '2104048704', 'N/A', '2024-04-25 03:30:18', 7, '$2y$10$1saIEzBYxZzVXc7nM1eFVexCmRPZbMqP5hukBh5LCrFqe5Zn/.J1m', 1, 'png', '2024-04-15 16:37:25', '2024-04-15 16:37:25'),
(69, 'employee', 'Aidan', 'Myles', NULL, 'a.myles@protonmail.com', 'a.myles@protonmail.com', 'f728942d125cf58e0818cb0f6526fdaf6866b08f434c36a0a596d6581d18bafd', '2104177091', 'N/A', '2024-04-26 03:56:32', 7, '$2y$10$0fUlhr70.ZEZlI2bZmgOAO71oW70mEVI92uucXSyViaMOZFQibSHa', 1, 'png', '2024-04-15 20:15:48', '2024-04-15 20:15:48'),
(70, 'employee', 'Morgan', 'Williams', NULL, 'williamsfamily.morgan@gmail.com', 'williamsfamily.morgan@gmail.com', 'f728942d125cf58e0818cb0f6526fdaf6866b08f434c36a0a596d6581d18bafd', '4095504073', 'N/A', '2024-04-25 04:10:34', 7, '$2y$10$Mhx6IckQvll5oqmgwxeafuC91ZKl0oSwmoveuNA4FcD2.Rp9E.SRK', 1, 'png', '2024-04-15 20:19:01', '2024-04-15 20:19:01'),
(71, 'employee', 'Petra', 'Poenitzsch', NULL, 'petrapoenitzsch@gmail.com', 'petrapoenitzsch@gmail.com', 'f728942d125cf58e0818cb0f6526fdaf6866b08f434c36a0a596d6581d18bafd', '2106121027', 'N/A', '2024-04-26 03:37:55', 7, '$2y$10$4etFV4Lub2Ir37oKeWjKu.Bqlv93pFnUY7NQFkg9cgMEHSgyRny1e', 1, 'png', '2024-04-15 20:21:19', '2024-04-15 20:21:19'),
(72, 'employee', 'Marie', 'Zeballos', NULL, 'maze710@icloud.com', 'maze710@icloud.com', 'f728942d125cf58e0818cb0f6526fdaf6866b08f434c36a0a596d6581d18bafd', '2107785295', 'N/A', '2024-04-26 01:27:09', 7, '$2y$10$yYU48IMZYxRgIqHZbzHcj.hR91zaWTNPfRGHBtdkrm55sL7VsYzaO', 1, 'png', '2024-04-15 20:22:54', '2024-04-15 20:22:54'),
(73, 'employee', 'Renee', 'Den', NULL, 'denr7565@k12ahisd.net', 'denr7565@k12ahisd.net', 'f728942d125cf58e0818cb0f6526fdaf6866b08f434c36a0a596d6581d18bafd', '4243925886', 'N/A', '2024-04-26 01:27:49', 7, '$2y$10$o63QOA1Z0Jfx9lm3t9vlKeTjVmUK9pcIpw7hNuSiBS/vnZx3CIF/C', 1, 'png', '2024-04-15 20:32:59', '2024-04-15 20:32:59'),
(74, 'employee', 'Sonjia', 'Solomon', NULL, 'leaguecity@mathnasium.com', 'leaguecity@mathnasium.com', '5e28036734b2fc2701f4d256a4722d9066200bc0e12dfb0d761b65c64689b23c', '2813064455', 'NA', '2024-04-25 00:50:05', 4, '', 1, 'png', '2024-04-18 17:19:57', '2024-04-18 17:19:57'),
(75, 'employee', 'Claire', 'Ruscello', NULL, 'Claire.Ruscello05@gmail.com', 'Claire.Ruscello05@gmail.com', '29a9b7d5a43b3aedbbe23e479d435ca3684237aba22bc73eff24d203b6bc9683', '4099602655', '1600 West League City Pkwy', '2024-04-25 00:46:01', 6, '', 1, 'png', '2024-04-18 19:32:39', '2024-04-18 19:32:39'),
(76, 'employee', 'Rachi', 'Talukdar', NULL, 'rachitalukdar@gmail.com', 'rachitalukdar@gmail.com', 'e5e722e20be5d2717317d922d566ce2eef7ff9b6b06e61fa1c084b2d898cc6de', '4097972920', '1600 West League City Pkwy', '2024-04-24 00:03:02', 7, '', 1, 'png', '2024-04-18 19:34:38', '2024-04-18 19:34:38'),
(77, 'employee', 'Kate', 'Blue', NULL, 'kateeunseoblue@gmail.com', 'kateeunseoblue@gmail.com', '1f4b6f4d8dab7698d24d22daa67c2f1c4311a9b710f8e621b4e10e16786a1454', '8326148044', '1600 West League City Pkwy', '2024-04-22 02:04:39', 7, '$2y$10$KLqfbZCvbMaKgoBFe/936eNrbUfBcwKf2YEg1V0mRxFDuVZ30gMHi', 1, 'png', '2024-04-18 19:35:43', '2024-04-18 19:35:43'),
(78, 'employee', 'Tiffany', 'Tran', NULL, 'tiffanythetrain@gmail.com', 'tiffanythetrain@gmail.com', '2d77edce1754ed061bdd5b03625ec05054fe603def7e3d7a9e9dee14b6a293a4', '3464007882', '1600 West League City Pkwy', '2024-04-24 02:58:37', 7, '', 1, 'png', '2024-04-18 19:41:41', '2024-04-18 19:41:41'),
(79, 'employee', 'Prany ', 'Sharma', NULL, 'sharmapranay24@gmail.com', 'sharmapranay24@gmail.com', 'cd19bd731d4b50fc454cb7a1c84663241ffa909ec1bb353592536c84d27fd73d', '9714018509', '1600 West League City Pkwy', '2024-04-24 03:37:07', 7, '', 1, 'png', '2024-04-18 20:02:49', '2024-04-18 20:02:49'),
(80, 'employee', 'Alexa', 'Russell', NULL, 'alexamarier.2006@icloud.com', 'alexamarier.2006@icloud.com', '1e26abbad0bf9b9ee2f60618414c84cf88b86eab4448550c4bc5c7b5f36250fd', '6612143094', '1600 West League City Pkwy', '2024-04-24 23:58:10', 7, '', 1, 'png', '2024-04-18 20:03:48', '2024-04-18 20:03:48'),
(81, 'employee', 'Trinity', 'Huang', NULL, 'trinityh26piggy@gmail.com', 'trinityh26piggy@gmail.com', 'ff8c4953b8b6194ad1d1cb25e7a0ac41f09761245ffca7006bd9e6c0a136f44b', '8329987773', '1600 West League City Pkwy', '2024-04-25 03:41:46', 7, '', 1, 'png', '2024-04-18 20:04:41', '2024-04-18 20:04:41'),
(83, 'employee', 'Jenny', 'Le', NULL, 'jennyle2414@gmail.com', 'jennyle2414@gmail.com', 'ef797c8118f02dfb649607dd5d3f8c7623048c9c063d532cc95c5ed7a898a64f', '8325721619', '1600 West League City Pkwy', '2024-04-18 20:05:43', 7, '', 1, 'png', '2024-04-18 20:05:43', '2024-04-18 20:05:43'),
(84, 'employee', 'Jessica', 'Hastings', NULL, 'cedarpark@mathnasium.com', 'cedarpark@mathnasium.com', 'd718822137fc9c1038c9c9d8df27bdbccbd19b41f69bcbed831b44c96b9feb8a', '5128696284', '13010 W PARMER LN\r\n#100', '2024-04-26 01:39:06', 4, '', 1, 'png', '2024-04-23 23:43:13', '2024-04-23 23:43:13'),
(85, 'employee', 'Jackson', 'Henry', NULL, 'Jackson.henry', 'jackson.henry13@yahoo.com', 'cc7e8fb0570239bfea4eaa028d39d5a0d9adfbc177aa4b5811813706b106e8ab', '5126565456', '2103 Vivian Drive\r\nRound Rock, Tx. 78681', '2024-04-25 23:35:24', 6, '', 1, 'png', '2024-04-24 16:55:28', '2024-04-24 16:55:28'),
(86, 'employee', 'Robert', 'Halbert', NULL, 'robert.halbert', 'robert_halbert@yahoo.com', 'ef797c8118f02dfb649607dd5d3f8c7623048c9c063d532cc95c5ed7a898a64f', '5127368927', '100 E Whitestone Blvd STE 148, Unit 276\r\nCedar Park, Tx. 78613', '2024-04-24 17:27:15', 7, '$2y$10$z2sCLHZkucKRSby6dWS5..5t.uW4JBuKxevT.sPhSNy94n9r/dL7y', 1, 'png', '2024-04-24 17:27:14', '2024-04-24 17:27:14'),
(87, 'employee', 'Tasneem', 'Kausar', NULL, 'tasneem.kausar', 'ktdsm@hotmail.com', 'ef797c8118f02dfb649607dd5d3f8c7623048c9c063d532cc95c5ed7a898a64f', '7175579839', '10101 W. Parmer Ln\r\nApt 1424\r\nAustin, Tx 78717', '2024-04-24 17:36:49', 7, '$2y$10$QIbDBucq4.D9MTI3JlK2NOdGIRX3/jDLweO0W65idl9rif8hxa/XC', 1, 'png', '2024-04-24 17:36:49', '2024-04-24 17:36:49'),
(88, 'employee', 'Reddie Saritha', 'Nandaluri', NULL, 'saritha.nandaluri', 'nandaluris@gmail.com', 'ef797c8118f02dfb649607dd5d3f8c7623048c9c063d532cc95c5ed7a898a64f', '5083611561', '2905 Laurel Grove Way\r\nRound Rock, Tx. 78681', '2024-04-24 17:39:25', 7, '$2y$10$vx73OKo8E6WzI9JO4Azf7ObAQ.CCKx9zC.wO1uHSLn8i.Ec4VLcf2', 1, 'png', '2024-04-24 17:39:25', '2024-04-24 17:39:25'),
(89, 'employee', 'Alyssa', 'Miller', NULL, 'alyssa.miller', 'allymiller2006@gmail.com', '32dbef6ad4de39148bba38c68a63569fea2c64c4380c9f6237897f5bd273e343', '7373337878', '4712 Knollwood Circle\r\nRound Rock, Tx 78681', '2024-04-25 04:28:41', 7, '', 1, 'png', '2024-04-24 17:41:29', '2024-04-24 17:41:29'),
(90, 'employee', 'Gabriel ', 'Simon', NULL, 'gabriel.simon', 'sortacoolideas@gmail.com', 'ef797c8118f02dfb649607dd5d3f8c7623048c9c063d532cc95c5ed7a898a64f', '5128973579', '210 Bryce Canyon Dr. \r\nCedar Park, Tx 78613', '2024-04-24 17:49:11', 7, '$2y$10$XbzY/SMuZWPgbBQ1JTQmZOYym9lFrZ88lS6vRqCGs2N1us4FQfaPe', 1, 'png', '2024-04-24 17:49:11', '2024-04-24 17:49:11'),
(91, 'employee', 'Belana', 'Simon', NULL, 'belana.simon', 'belana.simon@g.austincc.edu', 'd65cb6a306ad553d88e1bce67ab8bba4d529da702f8d3932f55d24bf6823e4ad', '5129052158', '210 Bryce Canyon Dr. \r\nCedar Park, Tx. 78613', '2024-04-25 05:42:33', 7, '', 1, 'png', '2024-04-24 17:56:45', '2024-04-24 17:56:45'),
(92, 'employee', 'Aaroh', 'Mamidi', NULL, 'aaroh.mamidi', 'mamidiaaroh@gmail.com', 'ef797c8118f02dfb649607dd5d3f8c7623048c9c063d532cc95c5ed7a898a64f', '6232849848', '703 Frontier Ln\r\nCedar Park, Tx. 78613', '2024-04-24 17:58:43', 7, '$2y$10$B9qHu.RTOdDzbBhlDGUX4OegfrdLJLO36Q3C6sPU0hC.LLs6szHEy', 1, 'png', '2024-04-24 17:58:42', '2024-04-24 17:58:42'),
(93, 'employee', 'Daniel', 'Park', NULL, 'daniel.park', 'danielpark7735@gmail.com', 'ef797c8118f02dfb649607dd5d3f8c7623048c9c063d532cc95c5ed7a898a64f', '5123485275', '105 Bastrop Dr.\r\nCedar Park, Tx. 78613', '2024-04-24 18:00:34', 7, '$2y$10$dAP5cdN9BeQ1iGIyTbLFqujlj45XkFiLXOPu9Ihhaxit3xbt0Z5dK', 1, 'png', '2024-04-24 18:00:34', '2024-04-24 18:00:34'),
(94, 'employee', 'Mason', 'Menchaca', NULL, 'mason.memchaca', 'masonmenchaca05@gmail.com', 'ef797c8118f02dfb649607dd5d3f8c7623048c9c063d532cc95c5ed7a898a64f', '5123173921', '252 Munk Ln\r\nCedar Park, Tx. 78613', '2024-04-25 20:05:08', 7, '$2y$10$zElLKW6osa2rooC6JhPt1e58aTA9PiZlRCIKtOmD930.rIwL3tHQ2', 1, 'png', '2024-04-24 18:02:50', '2024-04-24 18:02:50'),
(95, 'employee', 'Dhruv', 'Guda', NULL, 'dhruv.guda', 'druv.business@gmail.com', 'ef797c8118f02dfb649607dd5d3f8c7623048c9c063d532cc95c5ed7a898a64f', '7372978163', '2905 Laurel Grove Way\r\nRound Rock, Tx. 78681', '2024-04-24 18:04:46', 7, '$2y$10$c.ycJtRsD6WvOM0du.lJPeWecjldePhmvaj6YAHp2vWI/9l47etKK', 1, 'png', '2024-04-24 18:04:46', '2024-04-24 18:04:46'),
(96, 'employee', 'Andrea', 'Murray', NULL, 'andrea.murray', 'aemurray@austin.rr.com', 'ef797c8118f02dfb649607dd5d3f8c7623048c9c063d532cc95c5ed7a898a64f', '5122939271', '205 Walnut Creek Dr.\r\nCedar Park, Tx 78613', '2024-04-24 18:06:43', 6, '$2y$10$g2i4eVRAAb9PGisZQVC1lOO0R9wqYP1aTzqwiedgBHfnWIDAz0vF.', 1, 'png', '2024-04-24 18:06:43', '2024-04-24 18:06:43'),
(97, 'employee', 'Aditya', 'Madhan', NULL, 'aditya.madhan', 'adityamkk@gmail.com', 'ef797c8118f02dfb649607dd5d3f8c7623048c9c063d532cc95c5ed7a898a64f', '5125884021', '604 William Way\r\nCedar Park, Tx. 78613', '2024-04-24 18:09:51', 7, '$2y$10$XYi9GJudJ3BRjtDk4nPGd.lY26.RIHqDio3JBD7uW6X6LCFzTR9na', 1, 'png', '2024-04-24 18:09:51', '2024-04-24 18:09:51'),
(98, 'employee', 'Dominik', 'Djajadi', NULL, 'dominik.djajadi', 'dominikdjajadi@gmail.com', 'ef797c8118f02dfb649607dd5d3f8c7623048c9c063d532cc95c5ed7a898a64f', '5122691020', '9009 Wildwater Way\r\nRound Rock, Tx 78681', '2024-04-24 18:11:50', 7, '$2y$10$poFeH89RqiA5Qw.GgpWeheO8clwzO6RsaAsZ81UwBwlmOKmTYxCKC', 1, 'png', '2024-04-24 18:11:49', '2024-04-24 18:11:49'),
(99, 'employee', 'Havalah', 'Simon', NULL, 'havalah.simon', 'goldenmolesrock@gmail.com', '33f9e02ad952def67c2a9d69256e8999330d28f5a3cb4570b96bcb9408355661', '5127091457', '210 Bryce Canyon Dr.\r\nCedar Park, Tx 78613', '2024-04-26 03:13:06', 7, '', 1, 'png', '2024-04-24 18:14:14', '2024-04-24 18:14:14'),
(100, 'employee', 'Geeta', 'Dudam', NULL, 'geeta.dudam', 'geetadsk@gmail.com', 'ef797c8118f02dfb649607dd5d3f8c7623048c9c063d532cc95c5ed7a898a64f', '7039361059', '629 Jess Maynard Tr.\r\nLeander, Tx. 78641', '2024-04-24 18:16:11', 7, '$2y$10$Ei1BNurKrB4K7Fa/eBKWDuCaWCB214e9URVQZn.UwA2nv7b/jIJK.', 1, 'png', '2024-04-24 18:16:10', '2024-04-24 18:16:10');

-- --------------------------------------------------------

--
-- Table structure for table `user_notification_preferences`
--

CREATE TABLE `user_notification_preferences` (
  `id` int NOT NULL,
  `user_id` int NOT NULL,
  `notification_type_id` int NOT NULL,
  `enabled` tinyint(1) NOT NULL DEFAULT '1'
) ENGINE=InnoDB DEFAULT CHARSET=utf8mb4 COLLATE=utf8mb4_general_ci;

--
-- Dumping data for table `user_notification_preferences`
--

INSERT INTO `user_notification_preferences` (`id`, `user_id`, `notification_type_id`, `enabled`) VALUES
(102, 1, 19, 1),
(103, 15, 19, 0),
(104, 16, 19, 1),
(105, 17, 19, 1),
(106, 18, 19, 1),
(108, 1, 20, 1),
(109, 15, 20, 1),
(110, 16, 20, 1),
(111, 17, 20, 1),
(112, 18, 20, 1),
(113, 1, 21, 1),
(114, 15, 21, 1),
(115, 16, 21, 1),
(116, 17, 21, 1),
(117, 18, 21, 1),
(118, 1, 22, 1),
(119, 15, 22, 1),
(120, 16, 22, 1),
(121, 17, 22, 1),
(122, 18, 22, 1),
(123, 1, 23, 1),
(124, 15, 23, 1),
(125, 16, 23, 1),
(126, 17, 23, 1),
(127, 18, 23, 1),
(128, 1, 24, 1),
(129, 15, 24, 1),
(130, 16, 24, 1),
(131, 17, 24, 1),
(132, 18, 24, 1),
(145, 1, 25, 1),
(146, 15, 25, 1),
(147, 16, 25, 1),
(148, 17, 25, 1),
(149, 18, 25, 1),
(152, 41, 19, 1),
(153, 41, 20, 1),
(154, 41, 21, 1),
(155, 41, 22, 1),
(156, 41, 23, 1),
(157, 41, 24, 1),
(158, 41, 25, 1),
(166, 1, 26, 1),
(167, 15, 26, 1),
(168, 16, 26, 1),
(169, 17, 26, 1),
(170, 18, 26, 1),
(173, 41, 26, 1),
(175, 1, 27, 1),
(176, 15, 27, 1),
(177, 16, 27, 1),
(178, 17, 27, 1),
(179, 18, 27, 1),
(182, 41, 27, 1),
(184, 43, 19, 1),
(185, 43, 20, 1),
(186, 43, 21, 1),
(187, 43, 22, 1),
(188, 43, 23, 1),
(189, 43, 24, 1),
(190, 43, 25, 1),
(191, 43, 26, 1),
(192, 43, 27, 1),
(193, 44, 19, 1),
(194, 44, 20, 1),
(195, 44, 21, 1),
(196, 44, 22, 1),
(197, 44, 23, 1),
(198, 44, 24, 1),
(199, 44, 25, 1),
(200, 44, 26, 1),
(201, 44, 27, 1),
(220, 59, 19, 1),
(221, 59, 20, 1),
(222, 59, 21, 0),
(223, 59, 22, 1),
(224, 59, 23, 1),
(225, 59, 24, 1),
(226, 59, 25, 1),
(227, 59, 26, 1),
(228, 59, 27, 1),
(229, 60, 19, 1),
(230, 60, 20, 1),
(231, 60, 21, 1),
(232, 60, 22, 1),
(233, 60, 23, 1),
(234, 60, 24, 1),
(235, 60, 25, 1),
(236, 60, 26, 1),
(237, 60, 27, 1),
(238, 61, 19, 1),
(239, 61, 20, 1),
(240, 61, 21, 1),
(241, 61, 22, 1),
(242, 61, 23, 1),
(243, 61, 24, 1),
(244, 61, 25, 1),
(245, 61, 26, 1),
(246, 61, 27, 1),
(247, 62, 19, 1),
(248, 62, 20, 1),
(249, 62, 21, 1),
(250, 62, 22, 1),
(251, 62, 23, 1),
(252, 62, 24, 1),
(253, 62, 25, 1),
(254, 62, 26, 1),
(255, 62, 27, 1),
(256, 63, 19, 1),
(257, 63, 20, 1),
(258, 63, 21, 1),
(259, 63, 22, 1),
(260, 63, 23, 1),
(261, 63, 24, 1),
(262, 63, 25, 1),
(263, 63, 26, 1),
(264, 63, 27, 1),
(265, 64, 19, 1),
(266, 64, 20, 1),
(267, 64, 21, 1),
(268, 64, 22, 1),
(269, 64, 23, 1),
(270, 64, 24, 1),
(271, 64, 25, 1),
(272, 64, 26, 1),
(273, 64, 27, 1),
(274, 65, 19, 1),
(275, 65, 20, 1),
(276, 65, 21, 1),
(277, 65, 22, 1),
(278, 65, 23, 1),
(279, 65, 24, 1),
(280, 65, 25, 1),
(281, 65, 26, 1),
(282, 65, 27, 1),
(283, 66, 19, 1),
(284, 66, 20, 1),
(285, 66, 21, 1),
(286, 66, 22, 1),
(287, 66, 23, 1),
(288, 66, 24, 1),
(289, 66, 25, 1),
(290, 66, 26, 1),
(291, 66, 27, 1),
(292, 67, 19, 1),
(293, 67, 20, 1),
(294, 67, 21, 1),
(295, 67, 22, 1),
(296, 67, 23, 1),
(297, 67, 24, 1),
(298, 67, 25, 1),
(299, 67, 26, 1),
(300, 67, 27, 1),
(301, 68, 19, 1),
(302, 68, 20, 1),
(303, 68, 21, 1),
(304, 68, 22, 1),
(305, 68, 23, 1),
(306, 68, 24, 1),
(307, 68, 25, 1),
(308, 68, 26, 1),
(309, 68, 27, 1),
(310, 69, 19, 1),
(311, 69, 20, 1),
(312, 69, 21, 1),
(313, 69, 22, 1),
(314, 69, 23, 1),
(315, 69, 24, 1),
(316, 69, 25, 1),
(317, 69, 26, 1),
(318, 69, 27, 1),
(319, 70, 19, 1),
(320, 70, 20, 1),
(321, 70, 21, 1),
(322, 70, 22, 1),
(323, 70, 23, 1),
(324, 70, 24, 1),
(325, 70, 25, 1),
(326, 70, 26, 1),
(327, 70, 27, 1),
(328, 71, 19, 1),
(329, 71, 20, 1),
(330, 71, 21, 1),
(331, 71, 22, 1),
(332, 71, 23, 1),
(333, 71, 24, 1),
(334, 71, 25, 1),
(335, 71, 26, 1),
(336, 71, 27, 1),
(337, 72, 19, 1),
(338, 72, 20, 1),
(339, 72, 21, 1),
(340, 72, 22, 1),
(341, 72, 23, 1),
(342, 72, 24, 1),
(343, 72, 25, 1),
(344, 72, 26, 1),
(345, 72, 27, 1),
(346, 73, 19, 1),
(347, 73, 20, 1),
(348, 73, 21, 1),
(349, 73, 22, 1),
(350, 73, 23, 1),
(351, 73, 24, 1),
(352, 73, 25, 1),
(353, 73, 26, 1),
(354, 73, 27, 1),
(355, 74, 19, 1),
(356, 74, 20, 1),
(357, 74, 21, 1),
(358, 74, 22, 1),
(359, 74, 23, 1),
(360, 74, 24, 1),
(361, 74, 25, 1),
(362, 74, 26, 1),
(363, 74, 27, 1),
(364, 75, 19, 1),
(365, 75, 20, 1),
(366, 75, 21, 1),
(367, 75, 22, 1),
(368, 75, 23, 1),
(369, 75, 24, 1),
(370, 75, 25, 1),
(371, 75, 26, 1),
(372, 75, 27, 1),
(373, 76, 19, 1),
(374, 76, 20, 1),
(375, 76, 21, 1),
(376, 76, 22, 1),
(377, 76, 23, 1),
(378, 76, 24, 1),
(379, 76, 25, 1),
(380, 76, 26, 1),
(381, 76, 27, 1),
(382, 77, 19, 1),
(383, 77, 20, 1),
(384, 77, 21, 1),
(385, 77, 22, 1),
(386, 77, 23, 1),
(387, 77, 24, 1),
(388, 77, 25, 1),
(389, 77, 26, 1),
(390, 77, 27, 1),
(391, 78, 19, 1),
(392, 78, 20, 1),
(393, 78, 21, 1),
(394, 78, 22, 1),
(395, 78, 23, 1),
(396, 78, 24, 1),
(397, 78, 25, 1),
(398, 78, 26, 1),
(399, 78, 27, 1),
(400, 79, 19, 1),
(401, 79, 20, 1),
(402, 79, 21, 1),
(403, 79, 22, 1),
(404, 79, 23, 1),
(405, 79, 24, 1),
(406, 79, 25, 1),
(407, 79, 26, 1),
(408, 79, 27, 1),
(409, 80, 19, 1),
(410, 80, 20, 1),
(411, 80, 21, 1),
(412, 80, 22, 1),
(413, 80, 23, 1),
(414, 80, 24, 1),
(415, 80, 25, 1),
(416, 80, 26, 1),
(417, 80, 27, 1),
(418, 81, 19, 1),
(419, 81, 20, 1),
(420, 81, 21, 1),
(421, 81, 22, 1),
(422, 81, 23, 1),
(423, 81, 24, 1),
(424, 81, 25, 1),
(425, 81, 26, 1),
(426, 81, 27, 1),
(436, 83, 19, 1),
(437, 83, 20, 1),
(438, 83, 21, 1),
(439, 83, 22, 1),
(440, 83, 23, 1),
(441, 83, 24, 1),
(442, 83, 25, 1),
(443, 83, 26, 1),
(444, 83, 27, 1),
(445, 84, 19, 1),
(446, 84, 20, 1),
(447, 84, 21, 1),
(448, 84, 22, 1),
(449, 84, 23, 1),
(450, 84, 24, 1),
(451, 84, 25, 1),
(452, 84, 26, 1),
(453, 84, 27, 1),
(454, 85, 19, 1),
(455, 85, 20, 1),
(456, 85, 21, 1),
(457, 85, 22, 1),
(458, 85, 23, 1),
(459, 85, 24, 1),
(460, 85, 25, 1),
(461, 85, 26, 1),
(462, 85, 27, 1),
(463, 86, 19, 1),
(464, 86, 20, 1),
(465, 86, 21, 1),
(466, 86, 22, 1),
(467, 86, 23, 1),
(468, 86, 24, 1),
(469, 86, 25, 1),
(470, 86, 26, 1),
(471, 86, 27, 1),
(472, 87, 19, 1),
(473, 87, 20, 1),
(474, 87, 21, 1),
(475, 87, 22, 1),
(476, 87, 23, 1),
(477, 87, 24, 1),
(478, 87, 25, 1),
(479, 87, 26, 1),
(480, 87, 27, 1),
(481, 88, 19, 1),
(482, 88, 20, 1),
(483, 88, 21, 1),
(484, 88, 22, 1),
(485, 88, 23, 1),
(486, 88, 24, 1),
(487, 88, 25, 1),
(488, 88, 26, 1),
(489, 88, 27, 1),
(490, 89, 19, 1),
(491, 89, 20, 1),
(492, 89, 21, 1),
(493, 89, 22, 1),
(494, 89, 23, 1),
(495, 89, 24, 1),
(496, 89, 25, 1),
(497, 89, 26, 1),
(498, 89, 27, 1),
(499, 90, 19, 1),
(500, 90, 20, 1),
(501, 90, 21, 1),
(502, 90, 22, 1),
(503, 90, 23, 1),
(504, 90, 24, 1),
(505, 90, 25, 1),
(506, 90, 26, 1),
(507, 90, 27, 1),
(508, 91, 19, 1),
(509, 91, 20, 1),
(510, 91, 21, 1),
(511, 91, 22, 1),
(512, 91, 23, 1),
(513, 91, 24, 1),
(514, 91, 25, 1),
(515, 91, 26, 1),
(516, 91, 27, 1),
(517, 92, 19, 1),
(518, 92, 20, 1),
(519, 92, 21, 1),
(520, 92, 22, 1),
(521, 92, 23, 1),
(522, 92, 24, 1),
(523, 92, 25, 1),
(524, 92, 26, 1),
(525, 92, 27, 1),
(526, 93, 19, 1),
(527, 93, 20, 1),
(528, 93, 21, 1),
(529, 93, 22, 1),
(530, 93, 23, 1),
(531, 93, 24, 1),
(532, 93, 25, 1),
(533, 93, 26, 1),
(534, 93, 27, 1),
(535, 94, 19, 1),
(536, 94, 20, 1),
(537, 94, 21, 1),
(538, 94, 22, 1),
(539, 94, 23, 1),
(540, 94, 24, 1),
(541, 94, 25, 1),
(542, 94, 26, 1),
(543, 94, 27, 1),
(544, 95, 19, 1),
(545, 95, 20, 1),
(546, 95, 21, 1),
(547, 95, 22, 1),
(548, 95, 23, 1),
(549, 95, 24, 1),
(550, 95, 25, 1),
(551, 95, 26, 1),
(552, 95, 27, 1),
(553, 96, 19, 1),
(554, 96, 20, 1),
(555, 96, 21, 1),
(556, 96, 22, 1),
(557, 96, 23, 1),
(558, 96, 24, 1),
(559, 96, 25, 1),
(560, 96, 26, 1),
(561, 96, 27, 1),
(562, 97, 19, 1),
(563, 97, 20, 1),
(564, 97, 21, 1),
(565, 97, 22, 1),
(566, 97, 23, 1),
(567, 97, 24, 1),
(568, 97, 25, 1),
(569, 97, 26, 1),
(570, 97, 27, 1),
(571, 98, 19, 1),
(572, 98, 20, 1),
(573, 98, 21, 1),
(574, 98, 22, 1),
(575, 98, 23, 1),
(576, 98, 24, 1),
(577, 98, 25, 1),
(578, 98, 26, 1),
(579, 98, 27, 1),
(580, 99, 19, 1),
(581, 99, 20, 1),
(582, 99, 21, 1),
(583, 99, 22, 1),
(584, 99, 23, 1),
(585, 99, 24, 1),
(586, 99, 25, 1),
(587, 99, 26, 1),
(588, 99, 27, 1),
(589, 100, 19, 1),
(590, 100, 20, 1),
(591, 100, 21, 1),
(592, 100, 22, 1),
(593, 100, 23, 1),
(594, 100, 24, 1),
(595, 100, 25, 1),
(596, 100, 26, 1),
(597, 100, 27, 1);

-- --------------------------------------------------------

--
-- Table structure for table `user_onboarding_stages`
--

CREATE TABLE `user_onboarding_stages` (
  `id` int NOT NULL,
  `user_id` int DEFAULT NULL,
  `stage_id` int DEFAULT NULL,
  `completed_on` date DEFAULT NULL,
  `completed_by` int DEFAULT NULL
) ENGINE=InnoDB DEFAULT CHARSET=utf8mb3 COLLATE=utf8mb3_unicode_ci;

--
-- Dumping data for table `user_onboarding_stages`
--

INSERT INTO `user_onboarding_stages` (`id`, `user_id`, `stage_id`, `completed_on`, `completed_by`) VALUES
(184, 41, 1, NULL, NULL),
(185, 41, 2, NULL, NULL),
(186, 41, 3, NULL, NULL),
(187, 41, 4, NULL, NULL),
(188, 41, 5, NULL, NULL),
(189, 41, 6, NULL, NULL),
(190, 41, 7, NULL, NULL),
(191, 41, 8, NULL, NULL),
(192, 41, 9, NULL, NULL),
(203, 43, 1, '2024-04-15', 43),
(204, 43, 2, '2024-04-15', 43),
(205, 43, 3, '2024-04-15', 43),
(206, 43, 4, '2024-04-15', 43),
(207, 43, 5, '2024-04-15', 43),
(208, 43, 6, '2024-04-15', 43),
(209, 43, 7, '2024-04-15', 43),
(210, 43, 8, '2024-04-15', 43),
(211, 43, 9, '2024-04-15', 43),
(213, 44, 1, '2024-04-14', 44),
(214, 44, 2, '2024-04-14', 44),
(215, 44, 3, '2024-04-14', 44),
(216, 44, 4, '2024-04-14', 44),
(217, 44, 5, '2024-04-14', 44),
(218, 44, 6, '2024-04-14', 44),
(219, 44, 7, '2024-04-14', 44),
(220, 44, 8, '2024-04-14', 44),
(221, 44, 9, '2024-04-14', 44),
(243, 59, 1, '2024-04-14', 44),
(244, 59, 2, '2024-04-14', 44),
(245, 59, 3, '2024-04-14', 44),
(246, 59, 4, '2024-04-14', 44),
(247, 59, 5, '2024-04-14', 44),
(248, 59, 6, '2024-04-14', 44),
(249, 59, 7, '2024-04-14', 44),
(250, 59, 8, '2024-04-14', 44),
(251, 59, 9, '2024-04-14', 44),
(253, 60, 1, NULL, NULL),
(254, 60, 2, '2024-04-14', 44),
(255, 60, 3, NULL, NULL),
(256, 60, 4, NULL, NULL),
(257, 60, 5, NULL, NULL),
(258, 60, 6, NULL, NULL),
(259, 60, 7, NULL, NULL),
(260, 60, 8, NULL, NULL),
(261, 60, 9, NULL, NULL),
(262, 61, 1, '2024-04-14', 44),
(263, 61, 2, '2024-04-14', 44),
(264, 61, 3, '2024-04-14', 44),
(265, 61, 4, '2024-04-14', 44),
(266, 61, 5, '2024-04-14', 44),
(267, 61, 6, '2024-04-14', 44),
(268, 61, 7, '2024-04-14', 44),
(269, 61, 8, '2024-04-14', 44),
(270, 61, 9, '2024-04-14', 44),
(271, 62, 1, '2024-04-14', 44),
(272, 62, 2, '2024-04-14', 44),
(273, 62, 3, '2024-04-14', 44),
(274, 62, 4, '2024-04-14', 44),
(275, 62, 5, NULL, NULL),
(276, 62, 6, '2024-04-14', 44),
(277, 62, 7, NULL, NULL),
(278, 62, 8, '2024-04-14', 44),
(279, 62, 9, NULL, NULL),
(280, 63, 1, '2024-04-14', 44),
(281, 63, 2, '2024-04-14', 44),
(282, 63, 3, '2024-04-14', 44),
(283, 63, 4, '2024-04-14', 44),
(284, 63, 5, '2024-04-14', 44),
(285, 63, 6, '2024-04-14', 44),
(286, 63, 7, NULL, NULL),
(287, 63, 8, '2024-04-14', 44),
(288, 63, 9, NULL, NULL),
(289, 64, 1, '2024-04-14', 44),
(290, 64, 2, '2024-04-14', 44),
(291, 64, 3, '2024-04-14', 44),
(292, 64, 4, '2024-04-14', 44),
(293, 64, 5, '2024-04-14', 44),
(294, 64, 6, '2024-04-14', 44),
(295, 64, 7, '2024-04-14', 44),
(296, 64, 8, '2024-04-14', 44),
(297, 64, 9, '2024-04-14', 44),
(298, 65, 1, '2024-04-14', 44),
(299, 65, 2, '2024-04-14', 44),
(300, 65, 3, '2024-04-14', 44),
(301, 65, 4, '2024-04-14', 44),
(302, 65, 5, '2024-04-14', 44),
(303, 65, 6, '2024-04-14', 44),
(304, 65, 7, '2024-04-14', 44),
(305, 65, 8, '2024-04-14', 44),
(306, 65, 9, '2024-04-14', 44),
(307, 66, 1, '2024-04-14', 44),
(308, 66, 2, '2024-04-14', 44),
(309, 66, 3, '2024-04-14', 44),
(310, 66, 4, '2024-04-14', 44),
(311, 66, 5, '2024-04-14', 44),
(312, 66, 6, '2024-04-14', 44),
(313, 66, 7, '2024-04-14', 44),
(314, 66, 8, '2024-04-14', 44),
(315, 66, 9, '2024-04-14', 44),
(316, 67, 1, '2024-04-14', 44),
(317, 67, 2, '2024-04-14', 44),
(318, 67, 3, '2024-04-14', 44),
(319, 67, 4, '2024-04-14', 44),
(320, 67, 5, '2024-04-14', 44),
(321, 67, 6, '2024-04-14', 44),
(322, 67, 7, '2024-04-14', 44),
(323, 67, 8, '2024-04-14', 44),
(324, 67, 9, '2024-04-14', 44),
(325, 68, 1, '2024-04-15', 43),
(326, 68, 2, '2024-04-15', 43),
(327, 68, 3, '2024-04-15', 43),
(328, 68, 4, '2024-04-15', 43),
(329, 68, 5, '2024-04-15', 43),
(330, 68, 6, '2024-04-15', 43),
(331, 68, 7, '2024-04-15', 43),
(332, 68, 8, '2024-04-15', 43),
(333, 68, 9, '2024-04-15', 43),
(334, 69, 1, NULL, NULL),
(335, 69, 2, NULL, NULL),
(336, 69, 3, NULL, NULL),
(337, 69, 4, NULL, NULL),
(338, 69, 5, NULL, NULL),
(339, 69, 6, NULL, NULL),
(340, 69, 7, NULL, NULL),
(341, 69, 8, NULL, NULL),
(342, 69, 9, NULL, NULL),
(343, 70, 1, NULL, NULL),
(344, 70, 2, NULL, NULL),
(345, 70, 3, NULL, NULL),
(346, 70, 4, NULL, NULL),
(347, 70, 5, NULL, NULL),
(348, 70, 6, NULL, NULL),
(349, 70, 7, NULL, NULL),
(350, 70, 8, NULL, NULL),
(351, 70, 9, NULL, NULL),
(352, 71, 1, NULL, NULL),
(353, 71, 2, NULL, NULL),
(354, 71, 3, NULL, NULL),
(355, 71, 4, NULL, NULL),
(356, 71, 5, NULL, NULL),
(357, 71, 6, NULL, NULL),
(358, 71, 7, NULL, NULL),
(359, 71, 8, NULL, NULL),
(360, 71, 9, NULL, NULL),
(361, 72, 1, NULL, NULL),
(362, 72, 2, NULL, NULL),
(363, 72, 3, NULL, NULL),
(364, 72, 4, NULL, NULL),
(365, 72, 5, NULL, NULL),
(366, 72, 6, NULL, NULL),
(367, 72, 7, NULL, NULL),
(368, 72, 8, NULL, NULL),
(369, 72, 9, NULL, NULL),
(370, 73, 1, NULL, NULL),
(371, 73, 2, NULL, NULL),
(372, 73, 3, NULL, NULL),
(373, 73, 4, NULL, NULL),
(374, 73, 5, NULL, NULL),
(375, 73, 6, NULL, NULL),
(376, 73, 7, NULL, NULL),
(377, 73, 8, NULL, NULL),
(378, 73, 9, NULL, NULL),
(379, 74, 1, NULL, NULL),
(380, 74, 2, NULL, NULL),
(381, 74, 3, NULL, NULL),
(382, 74, 4, NULL, NULL),
(383, 74, 5, NULL, NULL),
(384, 74, 6, NULL, NULL),
(385, 74, 7, NULL, NULL),
(386, 74, 8, NULL, NULL),
(387, 74, 9, NULL, NULL),
(388, 75, 1, NULL, NULL),
(389, 75, 2, NULL, NULL),
(390, 75, 3, NULL, NULL),
(391, 75, 4, NULL, NULL),
(392, 75, 5, NULL, NULL),
(393, 75, 6, NULL, NULL),
(394, 75, 7, NULL, NULL),
(395, 75, 8, NULL, NULL),
(396, 75, 9, NULL, NULL),
(397, 76, 1, NULL, NULL),
(398, 76, 2, NULL, NULL),
(399, 76, 3, NULL, NULL),
(400, 76, 4, NULL, NULL),
(401, 76, 5, NULL, NULL),
(402, 76, 6, NULL, NULL),
(403, 76, 7, NULL, NULL),
(404, 76, 8, NULL, NULL),
(405, 76, 9, NULL, NULL),
(406, 77, 1, NULL, NULL),
(407, 77, 2, NULL, NULL),
(408, 77, 3, NULL, NULL),
(409, 77, 4, NULL, NULL),
(410, 77, 5, NULL, NULL),
(411, 77, 6, NULL, NULL),
(412, 77, 7, NULL, NULL),
(413, 77, 8, NULL, NULL),
(414, 77, 9, NULL, NULL),
(415, 78, 1, NULL, NULL),
(416, 78, 2, NULL, NULL),
(417, 78, 3, NULL, NULL),
(418, 78, 4, NULL, NULL),
(419, 78, 5, NULL, NULL),
(420, 78, 6, NULL, NULL),
(421, 78, 7, NULL, NULL),
(422, 78, 8, NULL, NULL),
(423, 78, 9, NULL, NULL),
(424, 79, 1, NULL, NULL),
(425, 79, 2, NULL, NULL),
(426, 79, 3, NULL, NULL),
(427, 79, 4, NULL, NULL),
(428, 79, 5, NULL, NULL),
(429, 79, 6, NULL, NULL),
(430, 79, 7, NULL, NULL),
(431, 79, 8, NULL, NULL),
(432, 79, 9, NULL, NULL),
(433, 80, 1, NULL, NULL),
(434, 80, 2, NULL, NULL),
(435, 80, 3, NULL, NULL),
(436, 80, 4, NULL, NULL),
(437, 80, 5, NULL, NULL),
(438, 80, 6, NULL, NULL),
(439, 80, 7, NULL, NULL),
(440, 80, 8, NULL, NULL),
(441, 80, 9, NULL, NULL),
(442, 81, 1, NULL, NULL),
(443, 81, 2, NULL, NULL),
(444, 81, 3, NULL, NULL),
(445, 81, 4, NULL, NULL),
(446, 81, 5, NULL, NULL),
(447, 81, 6, NULL, NULL),
(448, 81, 7, NULL, NULL),
(449, 81, 8, NULL, NULL),
(450, 81, 9, NULL, NULL),
(460, 83, 1, NULL, NULL),
(461, 83, 2, NULL, NULL),
(462, 83, 3, NULL, NULL),
(463, 83, 4, NULL, NULL),
(464, 83, 5, NULL, NULL),
(465, 83, 6, NULL, NULL),
(466, 83, 7, NULL, NULL),
(467, 83, 8, NULL, NULL),
(468, 83, 9, NULL, NULL),
(469, 84, 1, '2024-04-24', 84),
(470, 84, 2, '2024-04-24', 84),
(471, 84, 3, '2024-04-24', 84),
(472, 84, 4, '2024-04-24', 84),
(473, 84, 5, '2024-04-24', 84),
(474, 84, 6, '2024-04-24', 84),
(475, 84, 7, '2024-04-24', 84),
(476, 84, 8, '2024-04-24', 84),
(477, 84, 9, '2024-04-24', 84),
(478, 85, 1, '2024-04-24', 84),
(479, 85, 2, '2024-04-24', 84),
(480, 85, 3, '2024-04-24', 84),
(481, 85, 4, '2024-04-24', 84),
(482, 85, 5, '2024-04-24', 84),
(483, 85, 6, '2024-04-24', 84),
(484, 85, 7, '2024-04-24', 84),
(485, 85, 8, '2024-04-24', 84),
(486, 85, 9, '2024-04-24', 84),
(487, 86, 1, NULL, NULL),
(488, 86, 2, '2024-04-24', 84),
(489, 86, 3, '2024-04-24', 84),
(490, 86, 4, '2024-04-24', 84),
(491, 86, 5, NULL, NULL),
(492, 86, 6, '2024-04-24', 84),
(493, 86, 7, '2024-04-24', 84),
(494, 86, 8, '2024-04-24', 84),
(495, 86, 9, '2024-04-24', 84),
(496, 87, 1, '2024-04-24', 84),
(497, 87, 2, '2024-04-24', 84),
(498, 87, 3, '2024-04-24', 84),
(499, 87, 4, '2024-04-24', 84),
(500, 87, 5, '2024-04-24', 84),
(501, 87, 6, '2024-04-24', 84),
(502, 87, 7, '2024-04-24', 84),
(503, 87, 8, '2024-04-24', 84),
(504, 87, 9, '2024-04-24', 84),
(505, 88, 1, '2024-04-24', 84),
(506, 88, 2, '2024-04-24', 84),
(507, 88, 3, '2024-04-24', 84),
(508, 88, 4, '2024-04-24', 84),
(509, 88, 5, NULL, NULL),
(510, 88, 6, '2024-04-24', 84),
(511, 88, 7, NULL, NULL),
(512, 88, 8, '2024-04-24', 84),
(513, 88, 9, '2024-04-24', 84),
(514, 89, 1, '2024-04-24', 84),
(515, 89, 2, '2024-04-24', 84),
(516, 89, 3, '2024-04-24', 84),
(517, 89, 4, '2024-04-24', 84),
(518, 89, 5, '2024-04-24', 84),
(519, 89, 6, '2024-04-24', 84),
(520, 89, 7, NULL, NULL),
(521, 89, 8, '2024-04-24', 84),
(522, 89, 9, NULL, NULL),
(523, 90, 1, '2024-04-24', 84),
(524, 90, 2, '2024-04-24', 84),
(525, 90, 3, '2024-04-24', 84),
(526, 90, 4, '2024-04-24', 84),
(527, 90, 5, '2024-04-24', 84),
(528, 90, 6, '2024-04-24', 84),
(529, 90, 7, '2024-04-24', 84),
(530, 90, 8, '2024-04-24', 84),
(531, 90, 9, '2024-04-24', 84),
(532, 91, 1, '2024-04-24', 84),
(533, 91, 2, '2024-04-24', 84),
(534, 91, 3, '2024-04-24', 84),
(535, 91, 4, '2024-04-24', 84),
(536, 91, 5, NULL, NULL),
(537, 91, 6, '2024-04-24', 84),
(538, 91, 7, NULL, NULL),
(539, 91, 8, '2024-04-24', 84),
(540, 91, 9, NULL, NULL),
(541, 92, 1, '2024-04-24', 84),
(542, 92, 2, '2024-04-24', 84),
(543, 92, 3, '2024-04-24', 84),
(544, 92, 4, '2024-04-24', 84),
(545, 92, 5, '2024-04-24', 84),
(546, 92, 6, '2024-04-24', 84),
(547, 92, 7, NULL, NULL),
(548, 92, 8, '2024-04-24', 84),
(549, 92, 9, '2024-04-24', 84),
(550, 93, 1, '2024-04-24', 84),
(551, 93, 2, '2024-04-24', 84),
(552, 93, 3, '2024-04-24', 84),
(553, 93, 4, '2024-04-24', 84),
(554, 93, 5, '2024-04-24', 84),
(555, 93, 6, '2024-04-24', 84),
(556, 93, 7, '2024-04-24', 84),
(557, 93, 8, '2024-04-24', 84),
(558, 93, 9, '2024-04-24', 84),
(559, 94, 1, '2024-04-24', 84),
(560, 94, 2, '2024-04-24', 84),
(561, 94, 3, '2024-04-24', 84),
(562, 94, 4, '2024-04-24', 84),
(563, 94, 5, '2024-04-24', 84),
(564, 94, 6, '2024-04-24', 84),
(565, 94, 7, '2024-04-24', 84),
(566, 94, 8, '2024-04-24', 84),
(567, 94, 9, '2024-04-24', 84),
(568, 95, 1, NULL, NULL),
(569, 95, 2, '2024-04-24', 84),
(570, 95, 3, '2024-04-24', 84),
(571, 95, 4, '2024-04-24', 84),
(572, 95, 5, NULL, NULL),
(573, 95, 6, '2024-04-24', 84),
(574, 95, 7, '2024-04-24', 84),
(575, 95, 8, '2024-04-24', 84),
(576, 95, 9, '2024-04-24', 84),
(577, 96, 1, NULL, NULL),
(578, 96, 2, '2024-04-24', 84),
(579, 96, 3, '2024-04-24', 84),
(580, 96, 4, '2024-04-24', 84),
(581, 96, 5, NULL, NULL),
(582, 96, 6, NULL, NULL),
(583, 96, 7, NULL, NULL),
(584, 96, 8, NULL, NULL),
(585, 96, 9, NULL, NULL),
(586, 97, 1, '2024-04-24', 84),
(587, 97, 2, '2024-04-24', 84),
(588, 97, 3, '2024-04-24', 84),
(589, 97, 4, '2024-04-24', 84),
(590, 97, 5, NULL, NULL),
(591, 97, 6, '2024-04-24', 84),
(592, 97, 7, '2024-04-24', 84),
(593, 97, 8, '2024-04-24', 84),
(594, 97, 9, '2024-04-24', 84),
(595, 98, 1, '2024-04-24', 84),
(596, 98, 2, '2024-04-24', 84),
(597, 98, 3, '2024-04-24', 84),
(598, 98, 4, '2024-04-24', 84),
(599, 98, 5, NULL, NULL),
(600, 98, 6, '2024-04-24', 84),
(601, 98, 7, '2024-04-24', 84),
(602, 98, 8, '2024-04-24', 84),
(603, 98, 9, '2024-04-24', 84),
(604, 99, 1, '2024-04-24', 84),
(605, 99, 2, '2024-04-24', 84),
(606, 99, 3, '2024-04-24', 84),
(607, 99, 4, '2024-04-24', 84),
(608, 99, 5, NULL, NULL),
(609, 99, 6, '2024-04-24', 84),
(610, 99, 7, '2024-04-24', 84),
(611, 99, 8, '2024-04-24', 84),
(612, 99, 9, '2024-04-24', 84),
(613, 100, 1, '2024-04-24', 84),
(614, 100, 2, '2024-04-24', 84),
(615, 100, 3, '2024-04-24', 84),
(616, 100, 4, '2024-04-24', 84),
(617, 100, 5, '2024-04-24', 84),
(618, 100, 6, NULL, NULL),
(619, 100, 7, NULL, NULL),
(620, 100, 8, '2024-04-24', 84),
(621, 100, 9, '2024-04-24', 84);

-- --------------------------------------------------------

--
-- Table structure for table `user_shift_schedule`
--

CREATE TABLE `user_shift_schedule` (
  `id` int NOT NULL,
  `userid` int DEFAULT NULL,
  `location` int DEFAULT NULL,
  `assign_userid` int DEFAULT NULL,
  `start_time` time DEFAULT NULL,
  `end_time` time DEFAULT NULL,
  `date` date DEFAULT NULL,
  `note` varchar(255) CHARACTER SET utf8mb3 COLLATE utf8mb3_unicode_ci DEFAULT NULL
) ENGINE=InnoDB DEFAULT CHARSET=utf8mb3 COLLATE=utf8mb3_unicode_ci;

--
-- Dumping data for table `user_shift_schedule`
--

INSERT INTO `user_shift_schedule` (`id`, `userid`, `location`, `assign_userid`, `start_time`, `end_time`, `date`, `note`) VALUES
(387, 1, 14, 1, '07:00:00', '13:00:00', '2024-03-22', NULL),
(390, 1, 14, 1, '07:00:00', '13:00:00', '2024-03-25', NULL),
(391, 1, 30, 1, '07:00:00', '13:00:00', '2024-03-26', NULL),
(392, 17, 28, 17, '07:00:00', '13:00:00', '2024-03-26', NULL),
(401, 1, 14, 1, '07:00:00', '13:00:00', '2024-03-27', NULL),
(402, 1, 14, 1, '07:00:00', '13:00:00', '2024-03-27', NULL),
(403, 17, 14, 17, '15:00:00', '19:00:00', '2024-04-01', NULL),
(404, 17, 14, 1, '07:00:00', '13:00:00', '2024-04-02', NULL),
(405, 17, 14, 1, '07:00:00', '13:00:00', '2024-04-03', NULL),
(406, 17, 14, 1, '07:00:00', '13:00:00', '2024-04-04', NULL),
(407, 17, 14, 1, '07:00:00', '13:00:00', '2024-04-05', NULL),
(433, 1, 14, 1, '07:00:00', '13:00:00', '2024-04-08', NULL),
(440, 1, 14, 1, '07:00:00', '12:00:00', '2024-04-08', NULL),
(441, 59, 14, 44, '17:30:00', '19:30:00', '2024-04-09', NULL),
(446, 68, 28, 43, '15:00:00', '20:00:00', '2024-04-15', NULL),
(447, 69, 28, 43, '15:30:00', '18:00:00', '2024-04-15', NULL),
(448, 70, 28, 43, '19:00:00', '19:00:00', '2024-04-15', NULL),
(449, 73, 28, 43, '16:00:00', '19:00:00', '2024-04-15', NULL),
(450, 68, 28, 43, '15:30:00', '19:00:00', '2024-04-16', NULL),
(451, 69, 28, 43, '15:30:00', '17:00:00', '2024-04-16', NULL),
(452, 70, 28, 43, '16:00:00', '19:00:00', '2024-04-16', NULL),
(453, 72, 28, 43, '16:30:00', '20:00:00', '2024-04-16', NULL),
(454, 73, 28, 43, '16:30:00', '20:00:00', '2024-04-17', NULL),
(455, 70, 28, 43, '16:00:00', '19:00:00', '2024-04-17', NULL),
(456, 69, 28, 43, '15:30:00', '17:30:00', '2024-04-17', NULL),
(457, 69, 28, 43, '15:30:00', '18:30:00', '2024-04-18', NULL),
(458, 71, 28, 43, '16:30:00', '19:00:00', '2024-04-18', NULL),
(459, 72, 28, 43, '18:00:00', '20:00:00', '2024-04-18', NULL),
(460, 68, 28, 43, '12:30:00', '17:30:00', '2024-04-21', NULL),
(461, 69, 28, 43, '13:00:00', '17:30:00', '2024-04-21', NULL),
(462, 70, 28, 43, '16:30:00', '17:30:00', '2024-04-21', NULL),
(463, 71, 28, 43, '16:30:00', '17:30:00', '2024-04-21', NULL),
(464, 72, 28, 43, '16:30:00', '17:30:00', '2024-04-21', NULL),
(465, 73, 28, 43, '16:30:00', '17:30:00', '2024-04-21', NULL),
(466, 73, 28, 43, '18:00:00', '20:00:00', '2024-04-19', NULL),
(467, 72, 28, 43, '15:30:00', '19:00:00', '2024-04-22', NULL),
(468, 69, 28, 43, '15:30:00', '18:00:00', '2024-04-22', NULL),
(470, 70, 28, 43, '16:00:00', '19:00:00', '2024-04-22', NULL),
(471, 68, 28, 43, '15:30:00', '18:00:00', '2024-04-23', NULL),
(472, 71, 28, 43, '16:30:00', '20:00:00', '2024-04-22', NULL),
(473, 69, 28, 43, '15:30:00', '17:00:00', '2024-04-23', NULL),
(474, 70, 28, 43, '16:00:00', '19:00:00', '2024-04-23', NULL),
(475, 68, 28, 43, '15:30:00', '18:00:00', '2024-04-24', NULL),
(476, 73, 28, 43, '15:30:00', '18:00:00', '2024-04-24', NULL),
(477, 72, 28, 43, '15:30:00', '18:00:00', '2024-04-24', NULL),
(478, 70, 28, 43, '16:00:00', '19:00:00', '2024-04-24', NULL),
(479, 69, 28, 43, '15:20:00', '19:00:00', '2024-04-25', NULL),
(480, 73, 28, 43, '16:30:00', '20:00:00', '2024-04-25', NULL),
(481, 71, 28, 43, '16:30:00', '19:00:00', '2024-04-25', NULL),
(482, 68, 28, 43, '13:00:00', '17:00:00', '2024-04-28', NULL),
(483, 69, 28, 43, '12:40:00', '17:00:00', '2024-04-28', NULL),
(523, 73, 28, 43, '16:30:00', '20:00:00', '2024-04-29', NULL),
(524, 69, 28, 43, '15:00:00', '19:30:00', '2024-04-29', NULL),
(525, 70, 28, 43, '16:00:00', '19:00:00', '2024-04-29', NULL),
(526, 68, 28, 43, '15:30:00', '20:00:00', '2024-04-30', NULL),
(527, 72, 28, 43, '16:30:00', '20:00:00', '2024-04-30', NULL),
(528, 70, 28, 43, '16:00:00', '19:00:00', '2024-04-30', NULL),
(529, 68, 28, 43, '15:00:00', '18:00:00', '2024-05-01', NULL),
(530, 72, 28, 43, '15:30:00', '18:30:00', '2024-05-01', NULL),
(531, 71, 28, 43, '16:30:00', '20:00:00', '2024-05-01', NULL),
(532, 70, 28, 43, '16:00:00', '19:00:00', '2024-05-01', NULL),
(533, 15, NULL, 1, '07:00:00', '13:00:00', '2024-04-22', NULL),
(534, 15, NULL, 1, '07:00:00', '13:00:00', '2024-04-23', NULL),
(560, 84, 40, 84, '11:00:00', '19:30:00', '2024-04-23', NULL),
(561, 84, 40, 84, '11:00:00', '19:30:00', '2024-04-24', NULL),
(562, 84, 40, 84, '11:00:00', '19:30:00', '2024-04-22', NULL),
(563, 84, 40, 84, '11:00:00', '19:30:00', '2024-04-25', NULL),
(564, 84, 40, 84, '19:00:00', '19:00:00', '2024-04-26', NULL),
(565, 84, 40, 84, '13:30:00', '13:30:00', '2024-04-27', NULL),
(572, 18, 28, 1, '07:00:00', '14:00:00', '2024-04-22', NULL),
(573, 69, 28, 43, '15:00:00', '20:00:00', '2024-05-02', NULL),
(574, 73, 28, 43, '16:30:00', '20:00:00', '2024-05-02', NULL),
(575, 71, 28, 43, '16:30:00', '19:00:00', '2024-05-02', NULL),
(576, 69, 28, 43, '13:00:00', '17:00:00', '2024-05-05', NULL),
(577, 68, 28, 43, '12:30:00', '17:00:00', '2024-05-05', NULL),
(578, 84, 40, 84, '11:00:00', '19:30:00', '2024-04-29', NULL),
(579, 84, 40, 84, '11:00:00', '19:30:00', '2024-04-30', NULL),
(580, 84, 40, 84, '11:00:00', '19:30:00', '2024-05-01', NULL),
(581, 84, 40, 84, '11:00:00', '19:30:00', '2024-05-02', NULL),
(582, 84, 40, 84, '14:00:00', '19:30:00', '2024-05-03', NULL),
(583, 84, 40, 84, '08:30:00', '13:30:00', '2024-05-04', NULL),
(584, 18, 14, 1, '07:00:00', '13:00:00', '2024-04-23', NULL);

--
-- Indexes for dumped tables
--

--
-- Indexes for table `activity_logs`
--
ALTER TABLE `activity_logs`
  ADD PRIMARY KEY (`id`);

--
-- Indexes for table `allowed_ip_address`
--
ALTER TABLE `allowed_ip_address`
  ADD PRIMARY KEY (`id`);

--
-- Indexes for table `assigned_locations`
--
ALTER TABLE `assigned_locations`
  ADD PRIMARY KEY (`id`),
  ADD UNIQUE KEY `unique_user_location` (`user_id`,`location_id`),
  ADD KEY `location_id` (`location_id`);

--
-- Indexes for table `email_table`
--
ALTER TABLE `email_table`
  ADD PRIMARY KEY (`id`);

--
-- Indexes for table `email_templates`
--
ALTER TABLE `email_templates`
  ADD PRIMARY KEY (`id`);

--
-- Indexes for table `employee_status_change_form`
--
ALTER TABLE `employee_status_change_form`
  ADD PRIMARY KEY (`id`),
  ADD KEY `employee_id` (`employee_id`),
  ADD KEY `old_location` (`old_location`),
  ADD KEY `new_location` (`new_location`),
  ADD KEY `old_role` (`old_role`),
  ADD KEY `new_role` (`new_role`);

--
-- Indexes for table `expenses`
--
ALTER TABLE `expenses`
  ADD PRIMARY KEY (`id`),
  ADD UNIQUE KEY `id` (`id`),
  ADD KEY `employee_id` (`employee_id`),
  ADD KEY `added_by` (`added_by`),
  ADD KEY `last_updated_by` (`last_updated_by`),
  ADD KEY `approver_id` (`approver_id`),
  ADD KEY `fk_location_id` (`location_id`);

--
-- Indexes for table `expense_status`
--
ALTER TABLE `expense_status`
  ADD PRIMARY KEY (`id`);

--
-- Indexes for table `JobInterviewRounds`
--
ALTER TABLE `JobInterviewRounds`
  ADD PRIMARY KEY (`job_id`,`role_id`),
  ADD KEY `role_id` (`role_id`);

--
-- Indexes for table `jobs`
--
ALTER TABLE `jobs`
  ADD PRIMARY KEY (`id`),
  ADD KEY `location_id` (`location_id`),
  ADD KEY `hiring_manager_id` (`hiring_manager_id`);

--
-- Indexes for table `leave_approvals`
--
ALTER TABLE `leave_approvals`
  ADD PRIMARY KEY (`id`),
  ADD KEY `leave_type_id` (`leave_type_id`);

--
-- Indexes for table `leave_steps`
--
ALTER TABLE `leave_steps`
  ADD PRIMARY KEY (`id`),
  ADD KEY `leave_type_id` (`leave_type_id`);

--
-- Indexes for table `leave_types`
--
ALTER TABLE `leave_types`
  ADD PRIMARY KEY (`id`);

--
-- Indexes for table `location`
--
ALTER TABLE `location`
  ADD PRIMARY KEY (`location_id`),
  ADD KEY `manager_id` (`manager_id`);

--
-- Indexes for table `location_logins`
--
ALTER TABLE `location_logins`
  ADD PRIMARY KEY (`id`),
  ADD KEY `fk_location` (`location_id`),
  ADD KEY `fk_added_by` (`added_by`),
  ADD KEY `fk_edited_by` (`edited_by`);

--
-- Indexes for table `manager_user`
--
ALTER TABLE `manager_user`
  ADD PRIMARY KEY (`id`),
  ADD KEY `employee_id` (`employee_id`),
  ADD KEY `manager_id` (`manager_id`);

--
-- Indexes for table `notification_types`
--
ALTER TABLE `notification_types`
  ADD PRIMARY KEY (`id`);

--
-- Indexes for table `onboarding_stages`
--
ALTER TABLE `onboarding_stages`
  ADD PRIMARY KEY (`id`);

--
-- Indexes for table `parents`
--
ALTER TABLE `parents`
  ADD PRIMARY KEY (`id`),
  ADD KEY `location_id` (`location_id`),
  ADD KEY `created_by` (`created_by`),
  ADD KEY `last_updated_by` (`last_updated_by`);

--
-- Indexes for table `parent_student`
--
ALTER TABLE `parent_student`
  ADD PRIMARY KEY (`id`),
  ADD KEY `created_by` (`created_by`),
  ADD KEY `updated_by` (`updated_by`),
  ADD KEY `student_id` (`student_id`) USING BTREE,
  ADD KEY `parent_id` (`parent_id`) USING BTREE;

--
-- Indexes for table `payment_options`
--
ALTER TABLE `payment_options`
  ADD PRIMARY KEY (`id`);

--
-- Indexes for table `payroll_Settings`
--
ALTER TABLE `payroll_Settings`
  ADD PRIMARY KEY (`id`);

--
-- Indexes for table `permissions`
--
ALTER TABLE `permissions`
  ADD PRIMARY KEY (`id`);

--
-- Indexes for table `roles`
--
ALTER TABLE `roles`
  ADD PRIMARY KEY (`id`),
  ADD KEY `parent_role_id` (`parent_role_id`);

--
-- Indexes for table `role_permissions`
--
ALTER TABLE `role_permissions`
  ADD PRIMARY KEY (`id`);

--
-- Indexes for table `schedules`
--
ALTER TABLE `schedules`
  ADD PRIMARY KEY (`schedule_id`),
  ADD KEY `employee_id` (`employee_id`),
  ADD KEY `location_id` (`location_id`);

--
-- Indexes for table `settings`
--
ALTER TABLE `settings`
  ADD PRIMARY KEY (`id`);

--
-- Indexes for table `smtp_config`
--
ALTER TABLE `smtp_config`
  ADD PRIMARY KEY (`id`);

--
-- Indexes for table `task`
--
ALTER TABLE `task`
  ADD PRIMARY KEY (`id`),
  ADD KEY `category` (`category`),
  ADD KEY `assigned_to` (`assigned_to`),
  ADD KEY `deleted_by` (`deleted_by`),
  ADD KEY `fk_status` (`status`);

--
-- Indexes for table `tasks_status`
--
ALTER TABLE `tasks_status`
  ADD PRIMARY KEY (`id`);

--
-- Indexes for table `task_category`
--
ALTER TABLE `task_category`
  ADD PRIMARY KEY (`id`);

--
-- Indexes for table `task_comments`
--
ALTER TABLE `task_comments`
  ADD PRIMARY KEY (`id`),
  ADD KEY `task_id` (`task_id`);

--
-- Indexes for table `task_documents`
--
ALTER TABLE `task_documents`
  ADD PRIMARY KEY (`id`),
  ADD KEY `task_id` (`task_id`);

--
-- Indexes for table `task_history`
--
ALTER TABLE `task_history`
  ADD PRIMARY KEY (`id`),
  ADD KEY `task_id` (`task_id`);

--
-- Indexes for table `task_repeating`
--
ALTER TABLE `task_repeating`
  ADD PRIMARY KEY (`id`),
  ADD KEY `task_id` (`task_id`);

--
-- Indexes for table `time_entries`
--
ALTER TABLE `time_entries`
  ADD PRIMARY KEY (`id`),
  ADD KEY `employee_id` (`employee_id`),
  ADD KEY `approver` (`approver`),
  ADD KEY `fk_time_entries_location` (`location`);

--
-- Indexes for table `time_entry_edits`
--
ALTER TABLE `time_entry_edits`
  ADD PRIMARY KEY (`id`),
  ADD KEY `time_entry_id` (`time_entry_id`),
  ADD KEY `editor_id` (`editor_id`);

--
-- Indexes for table `users`
--
ALTER TABLE `users`
  ADD PRIMARY KEY (`id`);

--
-- Indexes for table `user_notification_preferences`
--
ALTER TABLE `user_notification_preferences`
  ADD PRIMARY KEY (`id`),
  ADD UNIQUE KEY `user_notification_preference` (`user_id`,`notification_type_id`),
  ADD KEY `notification_type_id` (`notification_type_id`);

--
-- Indexes for table `user_onboarding_stages`
--
ALTER TABLE `user_onboarding_stages`
  ADD PRIMARY KEY (`id`),
  ADD KEY `user_id` (`user_id`),
  ADD KEY `stage_id` (`stage_id`),
  ADD KEY `fk_completed_by` (`completed_by`);

--
-- Indexes for table `user_shift_schedule`
--
ALTER TABLE `user_shift_schedule`
  ADD PRIMARY KEY (`id`);

--
-- AUTO_INCREMENT for dumped tables
--

--
-- AUTO_INCREMENT for table `activity_logs`
--
ALTER TABLE `activity_logs`
  MODIFY `id` int NOT NULL AUTO_INCREMENT, AUTO_INCREMENT=981;

--
-- AUTO_INCREMENT for table `allowed_ip_address`
--
ALTER TABLE `allowed_ip_address`
  MODIFY `id` int NOT NULL AUTO_INCREMENT, AUTO_INCREMENT=14;

--
-- AUTO_INCREMENT for table `assigned_locations`
--
ALTER TABLE `assigned_locations`
  MODIFY `id` int NOT NULL AUTO_INCREMENT, AUTO_INCREMENT=420;

--
-- AUTO_INCREMENT for table `email_table`
--
ALTER TABLE `email_table`
  MODIFY `id` int NOT NULL AUTO_INCREMENT, AUTO_INCREMENT=712;

--
-- AUTO_INCREMENT for table `email_templates`
--
ALTER TABLE `email_templates`
  MODIFY `id` int NOT NULL AUTO_INCREMENT, AUTO_INCREMENT=2;

--
-- AUTO_INCREMENT for table `employee_status_change_form`
--
ALTER TABLE `employee_status_change_form`
  MODIFY `id` int NOT NULL AUTO_INCREMENT, AUTO_INCREMENT=92;

--
-- AUTO_INCREMENT for table `expenses`
--
ALTER TABLE `expenses`
  MODIFY `id` bigint UNSIGNED NOT NULL AUTO_INCREMENT, AUTO_INCREMENT=145;

--
-- AUTO_INCREMENT for table `expense_status`
--
ALTER TABLE `expense_status`
  MODIFY `id` int NOT NULL AUTO_INCREMENT, AUTO_INCREMENT=5;

--
-- AUTO_INCREMENT for table `jobs`
--
ALTER TABLE `jobs`
  MODIFY `id` int NOT NULL AUTO_INCREMENT;

--
-- AUTO_INCREMENT for table `leave_approvals`
--
ALTER TABLE `leave_approvals`
  MODIFY `id` int NOT NULL AUTO_INCREMENT;

--
-- AUTO_INCREMENT for table `leave_steps`
--
ALTER TABLE `leave_steps`
  MODIFY `id` int NOT NULL AUTO_INCREMENT;

--
-- AUTO_INCREMENT for table `leave_types`
--
ALTER TABLE `leave_types`
  MODIFY `id` int NOT NULL AUTO_INCREMENT, AUTO_INCREMENT=6;

--
-- AUTO_INCREMENT for table `location`
--
ALTER TABLE `location`
  MODIFY `location_id` int NOT NULL AUTO_INCREMENT, AUTO_INCREMENT=42;

--
-- AUTO_INCREMENT for table `location_logins`
--
ALTER TABLE `location_logins`
  MODIFY `id` int NOT NULL AUTO_INCREMENT, AUTO_INCREMENT=12;

--
-- AUTO_INCREMENT for table `manager_user`
--
ALTER TABLE `manager_user`
  MODIFY `id` int NOT NULL AUTO_INCREMENT;

--
-- AUTO_INCREMENT for table `notification_types`
--
ALTER TABLE `notification_types`
  MODIFY `id` int NOT NULL AUTO_INCREMENT, AUTO_INCREMENT=28;

--
-- AUTO_INCREMENT for table `onboarding_stages`
--
ALTER TABLE `onboarding_stages`
  MODIFY `id` int NOT NULL AUTO_INCREMENT, AUTO_INCREMENT=11;

--
-- AUTO_INCREMENT for table `parents`
--
ALTER TABLE `parents`
  MODIFY `id` int NOT NULL AUTO_INCREMENT, AUTO_INCREMENT=16;

--
-- AUTO_INCREMENT for table `parent_student`
--
ALTER TABLE `parent_student`
  MODIFY `id` int NOT NULL AUTO_INCREMENT, AUTO_INCREMENT=7;

--
-- AUTO_INCREMENT for table `payment_options`
--
ALTER TABLE `payment_options`
  MODIFY `id` int NOT NULL AUTO_INCREMENT, AUTO_INCREMENT=5;

--
-- AUTO_INCREMENT for table `payroll_Settings`
--
ALTER TABLE `payroll_Settings`
  MODIFY `id` int NOT NULL AUTO_INCREMENT;

--
-- AUTO_INCREMENT for table `permissions`
--
ALTER TABLE `permissions`
  MODIFY `id` int NOT NULL AUTO_INCREMENT, AUTO_INCREMENT=90;

--
-- AUTO_INCREMENT for table `roles`
--
ALTER TABLE `roles`
  MODIFY `id` int NOT NULL AUTO_INCREMENT, AUTO_INCREMENT=101;

--
-- AUTO_INCREMENT for table `role_permissions`
--
ALTER TABLE `role_permissions`
  MODIFY `id` int NOT NULL AUTO_INCREMENT, AUTO_INCREMENT=519;

--
-- AUTO_INCREMENT for table `schedules`
--
ALTER TABLE `schedules`
  MODIFY `schedule_id` int NOT NULL AUTO_INCREMENT, AUTO_INCREMENT=106;

--
-- AUTO_INCREMENT for table `settings`
--
ALTER TABLE `settings`
  MODIFY `id` int NOT NULL AUTO_INCREMENT, AUTO_INCREMENT=20;

--
-- AUTO_INCREMENT for table `smtp_config`
--
ALTER TABLE `smtp_config`
  MODIFY `id` int NOT NULL AUTO_INCREMENT, AUTO_INCREMENT=2;

--
-- AUTO_INCREMENT for table `task`
--
ALTER TABLE `task`
  MODIFY `id` int NOT NULL AUTO_INCREMENT, AUTO_INCREMENT=27;

--
-- AUTO_INCREMENT for table `tasks_status`
--
ALTER TABLE `tasks_status`
  MODIFY `id` int NOT NULL AUTO_INCREMENT, AUTO_INCREMENT=10;

--
-- AUTO_INCREMENT for table `task_category`
--
ALTER TABLE `task_category`
  MODIFY `id` int NOT NULL AUTO_INCREMENT, AUTO_INCREMENT=23;

--
-- AUTO_INCREMENT for table `task_comments`
--
ALTER TABLE `task_comments`
  MODIFY `id` int NOT NULL AUTO_INCREMENT, AUTO_INCREMENT=8;

--
-- AUTO_INCREMENT for table `task_documents`
--
ALTER TABLE `task_documents`
  MODIFY `id` int NOT NULL AUTO_INCREMENT, AUTO_INCREMENT=21;

--
-- AUTO_INCREMENT for table `task_history`
--
ALTER TABLE `task_history`
  MODIFY `id` int NOT NULL AUTO_INCREMENT;

--
-- AUTO_INCREMENT for table `task_repeating`
--
ALTER TABLE `task_repeating`
  MODIFY `id` int NOT NULL AUTO_INCREMENT, AUTO_INCREMENT=2;

--
-- AUTO_INCREMENT for table `time_entries`
--
ALTER TABLE `time_entries`
  MODIFY `id` int NOT NULL AUTO_INCREMENT, AUTO_INCREMENT=256;

--
-- AUTO_INCREMENT for table `time_entry_edits`
--
ALTER TABLE `time_entry_edits`
  MODIFY `id` int NOT NULL AUTO_INCREMENT, AUTO_INCREMENT=241;

--
-- AUTO_INCREMENT for table `users`
--
ALTER TABLE `users`
  MODIFY `id` int NOT NULL AUTO_INCREMENT, AUTO_INCREMENT=101;

--
-- AUTO_INCREMENT for table `user_notification_preferences`
--
ALTER TABLE `user_notification_preferences`
  MODIFY `id` int NOT NULL AUTO_INCREMENT, AUTO_INCREMENT=598;

--
-- AUTO_INCREMENT for table `user_onboarding_stages`
--
ALTER TABLE `user_onboarding_stages`
  MODIFY `id` int NOT NULL AUTO_INCREMENT, AUTO_INCREMENT=622;

--
-- AUTO_INCREMENT for table `user_shift_schedule`
--
ALTER TABLE `user_shift_schedule`
  MODIFY `id` int NOT NULL AUTO_INCREMENT, AUTO_INCREMENT=588;

--
-- Constraints for dumped tables
--

--
-- Constraints for table `assigned_locations`
--
ALTER TABLE `assigned_locations`
  ADD CONSTRAINT `assigned_locations_ibfk_1` FOREIGN KEY (`user_id`) REFERENCES `users` (`id`) ON DELETE CASCADE,
  ADD CONSTRAINT `assigned_locations_ibfk_2` FOREIGN KEY (`location_id`) REFERENCES `location` (`location_id`) ON DELETE CASCADE;

--
-- Constraints for table `employee_status_change_form`
--
ALTER TABLE `employee_status_change_form`
  ADD CONSTRAINT `employee_status_change_form_ibfk_1` FOREIGN KEY (`employee_id`) REFERENCES `users` (`id`),
  ADD CONSTRAINT `employee_status_change_form_ibfk_2` FOREIGN KEY (`old_location`) REFERENCES `location` (`location_id`),
  ADD CONSTRAINT `employee_status_change_form_ibfk_3` FOREIGN KEY (`new_location`) REFERENCES `location` (`location_id`),
  ADD CONSTRAINT `employee_status_change_form_ibfk_4` FOREIGN KEY (`old_role`) REFERENCES `roles` (`id`),
  ADD CONSTRAINT `employee_status_change_form_ibfk_5` FOREIGN KEY (`new_role`) REFERENCES `roles` (`id`);

--
-- Constraints for table `expenses`
--
ALTER TABLE `expenses`
  ADD CONSTRAINT `expenses_ibfk_1` FOREIGN KEY (`employee_id`) REFERENCES `users` (`id`),
  ADD CONSTRAINT `expenses_ibfk_2` FOREIGN KEY (`added_by`) REFERENCES `users` (`id`),
  ADD CONSTRAINT `expenses_ibfk_3` FOREIGN KEY (`last_updated_by`) REFERENCES `users` (`id`),
  ADD CONSTRAINT `expenses_ibfk_4` FOREIGN KEY (`approver_id`) REFERENCES `users` (`id`),
  ADD CONSTRAINT `fk_location_id` FOREIGN KEY (`location_id`) REFERENCES `location` (`location_id`);

--
-- Constraints for table `JobInterviewRounds`
--
ALTER TABLE `JobInterviewRounds`
  ADD CONSTRAINT `JobInterviewRounds_ibfk_1` FOREIGN KEY (`job_id`) REFERENCES `jobs` (`id`),
  ADD CONSTRAINT `JobInterviewRounds_ibfk_2` FOREIGN KEY (`role_id`) REFERENCES `roles` (`id`);

--
-- Constraints for table `jobs`
--
ALTER TABLE `jobs`
  ADD CONSTRAINT `jobs_ibfk_1` FOREIGN KEY (`location_id`) REFERENCES `location` (`location_id`),
  ADD CONSTRAINT `jobs_ibfk_2` FOREIGN KEY (`hiring_manager_id`) REFERENCES `users` (`id`);

--
-- Constraints for table `leave_approvals`
--
ALTER TABLE `leave_approvals`
  ADD CONSTRAINT `leave_approvals_ibfk_1` FOREIGN KEY (`leave_type_id`) REFERENCES `leave_types` (`id`);

--
-- Constraints for table `leave_steps`
--
ALTER TABLE `leave_steps`
  ADD CONSTRAINT `leave_steps_ibfk_1` FOREIGN KEY (`leave_type_id`) REFERENCES `leave_types` (`id`);

--
-- Constraints for table `location_logins`
--
ALTER TABLE `location_logins`
  ADD CONSTRAINT `fk_location` FOREIGN KEY (`location_id`) REFERENCES `location` (`location_id`);

--
-- Constraints for table `manager_user`
--
ALTER TABLE `manager_user`
  ADD CONSTRAINT `manager_user_ibfk_1` FOREIGN KEY (`employee_id`) REFERENCES `users` (`id`),
  ADD CONSTRAINT `manager_user_ibfk_2` FOREIGN KEY (`manager_id`) REFERENCES `users` (`id`);

--
-- Constraints for table `parents`
--
ALTER TABLE `parents`
  ADD CONSTRAINT `parents_ibfk_1` FOREIGN KEY (`location_id`) REFERENCES `location` (`location_id`),
  ADD CONSTRAINT `parents_ibfk_2` FOREIGN KEY (`created_by`) REFERENCES `users` (`id`),
  ADD CONSTRAINT `parents_ibfk_3` FOREIGN KEY (`last_updated_by`) REFERENCES `users` (`id`);

--
-- Constraints for table `parent_student`
--
ALTER TABLE `parent_student`
  ADD CONSTRAINT `parent_student_ibfk_1` FOREIGN KEY (`student_id`) REFERENCES `users` (`id`) ON DELETE SET NULL ON UPDATE CASCADE,
  ADD CONSTRAINT `parent_student_ibfk_2` FOREIGN KEY (`parent_id`) REFERENCES `users` (`id`) ON DELETE SET NULL ON UPDATE CASCADE,
  ADD CONSTRAINT `parent_student_ibfk_3` FOREIGN KEY (`created_by`) REFERENCES `users` (`id`) ON DELETE SET NULL,
  ADD CONSTRAINT `parent_student_ibfk_4` FOREIGN KEY (`updated_by`) REFERENCES `users` (`id`) ON DELETE SET NULL;

--
-- Constraints for table `roles`
--
ALTER TABLE `roles`
  ADD CONSTRAINT `roles_ibfk_1` FOREIGN KEY (`parent_role_id`) REFERENCES `roles` (`id`);

--
-- Constraints for table `schedules`
--
ALTER TABLE `schedules`
  ADD CONSTRAINT `schedules_ibfk_1` FOREIGN KEY (`employee_id`) REFERENCES `users` (`id`),
  ADD CONSTRAINT `schedules_ibfk_2` FOREIGN KEY (`location_id`) REFERENCES `location` (`location_id`);

--
-- Constraints for table `task`
--
ALTER TABLE `task`
  ADD CONSTRAINT `fk_status` FOREIGN KEY (`status`) REFERENCES `tasks_status` (`id`),
  ADD CONSTRAINT `task_ibfk_1` FOREIGN KEY (`category`) REFERENCES `task_category` (`id`),
  ADD CONSTRAINT `task_ibfk_2` FOREIGN KEY (`assigned_to`) REFERENCES `users` (`id`),
  ADD CONSTRAINT `task_ibfk_3` FOREIGN KEY (`deleted_by`) REFERENCES `users` (`id`);

--
-- Constraints for table `task_comments`
--
ALTER TABLE `task_comments`
  ADD CONSTRAINT `task_comments_ibfk_1` FOREIGN KEY (`task_id`) REFERENCES `task` (`id`);

--
-- Constraints for table `task_documents`
--
ALTER TABLE `task_documents`
  ADD CONSTRAINT `task_documents_ibfk_1` FOREIGN KEY (`task_id`) REFERENCES `task` (`id`);

--
-- Constraints for table `task_history`
--
ALTER TABLE `task_history`
  ADD CONSTRAINT `task_history_ibfk_1` FOREIGN KEY (`task_id`) REFERENCES `task` (`id`);

--
-- Constraints for table `task_repeating`
--
ALTER TABLE `task_repeating`
  ADD CONSTRAINT `task_repeating_ibfk_1` FOREIGN KEY (`task_id`) REFERENCES `task` (`id`) ON DELETE CASCADE;

--
-- Constraints for table `time_entries`
--
ALTER TABLE `time_entries`
  ADD CONSTRAINT `fk_time_entries_location` FOREIGN KEY (`location`) REFERENCES `location` (`location_id`),
  ADD CONSTRAINT `time_entries_ibfk_1` FOREIGN KEY (`employee_id`) REFERENCES `users` (`id`),
  ADD CONSTRAINT `time_entries_ibfk_2` FOREIGN KEY (`approver`) REFERENCES `users` (`id`);

--
-- Constraints for table `time_entry_edits`
--
ALTER TABLE `time_entry_edits`
  ADD CONSTRAINT `time_entry_edits_ibfk_1` FOREIGN KEY (`time_entry_id`) REFERENCES `time_entries` (`id`),
  ADD CONSTRAINT `time_entry_edits_ibfk_2` FOREIGN KEY (`editor_id`) REFERENCES `users` (`id`);

--
-- Constraints for table `user_notification_preferences`
--
ALTER TABLE `user_notification_preferences`
  ADD CONSTRAINT `user_notification_preferences_ibfk_1` FOREIGN KEY (`user_id`) REFERENCES `users` (`id`) ON DELETE CASCADE ON UPDATE CASCADE,
  ADD CONSTRAINT `user_notification_preferences_ibfk_2` FOREIGN KEY (`notification_type_id`) REFERENCES `notification_types` (`id`) ON DELETE CASCADE ON UPDATE CASCADE;

--
-- Constraints for table `user_onboarding_stages`
--
ALTER TABLE `user_onboarding_stages`
  ADD CONSTRAINT `fk_completed_by` FOREIGN KEY (`completed_by`) REFERENCES `users` (`id`),
  ADD CONSTRAINT `user_onboarding_stages_ibfk_1` FOREIGN KEY (`user_id`) REFERENCES `users` (`id`),
  ADD CONSTRAINT `user_onboarding_stages_ibfk_2` FOREIGN KEY (`stage_id`) REFERENCES `onboarding_stages` (`id`);
COMMIT;

/*!40101 SET CHARACTER_SET_CLIENT=@OLD_CHARACTER_SET_CLIENT */;
/*!40101 SET CHARACTER_SET_RESULTS=@OLD_CHARACTER_SET_RESULTS */;
/*!40101 SET COLLATION_CONNECTION=@OLD_COLLATION_CONNECTION */;
